Jan-21 22:37:57.195 [main] DEBUG nextflow.cli.Launcher - $> /cluster/projects/p1753/Software/nf-core-oncoanalyser_2.3.0/nextflow-25.04.8-dist run /ess/p1753/cluster/Software/nf-core-oncoanalyser_2.3.0/2_3_0 -profile singularity -c /ess/p1753/cluster/Software/nf-core-oncoanalyser_2.3.0/2_3_0/conf/custom.config -resume --mode targeted --panel tso500 --genome GRCh37_hmf --input /ess/p1753/cluster/TSO500_oncoanalyzer/samplesheet_two.csv --ref_data_hmf_data_path /cluster/projects/p1753/Software/hmftools/GRCh37_hmf/hmf_pipeline_resources.37_v2.3.0 --ref_data_panel_data_path /cluster/projects/p1753/Software/hmftools/GRCh37_hmf/hmf_panel_resources.tso500.37_v2.3.0 --max_cpus 60 --max_memory 480.GB --max_time 96.h --outdir /ess/p1753/cluster/TSO500_oncoanalyzer/tso500_select_rna_output_v2.3
Jan-21 22:37:57.367 [main] DEBUG nextflow.cli.CmdRun - N E X T F L O W  ~  version 25.04.8
Jan-21 22:37:57.439 [main] DEBUG nextflow.plugin.PluginsFacade - Setting up plugin manager > mode=prod; embedded=false; plugins-dir=/cluster/projects/p1753/Software/.nextflow/plugins; core-plugins: nf-amazon@2.15.0-patch2,nf-azure@1.16.0-patch1,nf-cloudcache@0.4.3,nf-codecommit@0.2.3,nf-console@1.2.1,nf-google@1.21.1,nf-k8s@1.0.1,nf-tower@1.11.4-patch2,nf-wave@1.12.1
Jan-21 22:37:57.519 [main] INFO  o.pf4j.DefaultPluginStatusProvider - Enabled plugins: []
Jan-21 22:37:57.520 [main] INFO  o.pf4j.DefaultPluginStatusProvider - Disabled plugins: []
Jan-21 22:37:57.525 [main] INFO  org.pf4j.DefaultPluginManager - PF4J version 3.12.0 in 'deployment' mode
Jan-21 22:37:57.593 [main] INFO  org.pf4j.AbstractPluginManager - No plugins
Jan-21 22:37:59.040 [main] DEBUG nextflow.config.ConfigBuilder - Found config base: /ess/p1753/cluster/Software/nf-core-oncoanalyser_2.3.0/2_3_0/nextflow.config
Jan-21 22:37:59.048 [main] DEBUG nextflow.config.ConfigBuilder - User config file: /ess/p1753/cluster/Software/nf-core-oncoanalyser_2.3.0/2_3_0/conf/custom.config
Jan-21 22:37:59.050 [main] DEBUG nextflow.config.ConfigBuilder - Parsing config file: /ess/p1753/cluster/Software/nf-core-oncoanalyser_2.3.0/2_3_0/nextflow.config
Jan-21 22:37:59.051 [main] DEBUG nextflow.config.ConfigBuilder - Parsing config file: /ess/p1753/cluster/Software/nf-core-oncoanalyser_2.3.0/2_3_0/conf/custom.config
Jan-21 22:37:59.079 [main] DEBUG n.secret.LocalSecretsProvider - Secrets store: /cluster/projects/p1753/Software/.nextflow/secrets/store.json
Jan-21 22:37:59.083 [main] DEBUG nextflow.secret.SecretsLoader - Discovered secrets providers: [nextflow.secret.LocalSecretsProvider@26c89563] - activable => nextflow.secret.LocalSecretsProvider@26c89563
Jan-21 22:37:59.104 [main] DEBUG nextflow.config.ConfigBuilder - Applying config profile: `singularity`
Jan-21 22:38:00.413 [main] DEBUG nextflow.config.ConfigBuilder - Applying config profile: `singularity`
Jan-21 22:38:00.476 [main] DEBUG nextflow.config.ConfigBuilder - Available config profiles: [emulate_amd64, debug, test, apptainer, gpu, wave, docker, shifter, test_stub, mamba, arm64, charliecloud, conda, singularity, test_full, podman]
Jan-21 22:38:00.485 [main] WARN  nextflow.config.ConfigBuilder - It appears you have never run this project before -- Option `-resume` is ignored
Jan-21 22:38:00.565 [main] DEBUG nextflow.cli.CmdRun - Applied DSL=2 by global default
Jan-21 22:38:00.589 [main] DEBUG nextflow.cli.CmdRun - Launching `/ess/p1753/cluster/Software/nf-core-oncoanalyser_2.3.0/2_3_0/main.nf` [festering_dijkstra] DSL2 - revision: 63a14d602d
Jan-21 22:38:00.591 [main] DEBUG nextflow.plugin.PluginsFacade - Plugins declared=[nf-schema@2.4.2]
Jan-21 22:38:00.592 [main] DEBUG nextflow.plugin.PluginsFacade - Plugins default=[]
Jan-21 22:38:00.592 [main] DEBUG nextflow.plugin.PluginsFacade - Plugins resolved requirement=[nf-schema@2.4.2]
Jan-21 22:38:00.594 [main] DEBUG nextflow.plugin.PluginUpdater - Installing plugin nf-schema version: 2.4.2
Jan-21 22:38:00.653 [main] INFO  org.pf4j.AbstractPluginManager - Plugin 'nf-schema@2.4.2' resolved
Jan-21 22:38:00.656 [main] INFO  org.pf4j.AbstractPluginManager - Start plugin 'nf-schema@2.4.2'
Jan-21 22:38:00.750 [main] DEBUG nextflow.plugin.BasePlugin - Plugin started nf-schema@2.4.2
Jan-21 22:38:00.823 [main] DEBUG nextflow.Session - Session UUID: 015a6d60-5b40-4471-b0f8-a7c9aedee5af
Jan-21 22:38:00.824 [main] DEBUG nextflow.Session - Run name: festering_dijkstra
Jan-21 22:38:00.824 [main] DEBUG nextflow.Session - Executor pool size: 120
Jan-21 22:38:00.835 [main] DEBUG nextflow.file.FilePorter - File porter settings maxRetries=3; maxTransfers=50; pollTimeout=null
Jan-21 22:38:00.842 [main] DEBUG nextflow.util.ThreadPoolBuilder - Creating thread pool 'FileTransfer' minSize=10; maxSize=360; workQueue=LinkedBlockingQueue[-1]; allowCoreThreadTimeout=false
Jan-21 22:38:00.893 [main] DEBUG nextflow.cli.CmdRun - 
  Version: 25.04.8 build 5956
  Created: 06-10-2025 21:19 UTC (23:19 CEST)
  System: Linux 5.14.0-427.18.1.el9_4.x86_64
  Runtime: Groovy 4.0.26 on OpenJDK 64-Bit Server VM 17.0.6+10
  Encoding: UTF-8 (UTF-8)
  Process: 2085252@c1-11.colossus.tsd.usit.no [10.10.1.11]
  CPUs: 120 - Mem: 503.3 GB (458.1 GB) - Swap: 4 GB (2.4 GB)
Jan-21 22:38:00.924 [main] DEBUG nextflow.Session - Work-dir: /gpfs/projects02/p1753/cluster/TSO500_oncoanalyzer/work [gpfs]
Jan-21 22:38:00.925 [main] DEBUG nextflow.Session - Script base path does not exist or is not a directory: /ess/p1753/cluster/Software/nf-core-oncoanalyser_2.3.0/2_3_0/bin
Jan-21 22:38:00.960 [main] DEBUG nextflow.executor.ExecutorFactory - Extension executors providers=[]
Jan-21 22:38:00.974 [main] DEBUG nextflow.Session - Observer factory: DefaultObserverFactory
Jan-21 22:38:01.009 [main] DEBUG nextflow.Session - Observer factory: ValidationObserverFactory
Jan-21 22:38:01.033 [main] DEBUG nextflow.Session - Observer factory (v2): LinObserverFactory
Jan-21 22:38:01.066 [main] DEBUG nextflow.cache.CacheFactory - Using Nextflow cache factory: nextflow.cache.DefaultCacheFactory
Jan-21 22:38:01.080 [main] DEBUG nextflow.util.CustomThreadPool - Creating default thread pool > poolSize: 121; maxThreads: 1000
Jan-21 22:38:01.283 [main] DEBUG nextflow.Session - Session start
Jan-21 22:38:01.288 [main] DEBUG nextflow.trace.TraceFileObserver - Workflow started -- trace file: /ess/p1753/cluster/TSO500_oncoanalyzer/tso500_select_rna_output_v2.3/pipeline_info/execution_trace_2026-01-21_22-37-59.txt
Jan-21 22:38:01.302 [main] DEBUG nextflow.Session - Using default localLib path: /ess/p1753/cluster/Software/nf-core-oncoanalyser_2.3.0/2_3_0/lib
Jan-21 22:38:01.310 [main] DEBUG nextflow.Session - Adding to the classpath library: /ess/p1753/cluster/Software/nf-core-oncoanalyser_2.3.0/2_3_0/lib
Jan-21 22:38:02.796 [main] DEBUG nextflow.script.ScriptRunner - > Launching execution
Jan-21 22:38:03.293 [main] DEBUG nextflow.script.IncludeDef - Loading included plugin extensions with names: [paramsSummaryLog:paramsSummaryLog]; plugin Id: nf-schema
Jan-21 22:38:03.359 [main] DEBUG n.validation.config.ValidationConfig - Set `validation.lenientMode` to true
Jan-21 22:38:03.360 [main] DEBUG n.validation.config.ValidationConfig - Set `validation.monochromeLogs` to false
Jan-21 22:38:03.363 [main] DEBUG n.validation.config.ValidationConfig - Added the following parameters to the ignored parameters: [genomes, hmf_data_paths, panel_data_paths, ref_data_genome_fasta, ref_data_genome_fai, ref_data_genome_dict, ref_data_genome_bwamem2_index, ref_data_genome_img, ref_data_genome_gridss_index, ref_data_genome_star_index, ref_data_genome_alt, ref_data_genome_gtf, genome_type, genome_version, panel, ref_data_hmf_data_path, ref_data_panel_data_path, ref_data_virusbreakenddb_path, fastp_umi_length, fastp_umi_location, fastp_umi_skip, redux_umi_duplex_delim, prepare_reference_only]
Jan-21 22:38:03.374 [main] DEBUG nextflow.script.IncludeDef - Loading included plugin extensions with names: [validateParameters:validateParameters]; plugin Id: nf-schema
Jan-21 22:38:03.375 [main] DEBUG nextflow.script.IncludeDef - Loading included plugin extensions with names: [paramsHelp:paramsHelp]; plugin Id: nf-schema
Jan-21 22:38:03.396 [main] DEBUG nextflow.script.IncludeDef - Loading included plugin extensions with names: [paramsSummaryMap:paramsSummaryMap]; plugin Id: nf-schema
Jan-21 22:38:03.397 [main] DEBUG nextflow.script.IncludeDef - Loading included plugin extensions with names: [samplesheetToList:samplesheetToList]; plugin Id: nf-schema
Jan-21 22:38:03.398 [main] DEBUG nextflow.script.IncludeDef - Loading included plugin extensions with names: [paramsHelp:paramsHelp]; plugin Id: nf-schema
Jan-21 22:38:25.090 [main] INFO  nextflow.Nextflow - 
-[2m----------------------------------------------------[0m-
                                        [0;32m,--.[0;30m/[0;32m,-.[0m
[0;34m        ___     __   __   __   ___     [0;32m/,-._.--~'[0m
[0;34m  |\ | |__  __ /  ` /  \ |__) |__         [0;33m}  {[0m
[0;34m  | \| |       \__, \__/ |  \ |___     [0;32m\`-._,-`-,[0m
                                        [0;32m`._,._,'[0m
[0;35m  nf-core/oncoanalyser 2.3.0[0m
-[2m----------------------------------------------------[0m-

Jan-21 22:38:25.210 [main] INFO  nextflow.Nextflow - [1mInput/output options[0m
  [0;34minput                        : [0;32m/ess/p1753/cluster/TSO500_oncoanalyzer/samplesheet_two.csv[0m
  [0;34moutdir                       : [0;32m/ess/p1753/cluster/TSO500_oncoanalyzer/tso500_select_rna_output_v2.3[0m

[1mOther options[0m
  [0;34mmode                         : [0;32mtargeted[0m
  [0;34mpanel                        : [0;32mtso500[0m

[1mReference data options[0m
  [0;34mgenome                       : [0;32mGRCh37_hmf[0m
  [0;34mgenome_version               : [0;32m37[0m
  [0;34mgenome_type                  : [0;32mno_alt[0m
  [0;34migenomes_base                : [0;32m[0m
  [0;34mhmf_genomes_base             : [0;32m/ess/p1753/cluster/Software/hmftools/[0m
  [0;34mref_data_hmf_data_path       : [0;32m/cluster/projects/p1753/Software/hmftools/GRCh37_hmf/hmf_pipeline_resources.37_v2.3.0[0m
  [0;34mref_data_panel_data_path     : [0;32m/cluster/projects/p1753/Software/hmftools/GRCh37_hmf/hmf_panel_resources.tso500.37_v2.3.0[0m
  [0;34mref_data_genome_fasta        : [0;32m/ess/p1753/cluster/Software/hmftools//GRCh37_hmf/25.1/Homo_sapiens.GRCh37.GATK.illumina.fasta[0m
  [0;34mref_data_genome_fai          : [0;32m/ess/p1753/cluster/Software/hmftools//GRCh37_hmf/25.1/Homo_sapiens.GRCh37.GATK.illumina.fasta.fai[0m
  [0;34mref_data_genome_dict         : [0;32m/ess/p1753/cluster/Software/hmftools//GRCh37_hmf/25.1/Homo_sapiens.GRCh37.GATK.illumina.fasta.dict[0m
  [0;34mref_data_genome_bwamem2_index: [0;32m/ess/p1753/cluster/Software/hmftools//GRCh37_hmf/25.1/bwa-mem2_index-2.2.1.tar.gz[0m
  [0;34mref_data_genome_img          : [0;32m/ess/p1753/cluster/Software/hmftools//GRCh37_hmf/25.1/Homo_sapiens.GRCh37.GATK.illumina.fasta.img[0m
  [0;34mref_data_genome_gridss_index : [0;32m/ess/p1753/cluster/Software/hmftools//GRCh37_hmf/25.1/gridss_index-2.13.2.tar.gz[0m
  [0;34mref_data_genome_star_index   : [0;32m/ess/p1753/cluster/Software/hmftools//GRCh37_hmf/25.1/star_index-gencode_19-2.7.3a.tar.gz[0m

[1mGeneric options[0m
  [0;34mtrace_report_suffix          : [0;32m2026-01-21_22-37-59[0m

[1mCore Nextflow options[0m
  [0;34mrunName                      : [0;32mfestering_dijkstra[0m
  [0;34mcontainerEngine              : [0;32msingularity[0m
  [0;34mlaunchDir                    : [0;32m/gpfs/projects02/p1753/cluster/TSO500_oncoanalyzer[0m
  [0;34mworkDir                      : [0;32m/gpfs/projects02/p1753/cluster/TSO500_oncoanalyzer/work[0m
  [0;34mprojectDir                   : [0;32m/ess/p1753/cluster/Software/nf-core-oncoanalyser_2.3.0/2_3_0[0m
  [0;34muserName                     : [0;32mp1753-senz[0m
  [0;34mprofile                      : [0;32msingularity[0m
  [0;34mconfigFiles                  : [0;32m/ess/p1753/cluster/Software/nf-core-oncoanalyser_2.3.0/2_3_0/nextflow.config, /ess/p1753/cluster/Software/nf-core-oncoanalyser_2.3.0/2_3_0/conf/custom.config[0m

!! Only displaying parameters that differ from the pipeline defaults !!
-[2m----------------------------------------------------[0m-
Jan-21 22:38:25.212 [main] INFO  nextflow.Nextflow - 
* The nf-core framework
    https://doi.org/10.1038/s41587-020-0439-x

* Software dependencies
    https://github.com/nf-core/oncoanalyser/blob/master/CITATIONS.md

Jan-21 22:38:25.239 [main] DEBUG n.v.parameters.ParameterValidator - Starting parameters validation
Jan-21 22:38:25.653 [main] DEBUG n.v.v.evaluators.SchemaEvaluator - Started validating /ess/p1753/cluster/TSO500_oncoanalyzer/samplesheet_two.csv
Jan-21 22:38:25.827 [main] DEBUG n.v.v.evaluators.SchemaEvaluator - Validation of file '/ess/p1753/cluster/TSO500_oncoanalyzer/samplesheet_two.csv' passed!
Jan-21 22:38:25.868 [main] WARN  n.v.parameters.ParameterValidator - The following invalid input values have been detected:

* --max_cpus: 60
* --max_memory: 480.GB
* --max_time: 96.h


Jan-21 22:38:25.872 [main] DEBUG n.v.parameters.ParameterValidator - Finishing parameters validation
Jan-21 22:38:26.020 [main] DEBUG nextflow.script.ProcessConfig - Config settings `withLabel:process_single` matches labels `process_single` for process with name NFCORE_ONCOANALYSER:TARGETED:PREPARE_REFERENCE:DECOMP_BWAMEM2_INDEX
Jan-21 22:38:26.043 [main] DEBUG nextflow.executor.ExecutorFactory - << taskConfig executor: null
Jan-21 22:38:26.044 [main] DEBUG nextflow.executor.ExecutorFactory - >> processorType: 'local'
Jan-21 22:38:26.055 [main] DEBUG nextflow.executor.Executor - [warm up] executor > local
Jan-21 22:38:26.064 [main] DEBUG n.processor.LocalPollingMonitor - Creating local task monitor for executor 'local' > cpus=120; memory=503.3 GB; capacity=120; pollInterval=100ms; dumpInterval=5m
Jan-21 22:38:26.067 [main] DEBUG n.processor.TaskPollingMonitor - >>> barrier register (monitor: local)
Jan-21 22:38:26.100 [main] DEBUG nextflow.processor.TaskProcessor - Creating process 'NFCORE_ONCOANALYSER:TARGETED:PREPARE_REFERENCE:DECOMP_BWAMEM2_INDEX': maxForks=0; fair=false; array=0
Jan-21 22:38:26.154 [main] DEBUG nextflow.script.ProcessConfig - Config settings `withLabel:process_single` matches labels `process_single` for process with name NFCORE_ONCOANALYSER:TARGETED:PREPARE_REFERENCE:DECOMP_STAR_INDEX
Jan-21 22:38:26.164 [main] DEBUG nextflow.executor.ExecutorFactory - << taskConfig executor: null
Jan-21 22:38:26.164 [main] DEBUG nextflow.executor.ExecutorFactory - >> processorType: 'local'
Jan-21 22:38:26.166 [main] DEBUG nextflow.processor.TaskProcessor - Creating process 'NFCORE_ONCOANALYSER:TARGETED:PREPARE_REFERENCE:DECOMP_STAR_INDEX': maxForks=0; fair=false; array=0
Jan-21 22:38:26.308 [main] DEBUG nextflow.script.ProcessConfig - Config settings `withLabel:process_medium` matches labels `process_medium` for process with name NFCORE_ONCOANALYSER:TARGETED:READ_ALIGNMENT_DNA:FASTP
Jan-21 22:38:26.310 [main] DEBUG nextflow.script.ProcessConfig - Config settings `withName:FASTP` matches process NFCORE_ONCOANALYSER:TARGETED:READ_ALIGNMENT_DNA:FASTP
Jan-21 22:38:26.324 [main] DEBUG nextflow.executor.ExecutorFactory - << taskConfig executor: null
Jan-21 22:38:26.324 [main] DEBUG nextflow.executor.ExecutorFactory - >> processorType: 'local'
Jan-21 22:38:26.325 [main] DEBUG nextflow.processor.TaskProcessor - Creating process 'NFCORE_ONCOANALYSER:TARGETED:READ_ALIGNMENT_DNA:FASTP': maxForks=0; fair=false; array=0
Jan-21 22:38:26.542 [main] DEBUG nextflow.script.ProcessConfig - Config settings `withLabel:process_high` matches labels `process_high` for process with name NFCORE_ONCOANALYSER:TARGETED:READ_ALIGNMENT_DNA:BWAMEM2_ALIGN
Jan-21 22:38:26.549 [main] DEBUG nextflow.executor.ExecutorFactory - << taskConfig executor: null
Jan-21 22:38:26.550 [main] DEBUG nextflow.executor.ExecutorFactory - >> processorType: 'local'
Jan-21 22:38:26.551 [main] DEBUG nextflow.processor.TaskProcessor - Creating process 'NFCORE_ONCOANALYSER:TARGETED:READ_ALIGNMENT_DNA:BWAMEM2_ALIGN': maxForks=0; fair=false; array=0
Jan-21 22:38:26.655 [main] DEBUG nextflow.script.ProcessConfig - Config settings `withLabel:process_high` matches labels `process_high` for process with name NFCORE_ONCOANALYSER:TARGETED:READ_ALIGNMENT_RNA:STAR_ALIGN
Jan-21 22:38:26.661 [main] DEBUG nextflow.executor.ExecutorFactory - << taskConfig executor: null
Jan-21 22:38:26.662 [main] DEBUG nextflow.executor.ExecutorFactory - >> processorType: 'local'
Jan-21 22:38:26.663 [main] DEBUG nextflow.processor.TaskProcessor - Creating process 'NFCORE_ONCOANALYSER:TARGETED:READ_ALIGNMENT_RNA:STAR_ALIGN': maxForks=0; fair=false; array=0
Jan-21 22:38:26.681 [main] DEBUG nextflow.script.ProcessConfig - Config settings `withLabel:process_medium` matches labels `process_medium` for process with name NFCORE_ONCOANALYSER:TARGETED:READ_ALIGNMENT_RNA:SAMTOOLS_SORT
Jan-21 22:38:26.687 [main] DEBUG nextflow.executor.ExecutorFactory - << taskConfig executor: null
Jan-21 22:38:26.688 [main] DEBUG nextflow.executor.ExecutorFactory - >> processorType: 'local'
Jan-21 22:38:26.689 [main] DEBUG nextflow.processor.TaskProcessor - Creating process 'NFCORE_ONCOANALYSER:TARGETED:READ_ALIGNMENT_RNA:SAMTOOLS_SORT': maxForks=0; fair=false; array=0
Jan-21 22:38:26.730 [main] DEBUG nextflow.script.ProcessConfig - Config settings `withLabel:process_medium` matches labels `process_medium` for process with name NFCORE_ONCOANALYSER:TARGETED:READ_ALIGNMENT_RNA:SAMBAMBA_MERGE
Jan-21 22:38:26.736 [main] DEBUG nextflow.executor.ExecutorFactory - << taskConfig executor: null
Jan-21 22:38:26.736 [main] DEBUG nextflow.executor.ExecutorFactory - >> processorType: 'local'
Jan-21 22:38:26.737 [main] DEBUG nextflow.processor.TaskProcessor - Creating process 'NFCORE_ONCOANALYSER:TARGETED:READ_ALIGNMENT_RNA:SAMBAMBA_MERGE': maxForks=0; fair=false; array=0
Jan-21 22:38:26.778 [main] DEBUG nextflow.script.ProcessConfig - Config settings `withLabel:process_medium` matches labels `process_medium` for process with name NFCORE_ONCOANALYSER:TARGETED:READ_ALIGNMENT_RNA:GATK4_MARKDUPLICATES
Jan-21 22:38:26.779 [main] DEBUG nextflow.script.ProcessConfig - Config settings `withName:GATK4_MARKDUPLICATES` matches process NFCORE_ONCOANALYSER:TARGETED:READ_ALIGNMENT_RNA:GATK4_MARKDUPLICATES
Jan-21 22:38:26.787 [main] DEBUG nextflow.executor.ExecutorFactory - << taskConfig executor: null
Jan-21 22:38:26.787 [main] DEBUG nextflow.executor.ExecutorFactory - >> processorType: 'local'
Jan-21 22:38:26.789 [main] DEBUG nextflow.processor.TaskProcessor - Creating process 'NFCORE_ONCOANALYSER:TARGETED:READ_ALIGNMENT_RNA:GATK4_MARKDUPLICATES': maxForks=0; fair=false; array=0
Jan-21 22:38:26.922 [main] DEBUG nextflow.script.ProcessConfig - Config settings `withLabel:process_high` matches labels `process_high` for process with name NFCORE_ONCOANALYSER:TARGETED:REDUX_PROCESSING:REDUX
Jan-21 22:38:26.923 [main] DEBUG nextflow.script.ProcessConfig - Config settings `withName:REDUX` matches process NFCORE_ONCOANALYSER:TARGETED:REDUX_PROCESSING:REDUX
Jan-21 22:38:26.931 [main] DEBUG nextflow.executor.ExecutorFactory - << taskConfig executor: null
Jan-21 22:38:26.931 [main] DEBUG nextflow.executor.ExecutorFactory - >> processorType: 'local'
Jan-21 22:38:26.932 [main] DEBUG nextflow.processor.TaskProcessor - Creating process 'NFCORE_ONCOANALYSER:TARGETED:REDUX_PROCESSING:REDUX': maxForks=0; fair=false; array=0
Jan-21 22:38:27.071 [main] DEBUG nextflow.script.ProcessConfig - Config settings `withLabel:process_high` matches labels `process_high` for process with name NFCORE_ONCOANALYSER:TARGETED:ISOFOX_QUANTIFICATION:ISOFOX
Jan-21 22:38:27.073 [main] DEBUG nextflow.script.ProcessConfig - Config settings `withName:ISOFOX` matches process NFCORE_ONCOANALYSER:TARGETED:ISOFOX_QUANTIFICATION:ISOFOX
Jan-21 22:38:27.078 [main] DEBUG nextflow.executor.ExecutorFactory - << taskConfig executor: null
Jan-21 22:38:27.078 [main] DEBUG nextflow.executor.ExecutorFactory - >> processorType: 'local'
Jan-21 22:38:27.079 [main] DEBUG nextflow.processor.TaskProcessor - Creating process 'NFCORE_ONCOANALYSER:TARGETED:ISOFOX_QUANTIFICATION:ISOFOX': maxForks=0; fair=false; array=0
Jan-21 22:38:27.163 [main] DEBUG nextflow.script.ProcessConfig - Config settings `withLabel:process_high` matches labels `process_high` for process with name NFCORE_ONCOANALYSER:TARGETED:AMBER_PROFILING:AMBER
Jan-21 22:38:27.164 [main] DEBUG nextflow.script.ProcessConfig - Config settings `withName:AMBER` matches process NFCORE_ONCOANALYSER:TARGETED:AMBER_PROFILING:AMBER
Jan-21 22:38:27.169 [main] DEBUG nextflow.executor.ExecutorFactory - << taskConfig executor: null
Jan-21 22:38:27.170 [main] DEBUG nextflow.executor.ExecutorFactory - >> processorType: 'local'
Jan-21 22:38:27.170 [main] DEBUG nextflow.processor.TaskProcessor - Creating process 'NFCORE_ONCOANALYSER:TARGETED:AMBER_PROFILING:AMBER': maxForks=0; fair=false; array=0
Jan-21 22:38:27.269 [main] DEBUG nextflow.script.ProcessConfig - Config settings `withLabel:process_high` matches labels `process_high` for process with name NFCORE_ONCOANALYSER:TARGETED:COBALT_PROFILING:COBALT
Jan-21 22:38:27.270 [main] DEBUG nextflow.script.ProcessConfig - Config settings `withName:COBALT` matches process NFCORE_ONCOANALYSER:TARGETED:COBALT_PROFILING:COBALT
Jan-21 22:38:27.275 [main] DEBUG nextflow.executor.ExecutorFactory - << taskConfig executor: null
Jan-21 22:38:27.275 [main] DEBUG nextflow.executor.ExecutorFactory - >> processorType: 'local'
Jan-21 22:38:27.276 [main] DEBUG nextflow.processor.TaskProcessor - Creating process 'NFCORE_ONCOANALYSER:TARGETED:COBALT_PROFILING:COBALT': maxForks=0; fair=false; array=0
Jan-21 22:38:27.374 [main] DEBUG nextflow.script.ProcessConfig - Config settings `withLabel:process_high` matches labels `process_high` for process with name NFCORE_ONCOANALYSER:TARGETED:ESVEE_CALLING:ESVEE
Jan-21 22:38:27.378 [main] DEBUG nextflow.script.ProcessConfig - Config settings `withName:.*:ESVEE_CALLING:ESVEE` matches process NFCORE_ONCOANALYSER:TARGETED:ESVEE_CALLING:ESVEE
Jan-21 22:38:27.384 [main] DEBUG nextflow.executor.ExecutorFactory - << taskConfig executor: null
Jan-21 22:38:27.384 [main] DEBUG nextflow.executor.ExecutorFactory - >> processorType: 'local'
Jan-21 22:38:27.385 [main] DEBUG nextflow.processor.TaskProcessor - Creating process 'NFCORE_ONCOANALYSER:TARGETED:ESVEE_CALLING:ESVEE': maxForks=0; fair=false; array=0
Jan-21 22:38:27.546 [main] DEBUG nextflow.script.ProcessConfig - Config settings `withLabel:process_high` matches labels `process_high` for process with name NFCORE_ONCOANALYSER:TARGETED:SAGE_CALLING:SAGE_GERMLINE
Jan-21 22:38:27.548 [main] DEBUG nextflow.script.ProcessConfig - Config settings `withName:.*:SAGE_CALLING:SAGE_GERMLINE` matches process NFCORE_ONCOANALYSER:TARGETED:SAGE_CALLING:SAGE_GERMLINE
Jan-21 22:38:27.553 [main] DEBUG nextflow.executor.ExecutorFactory - << taskConfig executor: null
Jan-21 22:38:27.553 [main] DEBUG nextflow.executor.ExecutorFactory - >> processorType: 'local'
Jan-21 22:38:27.554 [main] DEBUG nextflow.processor.TaskProcessor - Creating process 'NFCORE_ONCOANALYSER:TARGETED:SAGE_CALLING:SAGE_GERMLINE': maxForks=0; fair=false; array=0
Jan-21 22:38:27.593 [main] DEBUG nextflow.script.ProcessConfig - Config settings `withLabel:process_high` matches labels `process_high` for process with name NFCORE_ONCOANALYSER:TARGETED:SAGE_CALLING:SAGE_SOMATIC
Jan-21 22:38:27.596 [main] DEBUG nextflow.script.ProcessConfig - Config settings `withName:.*:SAGE_CALLING:SAGE_SOMATIC` matches process NFCORE_ONCOANALYSER:TARGETED:SAGE_CALLING:SAGE_SOMATIC
Jan-21 22:38:27.600 [main] DEBUG nextflow.executor.ExecutorFactory - << taskConfig executor: null
Jan-21 22:38:27.601 [main] DEBUG nextflow.executor.ExecutorFactory - >> processorType: 'local'
Jan-21 22:38:27.601 [main] DEBUG nextflow.processor.TaskProcessor - Creating process 'NFCORE_ONCOANALYSER:TARGETED:SAGE_CALLING:SAGE_SOMATIC': maxForks=0; fair=false; array=0
Jan-21 22:38:27.774 [main] DEBUG nextflow.script.ProcessConfig - Config settings `withLabel:process_medium` matches labels `process_medium` for process with name NFCORE_ONCOANALYSER:TARGETED:PAVE_ANNOTATION:PAVE_GERMLINE
Jan-21 22:38:27.776 [main] DEBUG nextflow.script.ProcessConfig - Config settings `withName:.*:PAVE_ANNOTATION:PAVE_(?:GERMLINE|SOMATIC)` matches process NFCORE_ONCOANALYSER:TARGETED:PAVE_ANNOTATION:PAVE_GERMLINE
Jan-21 22:38:27.781 [main] DEBUG nextflow.executor.ExecutorFactory - << taskConfig executor: null
Jan-21 22:38:27.781 [main] DEBUG nextflow.executor.ExecutorFactory - >> processorType: 'local'
Jan-21 22:38:27.782 [main] DEBUG nextflow.processor.TaskProcessor - Creating process 'NFCORE_ONCOANALYSER:TARGETED:PAVE_ANNOTATION:PAVE_GERMLINE': maxForks=0; fair=false; array=0
Jan-21 22:38:27.824 [main] DEBUG nextflow.script.ProcessConfig - Config settings `withLabel:process_medium` matches labels `process_medium` for process with name NFCORE_ONCOANALYSER:TARGETED:PAVE_ANNOTATION:PAVE_SOMATIC
Jan-21 22:38:27.827 [main] DEBUG nextflow.script.ProcessConfig - Config settings `withName:.*:PAVE_ANNOTATION:PAVE_(?:GERMLINE|SOMATIC)` matches process NFCORE_ONCOANALYSER:TARGETED:PAVE_ANNOTATION:PAVE_SOMATIC
Jan-21 22:38:27.831 [main] DEBUG nextflow.executor.ExecutorFactory - << taskConfig executor: null
Jan-21 22:38:27.832 [main] DEBUG nextflow.executor.ExecutorFactory - >> processorType: 'local'
Jan-21 22:38:27.833 [main] DEBUG nextflow.processor.TaskProcessor - Creating process 'NFCORE_ONCOANALYSER:TARGETED:PAVE_ANNOTATION:PAVE_SOMATIC': maxForks=0; fair=false; array=0
Jan-21 22:38:27.978 [main] DEBUG nextflow.script.ProcessConfig - Config settings `withLabel:process_medium` matches labels `process_medium` for process with name NFCORE_ONCOANALYSER:TARGETED:PURPLE_CALLING:PURPLE
Jan-21 22:38:27.979 [main] DEBUG nextflow.script.ProcessConfig - Config settings `withName:PURPLE` matches process NFCORE_ONCOANALYSER:TARGETED:PURPLE_CALLING:PURPLE
Jan-21 22:38:27.984 [main] DEBUG nextflow.executor.ExecutorFactory - << taskConfig executor: null
Jan-21 22:38:27.984 [main] DEBUG nextflow.executor.ExecutorFactory - >> processorType: 'local'
Jan-21 22:38:27.985 [main] DEBUG nextflow.processor.TaskProcessor - Creating process 'NFCORE_ONCOANALYSER:TARGETED:PURPLE_CALLING:PURPLE': maxForks=0; fair=false; array=0
Jan-21 22:38:28.103 [main] DEBUG nextflow.script.ProcessConfig - Config settings `withLabel:process_medium` matches labels `process_medium` for process with name NFCORE_ONCOANALYSER:TARGETED:SAGE_APPEND:SAGE_APPEND_GERMLINE
Jan-21 22:38:28.106 [main] DEBUG nextflow.script.ProcessConfig - Config settings `withName:.*:SAGE_APPEND:SAGE_APPEND_GERMLINE` matches process NFCORE_ONCOANALYSER:TARGETED:SAGE_APPEND:SAGE_APPEND_GERMLINE
Jan-21 22:38:28.110 [main] DEBUG nextflow.executor.ExecutorFactory - << taskConfig executor: null
Jan-21 22:38:28.110 [main] DEBUG nextflow.executor.ExecutorFactory - >> processorType: 'local'
Jan-21 22:38:28.111 [main] DEBUG nextflow.processor.TaskProcessor - Creating process 'NFCORE_ONCOANALYSER:TARGETED:SAGE_APPEND:SAGE_APPEND_GERMLINE': maxForks=0; fair=false; array=0
Jan-21 22:38:28.136 [main] DEBUG nextflow.script.ProcessConfig - Config settings `withLabel:process_medium` matches labels `process_medium` for process with name NFCORE_ONCOANALYSER:TARGETED:SAGE_APPEND:SAGE_APPEND_SOMATIC
Jan-21 22:38:28.140 [main] DEBUG nextflow.script.ProcessConfig - Config settings `withName:.*:SAGE_APPEND:SAGE_APPEND_SOMATIC` matches process NFCORE_ONCOANALYSER:TARGETED:SAGE_APPEND:SAGE_APPEND_SOMATIC
Jan-21 22:38:28.144 [main] DEBUG nextflow.executor.ExecutorFactory - << taskConfig executor: null
Jan-21 22:38:28.144 [main] DEBUG nextflow.executor.ExecutorFactory - >> processorType: 'local'
Jan-21 22:38:28.145 [main] DEBUG nextflow.processor.TaskProcessor - Creating process 'NFCORE_ONCOANALYSER:TARGETED:SAGE_APPEND:SAGE_APPEND_SOMATIC': maxForks=0; fair=false; array=0
Jan-21 22:38:28.256 [main] DEBUG nextflow.script.ProcessConfig - Config settings `withLabel:process_low` matches labels `process_low` for process with name NFCORE_ONCOANALYSER:TARGETED:LINX_ANNOTATION:LINX_GERMLINE
Jan-21 22:38:28.258 [main] DEBUG nextflow.script.ProcessConfig - Config settings `withName:.*:LINX_ANNOTATION:LINX_GERMLINE` matches process NFCORE_ONCOANALYSER:TARGETED:LINX_ANNOTATION:LINX_GERMLINE
Jan-21 22:38:28.262 [main] DEBUG nextflow.executor.ExecutorFactory - << taskConfig executor: null
Jan-21 22:38:28.262 [main] DEBUG nextflow.executor.ExecutorFactory - >> processorType: 'local'
Jan-21 22:38:28.262 [main] DEBUG nextflow.processor.TaskProcessor - Creating process 'NFCORE_ONCOANALYSER:TARGETED:LINX_ANNOTATION:LINX_GERMLINE': maxForks=0; fair=false; array=0
Jan-21 22:38:28.292 [main] DEBUG nextflow.script.ProcessConfig - Config settings `withLabel:process_low` matches labels `process_low` for process with name NFCORE_ONCOANALYSER:TARGETED:LINX_ANNOTATION:LINX_SOMATIC
Jan-21 22:38:28.294 [main] DEBUG nextflow.script.ProcessConfig - Config settings `withName:.*:LINX_ANNOTATION:LINX_SOMATIC` matches process NFCORE_ONCOANALYSER:TARGETED:LINX_ANNOTATION:LINX_SOMATIC
Jan-21 22:38:28.298 [main] DEBUG nextflow.executor.ExecutorFactory - << taskConfig executor: null
Jan-21 22:38:28.298 [main] DEBUG nextflow.executor.ExecutorFactory - >> processorType: 'local'
Jan-21 22:38:28.299 [main] DEBUG nextflow.processor.TaskProcessor - Creating process 'NFCORE_ONCOANALYSER:TARGETED:LINX_ANNOTATION:LINX_SOMATIC': maxForks=0; fair=false; array=0
Jan-21 22:38:28.442 [main] DEBUG nextflow.script.ProcessConfig - Config settings `withLabel:process_medium` matches labels `process_medium` for process with name NFCORE_ONCOANALYSER:TARGETED:LINX_PLOTTING:LINX_VISUALISER
Jan-21 22:38:28.445 [main] DEBUG nextflow.script.ProcessConfig - Config settings `withName:.*:LINX_PLOTTING:LINX_VISUALISER` matches process NFCORE_ONCOANALYSER:TARGETED:LINX_PLOTTING:LINX_VISUALISER
Jan-21 22:38:28.448 [main] DEBUG nextflow.executor.ExecutorFactory - << taskConfig executor: null
Jan-21 22:38:28.449 [main] DEBUG nextflow.executor.ExecutorFactory - >> processorType: 'local'
Jan-21 22:38:28.449 [main] DEBUG nextflow.processor.TaskProcessor - Creating process 'NFCORE_ONCOANALYSER:TARGETED:LINX_PLOTTING:LINX_VISUALISER': maxForks=0; fair=false; array=0
Jan-21 22:38:28.508 [main] DEBUG nextflow.script.ProcessConfig - Config settings `withLabel:process_single` matches labels `process_single` for process with name NFCORE_ONCOANALYSER:TARGETED:LINX_PLOTTING:LINXREPORT
Jan-21 22:38:28.510 [main] DEBUG nextflow.script.ProcessConfig - Config settings `withName:.*:LINX_PLOTTING:LINXREPORT` matches process NFCORE_ONCOANALYSER:TARGETED:LINX_PLOTTING:LINXREPORT
Jan-21 22:38:28.513 [main] DEBUG nextflow.executor.ExecutorFactory - << taskConfig executor: null
Jan-21 22:38:28.514 [main] DEBUG nextflow.executor.ExecutorFactory - >> processorType: 'local'
Jan-21 22:38:28.514 [main] DEBUG nextflow.processor.TaskProcessor - Creating process 'NFCORE_ONCOANALYSER:TARGETED:LINX_PLOTTING:LINXREPORT': maxForks=0; fair=false; array=0
Jan-21 22:38:28.608 [main] DEBUG nextflow.script.ProcessConfig - Config settings `withLabel:process_medium` matches labels `process_medium` for process with name NFCORE_ONCOANALYSER:TARGETED:BAMTOOLS_METRICS:BAMTOOLS
Jan-21 22:38:28.609 [main] DEBUG nextflow.script.ProcessConfig - Config settings `withName:BAMTOOLS` matches process NFCORE_ONCOANALYSER:TARGETED:BAMTOOLS_METRICS:BAMTOOLS
Jan-21 22:38:28.611 [main] DEBUG nextflow.script.ProcessConfig - Config settings `withName:NFCORE_ONCOANALYSER:TARGETED:BAMTOOLS_METRICS:BAMTOOLS` matches process NFCORE_ONCOANALYSER:TARGETED:BAMTOOLS_METRICS:BAMTOOLS
Jan-21 22:38:28.614 [main] DEBUG nextflow.executor.ExecutorFactory - << taskConfig executor: null
Jan-21 22:38:28.614 [main] DEBUG nextflow.executor.ExecutorFactory - >> processorType: 'local'
Jan-21 22:38:28.615 [main] DEBUG nextflow.processor.TaskProcessor - Creating process 'NFCORE_ONCOANALYSER:TARGETED:BAMTOOLS_METRICS:BAMTOOLS': maxForks=0; fair=false; array=0
Jan-21 22:38:28.757 [main] DEBUG nextflow.script.ProcessConfig - Config settings `withLabel:process_medium` matches labels `process_medium,process_medium_memory` for process with name NFCORE_ONCOANALYSER:TARGETED:CIDER_CALLING:CIDER
Jan-21 22:38:28.758 [main] DEBUG nextflow.script.ProcessConfig - Config settings `withLabel:process_medium_memory` matches labels `process_medium,process_medium_memory` for process with name NFCORE_ONCOANALYSER:TARGETED:CIDER_CALLING:CIDER
Jan-21 22:38:28.759 [main] DEBUG nextflow.script.ProcessConfig - Config settings `withName:CIDER` matches process NFCORE_ONCOANALYSER:TARGETED:CIDER_CALLING:CIDER
Jan-21 22:38:28.764 [main] DEBUG nextflow.executor.ExecutorFactory - << taskConfig executor: null
Jan-21 22:38:28.764 [main] DEBUG nextflow.executor.ExecutorFactory - >> processorType: 'local'
Jan-21 22:38:28.765 [main] DEBUG nextflow.processor.TaskProcessor - Creating process 'NFCORE_ONCOANALYSER:TARGETED:CIDER_CALLING:CIDER': maxForks=0; fair=false; array=0
Jan-21 22:38:28.869 [main] DEBUG nextflow.script.ProcessConfig - Config settings `withLabel:process_medium` matches labels `process_medium` for process with name NFCORE_ONCOANALYSER:TARGETED:LILAC_CALLING:LILAC
Jan-21 22:38:28.871 [main] DEBUG nextflow.script.ProcessConfig - Config settings `withName:LILAC` matches process NFCORE_ONCOANALYSER:TARGETED:LILAC_CALLING:LILAC
Jan-21 22:38:28.875 [main] DEBUG nextflow.executor.ExecutorFactory - << taskConfig executor: null
Jan-21 22:38:28.876 [main] DEBUG nextflow.executor.ExecutorFactory - >> processorType: 'local'
Jan-21 22:38:28.876 [main] DEBUG nextflow.processor.TaskProcessor - Creating process 'NFCORE_ONCOANALYSER:TARGETED:LILAC_CALLING:LILAC': maxForks=0; fair=false; array=0
Jan-21 22:38:28.954 [main] DEBUG nextflow.script.ProcessConfig - Config settings `withLabel:process_single` matches labels `process_single` for process with name NFCORE_ONCOANALYSER:TARGETED:PEACH_CALLING:PEACH
Jan-21 22:38:28.956 [main] DEBUG nextflow.script.ProcessConfig - Config settings `withName:PEACH` matches process NFCORE_ONCOANALYSER:TARGETED:PEACH_CALLING:PEACH
Jan-21 22:38:28.960 [main] DEBUG nextflow.executor.ExecutorFactory - << taskConfig executor: null
Jan-21 22:38:28.960 [main] DEBUG nextflow.executor.ExecutorFactory - >> processorType: 'local'
Jan-21 22:38:28.960 [main] DEBUG nextflow.processor.TaskProcessor - Creating process 'NFCORE_ONCOANALYSER:TARGETED:PEACH_CALLING:PEACH': maxForks=0; fair=false; array=0
Jan-21 22:38:29.163 [main] DEBUG nextflow.script.ProcessConfig - Config settings `withLabel:process_single` matches labels `process_single` for process with name NFCORE_ONCOANALYSER:TARGETED:ORANGE_REPORTING:ORANGE
Jan-21 22:38:29.167 [main] DEBUG nextflow.script.ProcessConfig - Config settings `withName:ORANGE` matches process NFCORE_ONCOANALYSER:TARGETED:ORANGE_REPORTING:ORANGE
Jan-21 22:38:29.171 [main] DEBUG nextflow.executor.ExecutorFactory - << taskConfig executor: null
Jan-21 22:38:29.171 [main] DEBUG nextflow.executor.ExecutorFactory - >> processorType: 'local'
Jan-21 22:38:29.172 [main] DEBUG nextflow.processor.TaskProcessor - Creating process 'NFCORE_ONCOANALYSER:TARGETED:ORANGE_REPORTING:ORANGE': maxForks=0; fair=false; array=0
Jan-21 22:38:29.281 [main] DEBUG nextflow.Session - Config process names validation disabled as requested
Jan-21 22:38:29.286 [main] DEBUG nextflow.Session - Igniting dataflow network (152)
Jan-21 22:38:29.303 [main] DEBUG nextflow.processor.TaskProcessor - Starting process > NFCORE_ONCOANALYSER:TARGETED:PREPARE_REFERENCE:DECOMP_BWAMEM2_INDEX
Jan-21 22:38:29.303 [main] DEBUG nextflow.processor.TaskProcessor - Starting process > NFCORE_ONCOANALYSER:TARGETED:PREPARE_REFERENCE:DECOMP_STAR_INDEX
Jan-21 22:38:29.304 [main] DEBUG nextflow.processor.TaskProcessor - Starting process > NFCORE_ONCOANALYSER:TARGETED:READ_ALIGNMENT_DNA:FASTP
Jan-21 22:38:29.304 [main] DEBUG nextflow.processor.TaskProcessor - Starting process > NFCORE_ONCOANALYSER:TARGETED:READ_ALIGNMENT_DNA:BWAMEM2_ALIGN
Jan-21 22:38:29.304 [main] DEBUG nextflow.processor.TaskProcessor - Starting process > NFCORE_ONCOANALYSER:TARGETED:READ_ALIGNMENT_RNA:STAR_ALIGN
Jan-21 22:38:29.304 [main] DEBUG nextflow.processor.TaskProcessor - Starting process > NFCORE_ONCOANALYSER:TARGETED:READ_ALIGNMENT_RNA:SAMTOOLS_SORT
Jan-21 22:38:29.305 [main] DEBUG nextflow.processor.TaskProcessor - Starting process > NFCORE_ONCOANALYSER:TARGETED:READ_ALIGNMENT_RNA:SAMBAMBA_MERGE
Jan-21 22:38:29.305 [main] DEBUG nextflow.processor.TaskProcessor - Starting process > NFCORE_ONCOANALYSER:TARGETED:READ_ALIGNMENT_RNA:GATK4_MARKDUPLICATES
Jan-21 22:38:29.305 [main] DEBUG nextflow.processor.TaskProcessor - Starting process > NFCORE_ONCOANALYSER:TARGETED:REDUX_PROCESSING:REDUX
Jan-21 22:38:29.305 [main] DEBUG nextflow.processor.TaskProcessor - Starting process > NFCORE_ONCOANALYSER:TARGETED:ISOFOX_QUANTIFICATION:ISOFOX
Jan-21 22:38:29.305 [main] DEBUG nextflow.processor.TaskProcessor - Starting process > NFCORE_ONCOANALYSER:TARGETED:AMBER_PROFILING:AMBER
Jan-21 22:38:29.305 [main] DEBUG nextflow.processor.TaskProcessor - Starting process > NFCORE_ONCOANALYSER:TARGETED:COBALT_PROFILING:COBALT
Jan-21 22:38:29.306 [main] DEBUG nextflow.processor.TaskProcessor - Starting process > NFCORE_ONCOANALYSER:TARGETED:ESVEE_CALLING:ESVEE
Jan-21 22:38:29.306 [main] DEBUG nextflow.processor.TaskProcessor - Starting process > NFCORE_ONCOANALYSER:TARGETED:SAGE_CALLING:SAGE_GERMLINE
Jan-21 22:38:29.306 [main] DEBUG nextflow.processor.TaskProcessor - Starting process > NFCORE_ONCOANALYSER:TARGETED:SAGE_CALLING:SAGE_SOMATIC
Jan-21 22:38:29.308 [main] DEBUG nextflow.processor.TaskProcessor - Starting process > NFCORE_ONCOANALYSER:TARGETED:PAVE_ANNOTATION:PAVE_GERMLINE
Jan-21 22:38:29.308 [main] DEBUG nextflow.processor.TaskProcessor - Starting process > NFCORE_ONCOANALYSER:TARGETED:PAVE_ANNOTATION:PAVE_SOMATIC
Jan-21 22:38:29.308 [main] DEBUG nextflow.processor.TaskProcessor - Starting process > NFCORE_ONCOANALYSER:TARGETED:PURPLE_CALLING:PURPLE
Jan-21 22:38:29.308 [main] DEBUG nextflow.processor.TaskProcessor - Starting process > NFCORE_ONCOANALYSER:TARGETED:SAGE_APPEND:SAGE_APPEND_GERMLINE
Jan-21 22:38:29.309 [main] DEBUG nextflow.processor.TaskProcessor - Starting process > NFCORE_ONCOANALYSER:TARGETED:SAGE_APPEND:SAGE_APPEND_SOMATIC
Jan-21 22:38:29.309 [main] DEBUG nextflow.processor.TaskProcessor - Starting process > NFCORE_ONCOANALYSER:TARGETED:LINX_ANNOTATION:LINX_GERMLINE
Jan-21 22:38:29.309 [main] DEBUG nextflow.processor.TaskProcessor - Starting process > NFCORE_ONCOANALYSER:TARGETED:LINX_ANNOTATION:LINX_SOMATIC
Jan-21 22:38:29.309 [main] DEBUG nextflow.processor.TaskProcessor - Starting process > NFCORE_ONCOANALYSER:TARGETED:LINX_PLOTTING:LINX_VISUALISER
Jan-21 22:38:29.309 [main] DEBUG nextflow.processor.TaskProcessor - Starting process > NFCORE_ONCOANALYSER:TARGETED:LINX_PLOTTING:LINXREPORT
Jan-21 22:38:29.309 [main] DEBUG nextflow.processor.TaskProcessor - Starting process > NFCORE_ONCOANALYSER:TARGETED:BAMTOOLS_METRICS:BAMTOOLS
Jan-21 22:38:29.310 [main] DEBUG nextflow.processor.TaskProcessor - Starting process > NFCORE_ONCOANALYSER:TARGETED:CIDER_CALLING:CIDER
Jan-21 22:38:29.310 [main] DEBUG nextflow.processor.TaskProcessor - Starting process > NFCORE_ONCOANALYSER:TARGETED:LILAC_CALLING:LILAC
Jan-21 22:38:29.310 [main] DEBUG nextflow.processor.TaskProcessor - Starting process > NFCORE_ONCOANALYSER:TARGETED:PEACH_CALLING:PEACH
Jan-21 22:38:29.310 [main] DEBUG nextflow.processor.TaskProcessor - Starting process > NFCORE_ONCOANALYSER:TARGETED:ORANGE_REPORTING:ORANGE
Jan-21 22:38:29.314 [main] DEBUG nextflow.script.ScriptRunner - Parsed script files:
  Script_7ffc3988311089e8: /ess/p1753/cluster/Software/nf-core-oncoanalyser_2.3.0/2_3_0/modules/local/teal/prep/main.nf
  Script_5479ba019d8fe652: /ess/p1753/cluster/Software/nf-core-oncoanalyser_2.3.0/2_3_0/modules/local/linx/germline/main.nf
  Script_c810e16b204a30b8: /ess/p1753/cluster/Software/nf-core-oncoanalyser_2.3.0/2_3_0/subworkflows/local/cider_calling/main.nf
  Script_99bebfe7188e58cb: /ess/p1753/cluster/Software/nf-core-oncoanalyser_2.3.0/2_3_0/modules/local/virusbreakend/main.nf
  Script_92cf7f831e401884: /ess/p1753/cluster/Software/nf-core-oncoanalyser_2.3.0/2_3_0/workflows/purity_estimate.nf
  Script_cb584ae0f1e6a723: /ess/p1753/cluster/Software/nf-core-oncoanalyser_2.3.0/2_3_0/modules/local/cobalt/panel_normalisation/main.nf
  Script_9abcab3d0bdee3be: /ess/p1753/cluster/Software/nf-core-oncoanalyser_2.3.0/2_3_0/modules/nf-core/samtools/faidx/main.nf
  Script_434cc8cf500ac080: /ess/p1753/cluster/Software/nf-core-oncoanalyser_2.3.0/2_3_0/modules/nf-core/samtools/dict/main.nf
  Script_affa6426307eeaa1: /ess/p1753/cluster/Software/nf-core-oncoanalyser_2.3.0/2_3_0/modules/local/neo/finder/main.nf
  Script_2492d74ab08c7736: /ess/p1753/cluster/Software/nf-core-oncoanalyser_2.3.0/2_3_0/subworkflows/local/sage_calling/main.nf
  Script_eaea21ee0d8e2d4d: /ess/p1753/cluster/Software/nf-core-oncoanalyser_2.3.0/2_3_0/modules/nf-core/bwamem2/index/main.nf
  Script_48b741f4bbb16dbe: /ess/p1753/cluster/Software/nf-core-oncoanalyser_2.3.0/2_3_0/subworkflows/local/read_alignment_rna/main.nf
  Script_f3706a3c66a30be4: /ess/p1753/cluster/Software/nf-core-oncoanalyser_2.3.0/2_3_0/modules/local/virusinterpreter/main.nf
  Script_e80424a9d68badde: /ess/p1753/cluster/Software/nf-core-oncoanalyser_2.3.0/2_3_0/modules/local/bwa-mem2/mem/main.nf
  Script_ea1a8b792f276e4b: /ess/p1753/cluster/Software/nf-core-oncoanalyser_2.3.0/2_3_0/modules/nf-core/star/genomegenerate/main.nf
  Script_d9205c83b8ffc401: /ess/p1753/cluster/Software/nf-core-oncoanalyser_2.3.0/2_3_0/modules/local/amber/main.nf
  Script_229fe0b5414a25b4: /ess/p1753/cluster/Software/nf-core-oncoanalyser_2.3.0/2_3_0/modules/local/sage/germline/main.nf
  Script_4e5184d7d1978fe0: /ess/p1753/cluster/Software/nf-core-oncoanalyser_2.3.0/2_3_0/modules/local/linx/visualiser/main.nf
  Script_fa5981e8320ae749: /ess/p1753/cluster/Software/nf-core-oncoanalyser_2.3.0/2_3_0/subworkflows/local/bamtools_metrics/main.nf
  Script_899cd8b12fd5b522: /ess/p1753/cluster/Software/nf-core-oncoanalyser_2.3.0/2_3_0/subworkflows/local/amber_profiling/main.nf
  Script_8d0727680129d48a: /ess/p1753/cluster/Software/nf-core-oncoanalyser_2.3.0/2_3_0/modules/local/pave/pon_creation/main.nf
  Script_2f8b269a69a5bca9: /ess/p1753/cluster/Software/nf-core-oncoanalyser_2.3.0/2_3_0/modules/nf-core/bwa/index/main.nf
  Script_701077c2bc8d6499: /ess/p1753/cluster/Software/nf-core-oncoanalyser_2.3.0/2_3_0/modules/local/lilac/main.nf
  Script_1f6f57336ec99291: /ess/p1753/cluster/Software/nf-core-oncoanalyser_2.3.0/2_3_0/modules/local/wisp/main.nf
  Script_47451cf0f005d347: /ess/p1753/cluster/Software/nf-core-oncoanalyser_2.3.0/2_3_0/workflows/wgts.nf
  Script_125b8643b08d78e8: /ess/p1753/cluster/Software/nf-core-oncoanalyser_2.3.0/2_3_0/subworkflows/local/virusbreakend_calling/main.nf
  Script_03e9292ecd788913: /ess/p1753/cluster/Software/nf-core-oncoanalyser_2.3.0/2_3_0/main.nf
  Script_3b93f7517f2b435b: /ess/p1753/cluster/Software/nf-core-oncoanalyser_2.3.0/2_3_0/modules/nf-core/gatk4/markduplicates/main.nf
  Script_63456e55a3485ac7: /ess/p1753/cluster/Software/nf-core-oncoanalyser_2.3.0/2_3_0/modules/local/linxreport/main.nf
  Script_96edd42f88cb1d8f: /ess/p1753/cluster/Software/nf-core-oncoanalyser_2.3.0/2_3_0/subworkflows/local/wisp_analysis/main.nf
  Script_4b43cc259fe04212: /ess/p1753/cluster/Software/nf-core-oncoanalyser_2.3.0/2_3_0/subworkflows/local/linx_annotation/main.nf
  Script_74f954336a6de8f3: /ess/p1753/cluster/Software/nf-core-oncoanalyser_2.3.0/2_3_0/modules/local/esvee/main.nf
  Script_e95d68ab91aba822: /ess/p1753/cluster/Software/nf-core-oncoanalyser_2.3.0/2_3_0/subworkflows/local/sage_append/main.nf
  Script_5977f542cd315b9b: /ess/p1753/cluster/Software/nf-core-oncoanalyser_2.3.0/2_3_0/subworkflows/nf-core/utils_nfcore_pipeline/main.nf
  Script_903f6c23a839ca79: /ess/p1753/cluster/Software/nf-core-oncoanalyser_2.3.0/2_3_0/subworkflows/local/read_alignment_dna/main.nf
  Script_e6df78201b4d87dc: /ess/p1753/cluster/Software/nf-core-oncoanalyser_2.3.0/2_3_0/modules/local/sage/append/main.nf
  Script_7aa0791c698b4ae5: /ess/p1753/cluster/Software/nf-core-oncoanalyser_2.3.0/2_3_0/modules/local/peach/main.nf
  Script_0a01436ea969f0dc: /ess/p1753/cluster/Software/nf-core-oncoanalyser_2.3.0/2_3_0/modules/nf-core/samtools/sort/main.nf
  Script_0c879f65218c7321: /ess/p1753/cluster/Software/nf-core-oncoanalyser_2.3.0/2_3_0/modules/local/pave/germline/main.nf
  Script_01d2e10f1bcb9c30: /ess/p1753/cluster/Software/nf-core-oncoanalyser_2.3.0/2_3_0/modules/local/cobalt/run/main.nf
  Script_deb8b81f4af92fc8: /ess/p1753/cluster/Software/nf-core-oncoanalyser_2.3.0/2_3_0/subworkflows/local/neo_prediction/main.nf
  Script_b185b6993b119015: /ess/p1753/cluster/Software/nf-core-oncoanalyser_2.3.0/2_3_0/subworkflows/local/teal_characterisation/main.nf
  Script_5b4bcb44eb400f4e: /ess/p1753/cluster/Software/nf-core-oncoanalyser_2.3.0/2_3_0/modules/local/gatk4/bwaindeximage/main.nf
  Script_af14cd1c7c93f877: /ess/p1753/cluster/Software/nf-core-oncoanalyser_2.3.0/2_3_0/subworkflows/local/peach_calling/main.nf
  Script_2c1d1ee1b1236db7: /ess/p1753/cluster/Software/nf-core-oncoanalyser_2.3.0/2_3_0/subworkflows/local/cobalt_profiling/main.nf
  Script_7f89252c9159e259: /ess/p1753/cluster/Software/nf-core-oncoanalyser_2.3.0/2_3_0/modules/local/teal/pipeline/main.nf
  Script_88324b3b6650b6f8: /ess/p1753/cluster/Software/nf-core-oncoanalyser_2.3.0/2_3_0/modules/local/bamtools/main.nf
  Script_161b2e26e5c360e4: /ess/p1753/cluster/Software/nf-core-oncoanalyser_2.3.0/2_3_0/modules/local/custom/write_reference_data/main.nf
  Script_f431031e5d1c7992: /ess/p1753/cluster/Software/nf-core-oncoanalyser_2.3.0/2_3_0/modules/local/isofox/run/main.nf
  Script_9a1a059e0038108b: /ess/p1753/cluster/Software/nf-core-oncoanalyser_2.3.0/2_3_0/modules/local/sigs/main.nf
  Script_94253b1e3a4d9333: /ess/p1753/cluster/Software/nf-core-oncoanalyser_2.3.0/2_3_0/subworkflows/local/cuppa_prediction/main.nf
  Script_7e629d9fc6dad6dd: /ess/p1753/cluster/Software/nf-core-oncoanalyser_2.3.0/2_3_0/subworkflows/local/chord_prediction/main.nf
  Script_0252f6993026b2d0: /ess/p1753/cluster/Software/nf-core-oncoanalyser_2.3.0/2_3_0/modules/local/linx/somatic/main.nf
  Script_6f77f1f2137fde7b: /ess/p1753/cluster/Software/nf-core-oncoanalyser_2.3.0/2_3_0/subworkflows/local/redux_processing/main.nf
  Script_675cf08bdb2f6cbd: /ess/p1753/cluster/Software/nf-core-oncoanalyser_2.3.0/2_3_0/modules/local/cuppa/main.nf
  Script_2a7e0c1598735a66: /ess/p1753/cluster/Software/nf-core-oncoanalyser_2.3.0/2_3_0/modules/local/sambamba/merge/main.nf
  Script_c75decab132aa3ef: /ess/p1753/cluster/Software/nf-core-oncoanalyser_2.3.0/2_3_0/modules/local/pave/somatic/main.nf
  Script_094a993a4c5ce013: /ess/p1753/cluster/Software/nf-core-oncoanalyser_2.3.0/2_3_0/workflows/prepare_reference.nf
  Script_0e50f93ff1234ce8: /ess/p1753/cluster/Software/nf-core-oncoanalyser_2.3.0/2_3_0/modules/local/custom/extract_tarball/main.nf
  Script_7029085b8a00fd87: /ess/p1753/cluster/Software/nf-core-oncoanalyser_2.3.0/2_3_0/subworkflows/local/pave_annotation/main.nf
  Script_b485f381050a7d91: /ess/p1753/cluster/Software/nf-core-oncoanalyser_2.3.0/2_3_0/modules/local/chord/main.nf
  Script_95e89e009ed538d3: /ess/p1753/cluster/Software/nf-core-oncoanalyser_2.3.0/2_3_0/modules/local/neo/annotate_fusions/main.nf
  Script_f20fba821b833c54: /ess/p1753/cluster/Software/nf-core-oncoanalyser_2.3.0/2_3_0/subworkflows/local/isofox_normalisation/main.nf
  Script_43c4b8b6f5a71c86: /ess/p1753/cluster/Software/nf-core-oncoanalyser_2.3.0/2_3_0/subworkflows/local/prepare_reference/main.nf
  Script_585c78d1e2fe00b6: /ess/p1753/cluster/Software/nf-core-oncoanalyser_2.3.0/2_3_0/modules/local/purple/main.nf
  Script_c142add563c6a6b2: /ess/p1753/cluster/Software/nf-core-oncoanalyser_2.3.0/2_3_0/modules/local/star/align/main.nf
  Script_a79f0c9836dd7043: /ess/p1753/cluster/Software/nf-core-oncoanalyser_2.3.0/2_3_0/modules/local/sage/somatic/main.nf
  Script_a64a54a01f8015c7: /ess/p1753/cluster/Software/nf-core-oncoanalyser_2.3.0/2_3_0/subworkflows/nf-core/utils_nfschema_plugin/main.nf
  Script_546c845e44a4ec57: /ess/p1753/cluster/Software/nf-core-oncoanalyser_2.3.0/2_3_0/subworkflows/local/linx_plotting/main.nf
  Script_5b56e14fc26387db: /ess/p1753/cluster/Software/nf-core-oncoanalyser_2.3.0/2_3_0/subworkflows/local/lilac_calling/main.nf
  Script_0e5d6139acce6cc3: /ess/p1753/cluster/Software/nf-core-oncoanalyser_2.3.0/2_3_0/subworkflows/local/pave_pon_creation/main.nf
  Script_9d599a257f4e92fa: /ess/p1753/cluster/Software/nf-core-oncoanalyser_2.3.0/2_3_0/subworkflows/local/utils_nfcore_oncoanalyser_pipeline/main.nf
  Script_ba9d6bc9ead8e299: /ess/p1753/cluster/Software/nf-core-oncoanalyser_2.3.0/2_3_0/modules/local/neo/scorer/main.nf
  Script_e2624e086564d0fb: /ess/p1753/cluster/Software/nf-core-oncoanalyser_2.3.0/2_3_0/modules/local/cider/main.nf
  Script_7b4c1f51febb1bb7: /ess/p1753/cluster/Software/nf-core-oncoanalyser_2.3.0/2_3_0/subworkflows/local/sigs_fitting/main.nf
  Script_4f612cfd8c52e8cd: /ess/p1753/cluster/Software/nf-core-oncoanalyser_2.3.0/2_3_0/subworkflows/nf-core/utils_nextflow_pipeline/main.nf
  Script_14250868b46b29cd: /ess/p1753/cluster/Software/nf-core-oncoanalyser_2.3.0/2_3_0/modules/local/gridss/index/main.nf
  Script_8f32a27baf252680: /ess/p1753/cluster/Software/nf-core-oncoanalyser_2.3.0/2_3_0/workflows/panel_resource_creation.nf
  Script_0271ca9b0ce0750d: /ess/p1753/cluster/Software/nf-core-oncoanalyser_2.3.0/2_3_0/subworkflows/local/purple_calling/main.nf
  Script_5dbf425d59ab5905: /ess/p1753/cluster/Software/nf-core-oncoanalyser_2.3.0/2_3_0/subworkflows/local/isofox_quantification/main.nf
  Script_283614e766818058: /ess/p1753/cluster/Software/nf-core-oncoanalyser_2.3.0/2_3_0/subworkflows/local/esvee_calling/main.nf
  Script_c14291356dbd377b: /ess/p1753/cluster/Software/nf-core-oncoanalyser_2.3.0/2_3_0/subworkflows/local/cobalt_normalisation/main.nf
  Script_a790b8784825dd0a: /ess/p1753/cluster/Software/nf-core-oncoanalyser_2.3.0/2_3_0/modules/local/fastp/main.nf
  Script_a091590fb01be01b: /ess/p1753/cluster/Software/nf-core-oncoanalyser_2.3.0/2_3_0/subworkflows/local/orange_reporting/main.nf
  Script_99aeb4f87fae3ba8: /ess/p1753/cluster/Software/nf-core-oncoanalyser_2.3.0/2_3_0/workflows/targeted.nf
  Script_f26efe46bca0b7f6: /ess/p1753/cluster/Software/nf-core-oncoanalyser_2.3.0/2_3_0/modules/local/isofox/panel_normalisation/main.nf
  Script_d2ec3b0c5fdacfcf: /ess/p1753/cluster/Software/nf-core-oncoanalyser_2.3.0/2_3_0/modules/local/redux/main.nf
  Script_40ceb5adb451d22f: /ess/p1753/cluster/Software/nf-core-oncoanalyser_2.3.0/2_3_0/modules/local/orange/main.nf
Jan-21 22:38:29.314 [main] DEBUG nextflow.script.ScriptRunner - > Awaiting termination 
Jan-21 22:38:29.314 [main] DEBUG nextflow.Session - Session await
Jan-21 22:38:29.601 [Actor Thread 79] DEBUG nextflow.container.SingularityCache - Singularity found local store for image=https://depot.galaxyproject.org/singularity/ubuntu:20.04; path=/ess/p1753/cluster/Software/nf-core-oncoanalyser_2.3.0/2_3_0/../singularity-images/depot.galaxyproject.org-singularity-ubuntu-20.04.img
Jan-21 22:38:29.601 [Actor Thread 120] DEBUG nextflow.container.SingularityCache - Singularity found local store for image=https://depot.galaxyproject.org/singularity/fastp:0.23.4--hadf994f_2; path=/ess/p1753/cluster/Software/nf-core-oncoanalyser_2.3.0/2_3_0/../singularity-images/depot.galaxyproject.org-singularity-fastp-0.23.4--hadf994f_2.img
Jan-21 22:38:29.751 [Task submitter] DEBUG n.executor.local.LocalTaskHandler - Launch cmd line: /bin/bash -ue .command.run
Jan-21 22:38:29.754 [Task submitter] INFO  nextflow.Session - [04/a7725c] Submitted process > NFCORE_ONCOANALYSER:TARGETED:PREPARE_REFERENCE:DECOMP_STAR_INDEX (1)
Jan-21 22:38:29.828 [Task submitter] DEBUG n.executor.local.LocalTaskHandler - Launch cmd line: /bin/bash -ue .command.run
Jan-21 22:38:29.829 [Task submitter] INFO  nextflow.Session - [3d/1dfdc7] Submitted process > NFCORE_ONCOANALYSER:TARGETED:READ_ALIGNMENT_DNA:FASTP (IPD2051_IPD2051-D01-P01-A08)
Jan-21 22:38:29.840 [Task submitter] DEBUG n.executor.local.LocalTaskHandler - Launch cmd line: /bin/bash -ue .command.run
Jan-21 22:38:29.840 [Task submitter] INFO  nextflow.Session - [64/ce9043] Submitted process > NFCORE_ONCOANALYSER:TARGETED:READ_ALIGNMENT_DNA:FASTP (IPD1832_IPD1832-D01-P01-A19)
Jan-21 22:38:29.850 [Task submitter] DEBUG n.executor.local.LocalTaskHandler - Launch cmd line: /bin/bash -ue .command.run
Jan-21 22:38:29.851 [Task submitter] INFO  nextflow.Session - [cb/4ee73a] Submitted process > NFCORE_ONCOANALYSER:TARGETED:READ_ALIGNMENT_DNA:FASTP (IPD2051_IPD2051-D01-P01-A08)
Jan-21 22:38:29.909 [Task submitter] DEBUG n.executor.local.LocalTaskHandler - Launch cmd line: /bin/bash -ue .command.run
Jan-21 22:38:29.910 [Task submitter] INFO  nextflow.Session - [ae/6f0bf4] Submitted process > NFCORE_ONCOANALYSER:TARGETED:READ_ALIGNMENT_DNA:FASTP (IPD1832_IPD1832-D01-P01-A19)
Jan-21 22:38:29.919 [Task submitter] DEBUG n.executor.local.LocalTaskHandler - Launch cmd line: /bin/bash -ue .command.run
Jan-21 22:38:29.920 [Task submitter] INFO  nextflow.Session - [90/f5aa88] Submitted process > NFCORE_ONCOANALYSER:TARGETED:PREPARE_REFERENCE:DECOMP_BWAMEM2_INDEX (1)
Jan-21 22:39:38.502 [Task monitor] DEBUG n.processor.TaskPollingMonitor - Task completed > TaskHandler[id: 4; name: NFCORE_ONCOANALYSER:TARGETED:READ_ALIGNMENT_DNA:FASTP (IPD2051_IPD2051-D01-P01-A08); status: COMPLETED; exit: 0; error: -; workDir: /gpfs/projects02/p1753/cluster/TSO500_oncoanalyzer/work/3d/1dfdc7a8e27bf02b4c4180fe6941df]
Jan-21 22:39:38.503 [Task monitor] DEBUG nextflow.util.ThreadPoolBuilder - Creating thread pool 'TaskFinalizer' minSize=10; maxSize=360; workQueue=LinkedBlockingQueue[-1]; allowCoreThreadTimeout=false
Jan-21 22:39:42.876 [Task monitor] DEBUG n.processor.TaskPollingMonitor - Task completed > TaskHandler[id: 1; name: NFCORE_ONCOANALYSER:TARGETED:READ_ALIGNMENT_DNA:FASTP (IPD2051_IPD2051-D01-P01-A08); status: COMPLETED; exit: 0; error: -; workDir: /gpfs/projects02/p1753/cluster/TSO500_oncoanalyzer/work/cb/4ee73a286a943d7c6d8cab112a70e3]
Jan-21 22:39:47.400 [Task monitor] DEBUG n.processor.TaskPollingMonitor - Task completed > TaskHandler[id: 5; name: NFCORE_ONCOANALYSER:TARGETED:READ_ALIGNMENT_DNA:FASTP (IPD1832_IPD1832-D01-P01-A19); status: COMPLETED; exit: 0; error: -; workDir: /gpfs/projects02/p1753/cluster/TSO500_oncoanalyzer/work/ae/6f0bf45930cf8037efc5fda05f1c88]
Jan-21 22:40:07.123 [Task monitor] DEBUG n.processor.TaskPollingMonitor - Task completed > TaskHandler[id: 6; name: NFCORE_ONCOANALYSER:TARGETED:READ_ALIGNMENT_DNA:FASTP (IPD1832_IPD1832-D01-P01-A19); status: COMPLETED; exit: 0; error: -; workDir: /gpfs/projects02/p1753/cluster/TSO500_oncoanalyzer/work/64/ce904344c5585309d812ec00d63d76]
Jan-21 22:41:20.336 [Task monitor] DEBUG n.processor.TaskPollingMonitor - Task completed > TaskHandler[id: 2; name: NFCORE_ONCOANALYSER:TARGETED:PREPARE_REFERENCE:DECOMP_BWAMEM2_INDEX (1); status: COMPLETED; exit: 0; error: -; workDir: /gpfs/projects02/p1753/cluster/TSO500_oncoanalyzer/work/90/f5aa88752a021ba6e45bae22a66e39]
Jan-21 22:41:20.388 [Actor Thread 68] DEBUG nextflow.container.SingularityCache - Singularity found local store for image=https://depot.galaxyproject.org/singularity/mulled-v2-4dde50190ae599f2bb2027cb2c8763ea00fb5084:596c0d6a494faa218562f2be03af2714d454da4f-0; path=/ess/p1753/cluster/Software/nf-core-oncoanalyser_2.3.0/2_3_0/../singularity-images/depot.galaxyproject.org-singularity-mulled-v2-4dde50190ae599f2bb2027cb2c8763ea00fb5084-596c0d6a494faa218562f2be03af2714d454da4f-0.img
Jan-21 22:41:20.416 [Task submitter] DEBUG n.executor.local.LocalTaskHandler - Launch cmd line: /bin/bash -ue .command.run
Jan-21 22:41:20.416 [Task submitter] INFO  nextflow.Session - [94/472c73] Submitted process > NFCORE_ONCOANALYSER:TARGETED:READ_ALIGNMENT_DNA:BWAMEM2_ALIGN (IPD2051_IPD2051-D01-P01-A08_0001)
Jan-21 22:41:20.427 [Task submitter] DEBUG n.executor.local.LocalTaskHandler - Launch cmd line: /bin/bash -ue .command.run
Jan-21 22:41:20.428 [Task submitter] INFO  nextflow.Session - [d3/e04712] Submitted process > NFCORE_ONCOANALYSER:TARGETED:READ_ALIGNMENT_DNA:BWAMEM2_ALIGN (IPD1832_IPD1832-D01-P01-A19_0004)
Jan-21 22:41:20.438 [Task submitter] DEBUG n.executor.local.LocalTaskHandler - Launch cmd line: /bin/bash -ue .command.run
Jan-21 22:41:20.439 [Task submitter] INFO  nextflow.Session - [57/580717] Submitted process > NFCORE_ONCOANALYSER:TARGETED:READ_ALIGNMENT_DNA:BWAMEM2_ALIGN (IPD2051_IPD2051-D01-P01-A08_0006)
Jan-21 22:42:29.939 [Task monitor] DEBUG n.processor.TaskPollingMonitor - Task completed > TaskHandler[id: 3; name: NFCORE_ONCOANALYSER:TARGETED:PREPARE_REFERENCE:DECOMP_STAR_INDEX (1); status: COMPLETED; exit: 0; error: -; workDir: /gpfs/projects02/p1753/cluster/TSO500_oncoanalyzer/work/04/a7725c595f590b0b6ed9658ce9da8f]
Jan-21 22:42:29.960 [Actor Thread 83] DEBUG nextflow.container.SingularityCache - Singularity found local store for image=https://depot.galaxyproject.org/singularity/star:2.7.3a--0; path=/ess/p1753/cluster/Software/nf-core-oncoanalyser_2.3.0/2_3_0/../singularity-images/depot.galaxyproject.org-singularity-star-2.7.3a--0.img
Jan-21 22:42:48.963 [Task monitor] DEBUG n.processor.TaskPollingMonitor - Task completed > TaskHandler[id: 12; name: NFCORE_ONCOANALYSER:TARGETED:READ_ALIGNMENT_DNA:BWAMEM2_ALIGN (IPD2051_IPD2051-D01-P01-A08_0006); status: COMPLETED; exit: 0; error: -; workDir: /gpfs/projects02/p1753/cluster/TSO500_oncoanalyzer/work/57/580717e1dd2496990b235e108e36ec]
Jan-21 22:42:48.975 [Task submitter] DEBUG n.executor.local.LocalTaskHandler - Launch cmd line: /bin/bash -ue .command.run
Jan-21 22:42:48.975 [Task submitter] INFO  nextflow.Session - [a1/0a0d89] Submitted process > NFCORE_ONCOANALYSER:TARGETED:READ_ALIGNMENT_DNA:BWAMEM2_ALIGN (IPD1832_IPD1832-D01-P01-A19_0005)
Jan-21 22:42:48.985 [Actor Thread 90] DEBUG nextflow.extension.GroupTupleOp - GroupTuple dynamic size: key=[key:IPD2051, sample_type:tumor] size=16
Jan-21 22:42:49.703 [Task monitor] DEBUG n.processor.TaskPollingMonitor - Task completed > TaskHandler[id: 15; name: NFCORE_ONCOANALYSER:TARGETED:READ_ALIGNMENT_DNA:BWAMEM2_ALIGN (IPD2051_IPD2051-D01-P01-A08_0001); status: COMPLETED; exit: 0; error: -; workDir: /gpfs/projects02/p1753/cluster/TSO500_oncoanalyzer/work/94/472c737dcf2668176980f02b762e1c]
Jan-21 22:42:49.712 [Task submitter] DEBUG n.executor.local.LocalTaskHandler - Launch cmd line: /bin/bash -ue .command.run
Jan-21 22:42:49.713 [Task submitter] INFO  nextflow.Session - [1f/b6402b] Submitted process > NFCORE_ONCOANALYSER:TARGETED:READ_ALIGNMENT_DNA:BWAMEM2_ALIGN (IPD2051_IPD2051-D01-P01-A08_0007)
Jan-21 22:42:49.714 [Actor Thread 120] DEBUG nextflow.extension.GroupTupleOp - GroupTuple dynamic size: key=[key:IPD2051, sample_type:tumor] size=16
Jan-21 22:43:05.635 [Task monitor] DEBUG n.processor.TaskPollingMonitor - Task completed > TaskHandler[id: 34; name: NFCORE_ONCOANALYSER:TARGETED:READ_ALIGNMENT_DNA:BWAMEM2_ALIGN (IPD1832_IPD1832-D01-P01-A19_0004); status: COMPLETED; exit: 0; error: -; workDir: /gpfs/projects02/p1753/cluster/TSO500_oncoanalyzer/work/d3/e0471299b78da9232d23eb84f9ad88]
Jan-21 22:43:05.647 [Task submitter] DEBUG n.executor.local.LocalTaskHandler - Launch cmd line: /bin/bash -ue .command.run
Jan-21 22:43:05.648 [Task submitter] INFO  nextflow.Session - [81/001723] Submitted process > NFCORE_ONCOANALYSER:TARGETED:READ_ALIGNMENT_DNA:BWAMEM2_ALIGN (IPD1832_IPD1832-D01-P01-A19_0002)
Jan-21 22:43:05.650 [Actor Thread 90] DEBUG nextflow.extension.GroupTupleOp - GroupTuple dynamic size: key=[key:IPD1832, sample_type:tumor] size=16
Jan-21 22:43:26.259 [Task monitor] DEBUG n.processor.TaskPollingMonitor - !! executor local > tasks to be completed: 3 -- submitted tasks are shown below
~> TaskHandler[id: 27; name: NFCORE_ONCOANALYSER:TARGETED:READ_ALIGNMENT_DNA:BWAMEM2_ALIGN (IPD1832_IPD1832-D01-P01-A19_0005); status: RUNNING; exit: -; error: -; workDir: /gpfs/projects02/p1753/cluster/TSO500_oncoanalyzer/work/a1/0a0d89a68cb0d9539193790e55a247]
~> TaskHandler[id: 13; name: NFCORE_ONCOANALYSER:TARGETED:READ_ALIGNMENT_DNA:BWAMEM2_ALIGN (IPD2051_IPD2051-D01-P01-A08_0007); status: RUNNING; exit: -; error: -; workDir: /gpfs/projects02/p1753/cluster/TSO500_oncoanalyzer/work/1f/b6402bb643c929377c33841e14cd2a]
~> TaskHandler[id: 32; name: NFCORE_ONCOANALYSER:TARGETED:READ_ALIGNMENT_DNA:BWAMEM2_ALIGN (IPD1832_IPD1832-D01-P01-A19_0002); status: RUNNING; exit: -; error: -; workDir: /gpfs/projects02/p1753/cluster/TSO500_oncoanalyzer/work/81/0017235c261176760da81a78aa41aa]
Jan-21 22:44:18.652 [Task monitor] DEBUG n.processor.TaskPollingMonitor - Task completed > TaskHandler[id: 13; name: NFCORE_ONCOANALYSER:TARGETED:READ_ALIGNMENT_DNA:BWAMEM2_ALIGN (IPD2051_IPD2051-D01-P01-A08_0007); status: COMPLETED; exit: 0; error: -; workDir: /gpfs/projects02/p1753/cluster/TSO500_oncoanalyzer/work/1f/b6402bb643c929377c33841e14cd2a]
Jan-21 22:44:18.664 [Actor Thread 90] DEBUG nextflow.extension.GroupTupleOp - GroupTuple dynamic size: key=[key:IPD2051, sample_type:tumor] size=16
Jan-21 22:44:18.666 [Task submitter] DEBUG n.executor.local.LocalTaskHandler - Launch cmd line: /bin/bash -ue .command.run
Jan-21 22:44:18.666 [Task submitter] INFO  nextflow.Session - [37/368fa9] Submitted process > NFCORE_ONCOANALYSER:TARGETED:READ_ALIGNMENT_DNA:BWAMEM2_ALIGN (IPD1832_IPD1832-D01-P01-A19_0006)
Jan-21 22:44:33.081 [Task monitor] DEBUG n.processor.TaskPollingMonitor - Task completed > TaskHandler[id: 27; name: NFCORE_ONCOANALYSER:TARGETED:READ_ALIGNMENT_DNA:BWAMEM2_ALIGN (IPD1832_IPD1832-D01-P01-A19_0005); status: COMPLETED; exit: 0; error: -; workDir: /gpfs/projects02/p1753/cluster/TSO500_oncoanalyzer/work/a1/0a0d89a68cb0d9539193790e55a247]
Jan-21 22:44:33.092 [Actor Thread 108] DEBUG nextflow.extension.GroupTupleOp - GroupTuple dynamic size: key=[key:IPD1832, sample_type:tumor] size=16
Jan-21 22:44:33.092 [Task submitter] DEBUG n.executor.local.LocalTaskHandler - Launch cmd line: /bin/bash -ue .command.run
Jan-21 22:44:33.093 [Task submitter] INFO  nextflow.Session - [72/5d0620] Submitted process > NFCORE_ONCOANALYSER:TARGETED:READ_ALIGNMENT_DNA:BWAMEM2_ALIGN (IPD2051_IPD2051-D01-P01-A08_0005)
Jan-21 22:44:50.182 [Task monitor] DEBUG n.processor.TaskPollingMonitor - Task completed > TaskHandler[id: 32; name: NFCORE_ONCOANALYSER:TARGETED:READ_ALIGNMENT_DNA:BWAMEM2_ALIGN (IPD1832_IPD1832-D01-P01-A19_0002); status: COMPLETED; exit: 0; error: -; workDir: /gpfs/projects02/p1753/cluster/TSO500_oncoanalyzer/work/81/0017235c261176760da81a78aa41aa]
Jan-21 22:44:50.190 [Task submitter] DEBUG n.executor.local.LocalTaskHandler - Launch cmd line: /bin/bash -ue .command.run
Jan-21 22:44:50.191 [Task submitter] INFO  nextflow.Session - [33/16dfbe] Submitted process > NFCORE_ONCOANALYSER:TARGETED:READ_ALIGNMENT_DNA:BWAMEM2_ALIGN (IPD1832_IPD1832-D01-P01-A19_0006)
Jan-21 22:44:50.192 [Actor Thread 71] DEBUG nextflow.extension.GroupTupleOp - GroupTuple dynamic size: key=[key:IPD1832, sample_type:tumor] size=16
Jan-21 22:45:57.839 [Task monitor] DEBUG n.processor.TaskPollingMonitor - Task completed > TaskHandler[id: 11; name: NFCORE_ONCOANALYSER:TARGETED:READ_ALIGNMENT_DNA:BWAMEM2_ALIGN (IPD2051_IPD2051-D01-P01-A08_0005); status: COMPLETED; exit: 0; error: -; workDir: /gpfs/projects02/p1753/cluster/TSO500_oncoanalyzer/work/72/5d06202085a3720afd1691a158f190]
Jan-21 22:45:57.850 [Task submitter] DEBUG n.executor.local.LocalTaskHandler - Launch cmd line: /bin/bash -ue .command.run
Jan-21 22:45:57.851 [Actor Thread 71] DEBUG nextflow.extension.GroupTupleOp - GroupTuple dynamic size: key=[key:IPD2051, sample_type:tumor] size=16
Jan-21 22:45:57.853 [Task submitter] INFO  nextflow.Session - [91/c8a288] Submitted process > NFCORE_ONCOANALYSER:TARGETED:READ_ALIGNMENT_DNA:BWAMEM2_ALIGN (IPD1832_IPD1832-D01-P01-A19_0001)
Jan-21 22:46:00.571 [Task monitor] DEBUG n.processor.TaskPollingMonitor - Task completed > TaskHandler[id: 36; name: NFCORE_ONCOANALYSER:TARGETED:READ_ALIGNMENT_DNA:BWAMEM2_ALIGN (IPD1832_IPD1832-D01-P01-A19_0006); status: COMPLETED; exit: 0; error: -; workDir: /gpfs/projects02/p1753/cluster/TSO500_oncoanalyzer/work/37/368fa9100593193c8805843cb5f5c7]
Jan-21 22:46:00.580 [Task submitter] DEBUG n.executor.local.LocalTaskHandler - Launch cmd line: /bin/bash -ue .command.run
Jan-21 22:46:00.581 [Task submitter] INFO  nextflow.Session - [1a/7d9e24] Submitted process > NFCORE_ONCOANALYSER:TARGETED:READ_ALIGNMENT_DNA:BWAMEM2_ALIGN (IPD2051_IPD2051-D01-P01-A08_0005)
Jan-21 22:46:00.584 [Actor Thread 83] DEBUG nextflow.extension.GroupTupleOp - GroupTuple dynamic size: key=[key:IPD1832, sample_type:tumor] size=16
Jan-21 22:46:20.589 [Task submitter] DEBUG n.processor.TaskPollingMonitor - %% executor local > tasks in the submission queue: 25 -- tasks to be submitted are shown below
~> TaskHandler[id: 17; name: NFCORE_ONCOANALYSER:TARGETED:READ_ALIGNMENT_DNA:BWAMEM2_ALIGN (IPD2051_IPD2051-D01-P01-A08_0003); status: NEW; exit: -; error: -; workDir: /gpfs/projects02/p1753/cluster/TSO500_oncoanalyzer/work/99/36bfadbd78546e13bd3cd9596ae0ec]
~> TaskHandler[id: 20; name: NFCORE_ONCOANALYSER:TARGETED:READ_ALIGNMENT_DNA:BWAMEM2_ALIGN (IPD2051_IPD2051-D01-P01-A08_0006); status: NEW; exit: -; error: -; workDir: /gpfs/projects02/p1753/cluster/TSO500_oncoanalyzer/work/bf/d8205d6945f7daa2dd8a58219ea422]
~> TaskHandler[id: 37; name: NFCORE_ONCOANALYSER:TARGETED:READ_ALIGNMENT_DNA:BWAMEM2_ALIGN (IPD1832_IPD1832-D01-P01-A19_0007); status: NEW; exit: -; error: -; workDir: /gpfs/projects02/p1753/cluster/TSO500_oncoanalyzer/work/9f/40b5fc386283d2b577089a9f8ab33c]
~> TaskHandler[id: 25; name: NFCORE_ONCOANALYSER:TARGETED:READ_ALIGNMENT_DNA:BWAMEM2_ALIGN (IPD1832_IPD1832-D01-P01-A19_0003); status: NEW; exit: -; error: -; workDir: /gpfs/projects02/p1753/cluster/TSO500_oncoanalyzer/work/5f/c065f3cdf71ae53b964b5e9870b0dc]
~> TaskHandler[id: 35; name: NFCORE_ONCOANALYSER:TARGETED:READ_ALIGNMENT_DNA:BWAMEM2_ALIGN (IPD1832_IPD1832-D01-P01-A19_0005); status: NEW; exit: -; error: -; workDir: /gpfs/projects02/p1753/cluster/TSO500_oncoanalyzer/work/f6/e69d1d1aff556b80a36c97c05d6d3d]
~> TaskHandler[id: 30; name: NFCORE_ONCOANALYSER:TARGETED:READ_ALIGNMENT_DNA:BWAMEM2_ALIGN (IPD1832_IPD1832-D01-P01-A19_0008); status: NEW; exit: -; error: -; workDir: /gpfs/projects02/p1753/cluster/TSO500_oncoanalyzer/work/f9/d3343f787a339456886d896cfad665]
~> TaskHandler[id: 26; name: NFCORE_ONCOANALYSER:TARGETED:READ_ALIGNMENT_DNA:BWAMEM2_ALIGN (IPD1832_IPD1832-D01-P01-A19_0004); status: NEW; exit: -; error: -; workDir: /gpfs/projects02/p1753/cluster/TSO500_oncoanalyzer/work/14/99e4752130730cacfeb11beca0d9f7]
~> TaskHandler[id: 22; name: NFCORE_ONCOANALYSER:TARGETED:READ_ALIGNMENT_DNA:BWAMEM2_ALIGN (IPD2051_IPD2051-D01-P01-A08_0008); status: NEW; exit: -; error: -; workDir: /gpfs/projects02/p1753/cluster/TSO500_oncoanalyzer/work/e4/362083385df0761640e83d354a6cef]
~> TaskHandler[id: 16; name: NFCORE_ONCOANALYSER:TARGETED:READ_ALIGNMENT_DNA:BWAMEM2_ALIGN (IPD2051_IPD2051-D01-P01-A08_0002); status: NEW; exit: -; error: -; workDir: /gpfs/projects02/p1753/cluster/TSO500_oncoanalyzer/work/96/d72a9e8d89b995b2c1abd37349809c]
~> TaskHandler[id: 31; name: NFCORE_ONCOANALYSER:TARGETED:READ_ALIGNMENT_DNA:BWAMEM2_ALIGN (IPD1832_IPD1832-D01-P01-A19_0001); status: NEW; exit: -; error: -; workDir: /gpfs/projects02/p1753/cluster/TSO500_oncoanalyzer/work/50/6c281d9d4d332fbbbc990097b43f88]
.. remaining tasks omitted.
Jan-21 22:46:31.778 [Task monitor] DEBUG n.processor.TaskPollingMonitor - Task completed > TaskHandler[id: 28; name: NFCORE_ONCOANALYSER:TARGETED:READ_ALIGNMENT_DNA:BWAMEM2_ALIGN (IPD1832_IPD1832-D01-P01-A19_0006); status: COMPLETED; exit: 0; error: -; workDir: /gpfs/projects02/p1753/cluster/TSO500_oncoanalyzer/work/33/16dfbe0110a1ef2f32b9796017c051]
Jan-21 22:46:31.789 [Task submitter] DEBUG n.executor.local.LocalTaskHandler - Launch cmd line: /bin/bash -ue .command.run
Jan-21 22:46:31.790 [Actor Thread 71] DEBUG nextflow.extension.GroupTupleOp - GroupTuple dynamic size: key=[key:IPD1832, sample_type:tumor] size=16
Jan-21 22:46:31.790 [Task submitter] INFO  nextflow.Session - [99/36bfad] Submitted process > NFCORE_ONCOANALYSER:TARGETED:READ_ALIGNMENT_DNA:BWAMEM2_ALIGN (IPD2051_IPD2051-D01-P01-A08_0003)
Jan-21 22:47:24.439 [Task monitor] DEBUG n.processor.TaskPollingMonitor - Task completed > TaskHandler[id: 19; name: NFCORE_ONCOANALYSER:TARGETED:READ_ALIGNMENT_DNA:BWAMEM2_ALIGN (IPD2051_IPD2051-D01-P01-A08_0005); status: COMPLETED; exit: 0; error: -; workDir: /gpfs/projects02/p1753/cluster/TSO500_oncoanalyzer/work/1a/7d9e241b84d09c1ea8c6f834f1efef]
Jan-21 22:47:24.455 [Actor Thread 120] DEBUG nextflow.extension.GroupTupleOp - GroupTuple dynamic size: key=[key:IPD2051, sample_type:tumor] size=16
Jan-21 22:47:24.460 [Task submitter] DEBUG n.executor.local.LocalTaskHandler - Launch cmd line: /bin/bash -ue .command.run
Jan-21 22:47:24.461 [Task submitter] INFO  nextflow.Session - [bf/d8205d] Submitted process > NFCORE_ONCOANALYSER:TARGETED:READ_ALIGNMENT_DNA:BWAMEM2_ALIGN (IPD2051_IPD2051-D01-P01-A08_0006)
Jan-21 22:47:42.675 [Task monitor] DEBUG n.processor.TaskPollingMonitor - Task completed > TaskHandler[id: 23; name: NFCORE_ONCOANALYSER:TARGETED:READ_ALIGNMENT_DNA:BWAMEM2_ALIGN (IPD1832_IPD1832-D01-P01-A19_0001); status: COMPLETED; exit: 0; error: -; workDir: /gpfs/projects02/p1753/cluster/TSO500_oncoanalyzer/work/91/c8a28868230ae957ea0ba8f1f2c692]
Jan-21 22:47:42.698 [Actor Thread 108] DEBUG nextflow.extension.GroupTupleOp - GroupTuple dynamic size: key=[key:IPD1832, sample_type:tumor] size=16
Jan-21 22:47:42.819 [Task submitter] DEBUG n.executor.local.LocalTaskHandler - Launch cmd line: /bin/bash -ue .command.run
Jan-21 22:47:42.820 [Task submitter] INFO  nextflow.Session - [9f/40b5fc] Submitted process > NFCORE_ONCOANALYSER:TARGETED:READ_ALIGNMENT_DNA:BWAMEM2_ALIGN (IPD1832_IPD1832-D01-P01-A19_0007)
Jan-21 22:47:55.854 [Task monitor] DEBUG n.processor.TaskPollingMonitor - Task completed > TaskHandler[id: 17; name: NFCORE_ONCOANALYSER:TARGETED:READ_ALIGNMENT_DNA:BWAMEM2_ALIGN (IPD2051_IPD2051-D01-P01-A08_0003); status: COMPLETED; exit: 0; error: -; workDir: /gpfs/projects02/p1753/cluster/TSO500_oncoanalyzer/work/99/36bfadbd78546e13bd3cd9596ae0ec]
Jan-21 22:47:55.861 [Task submitter] DEBUG n.executor.local.LocalTaskHandler - Launch cmd line: /bin/bash -ue .command.run
Jan-21 22:47:55.862 [Task submitter] INFO  nextflow.Session - [5f/c065f3] Submitted process > NFCORE_ONCOANALYSER:TARGETED:READ_ALIGNMENT_DNA:BWAMEM2_ALIGN (IPD1832_IPD1832-D01-P01-A19_0003)
Jan-21 22:47:55.865 [Actor Thread 120] DEBUG nextflow.extension.GroupTupleOp - GroupTuple dynamic size: key=[key:IPD2051, sample_type:tumor] size=16
Jan-21 22:48:26.293 [Task monitor] DEBUG n.processor.TaskPollingMonitor - !! executor local > tasks to be completed: 3 -- submitted tasks are shown below
~> TaskHandler[id: 20; name: NFCORE_ONCOANALYSER:TARGETED:READ_ALIGNMENT_DNA:BWAMEM2_ALIGN (IPD2051_IPD2051-D01-P01-A08_0006); status: RUNNING; exit: -; error: -; workDir: /gpfs/projects02/p1753/cluster/TSO500_oncoanalyzer/work/bf/d8205d6945f7daa2dd8a58219ea422]
~> TaskHandler[id: 37; name: NFCORE_ONCOANALYSER:TARGETED:READ_ALIGNMENT_DNA:BWAMEM2_ALIGN (IPD1832_IPD1832-D01-P01-A19_0007); status: RUNNING; exit: -; error: -; workDir: /gpfs/projects02/p1753/cluster/TSO500_oncoanalyzer/work/9f/40b5fc386283d2b577089a9f8ab33c]
~> TaskHandler[id: 25; name: NFCORE_ONCOANALYSER:TARGETED:READ_ALIGNMENT_DNA:BWAMEM2_ALIGN (IPD1832_IPD1832-D01-P01-A19_0003); status: RUNNING; exit: -; error: -; workDir: /gpfs/projects02/p1753/cluster/TSO500_oncoanalyzer/work/5f/c065f3cdf71ae53b964b5e9870b0dc]
Jan-21 22:48:47.591 [Task monitor] DEBUG n.processor.TaskPollingMonitor - Task completed > TaskHandler[id: 20; name: NFCORE_ONCOANALYSER:TARGETED:READ_ALIGNMENT_DNA:BWAMEM2_ALIGN (IPD2051_IPD2051-D01-P01-A08_0006); status: COMPLETED; exit: 0; error: -; workDir: /gpfs/projects02/p1753/cluster/TSO500_oncoanalyzer/work/bf/d8205d6945f7daa2dd8a58219ea422]
Jan-21 22:48:47.601 [Actor Thread 83] DEBUG nextflow.extension.GroupTupleOp - GroupTuple dynamic size: key=[key:IPD2051, sample_type:tumor] size=16
Jan-21 22:48:47.607 [Task submitter] DEBUG n.executor.local.LocalTaskHandler - Launch cmd line: /bin/bash -ue .command.run
Jan-21 22:48:47.608 [Task submitter] INFO  nextflow.Session - [f6/e69d1d] Submitted process > NFCORE_ONCOANALYSER:TARGETED:READ_ALIGNMENT_DNA:BWAMEM2_ALIGN (IPD1832_IPD1832-D01-P01-A19_0005)
Jan-21 22:49:30.410 [Task monitor] DEBUG n.processor.TaskPollingMonitor - Task completed > TaskHandler[id: 37; name: NFCORE_ONCOANALYSER:TARGETED:READ_ALIGNMENT_DNA:BWAMEM2_ALIGN (IPD1832_IPD1832-D01-P01-A19_0007); status: COMPLETED; exit: 0; error: -; workDir: /gpfs/projects02/p1753/cluster/TSO500_oncoanalyzer/work/9f/40b5fc386283d2b577089a9f8ab33c]
Jan-21 22:49:30.425 [Actor Thread 108] DEBUG nextflow.extension.GroupTupleOp - GroupTuple dynamic size: key=[key:IPD1832, sample_type:tumor] size=16
Jan-21 22:49:30.427 [Task submitter] DEBUG n.executor.local.LocalTaskHandler - Launch cmd line: /bin/bash -ue .command.run
Jan-21 22:49:30.427 [Task submitter] INFO  nextflow.Session - [f9/d3343f] Submitted process > NFCORE_ONCOANALYSER:TARGETED:READ_ALIGNMENT_DNA:BWAMEM2_ALIGN (IPD1832_IPD1832-D01-P01-A19_0008)
Jan-21 22:49:42.558 [Task monitor] DEBUG n.processor.TaskPollingMonitor - Task completed > TaskHandler[id: 25; name: NFCORE_ONCOANALYSER:TARGETED:READ_ALIGNMENT_DNA:BWAMEM2_ALIGN (IPD1832_IPD1832-D01-P01-A19_0003); status: COMPLETED; exit: 0; error: -; workDir: /gpfs/projects02/p1753/cluster/TSO500_oncoanalyzer/work/5f/c065f3cdf71ae53b964b5e9870b0dc]
Jan-21 22:49:42.569 [Actor Thread 90] DEBUG nextflow.extension.GroupTupleOp - GroupTuple dynamic size: key=[key:IPD1832, sample_type:tumor] size=16
Jan-21 22:49:42.604 [Task submitter] DEBUG n.executor.local.LocalTaskHandler - Launch cmd line: /bin/bash -ue .command.run
Jan-21 22:49:42.605 [Task submitter] INFO  nextflow.Session - [14/99e475] Submitted process > NFCORE_ONCOANALYSER:TARGETED:READ_ALIGNMENT_DNA:BWAMEM2_ALIGN (IPD1832_IPD1832-D01-P01-A19_0004)
Jan-21 22:50:29.397 [Task monitor] DEBUG n.processor.TaskPollingMonitor - Task completed > TaskHandler[id: 35; name: NFCORE_ONCOANALYSER:TARGETED:READ_ALIGNMENT_DNA:BWAMEM2_ALIGN (IPD1832_IPD1832-D01-P01-A19_0005); status: COMPLETED; exit: 0; error: -; workDir: /gpfs/projects02/p1753/cluster/TSO500_oncoanalyzer/work/f6/e69d1d1aff556b80a36c97c05d6d3d]
Jan-21 22:50:29.407 [Actor Thread 71] DEBUG nextflow.extension.GroupTupleOp - GroupTuple dynamic size: key=[key:IPD1832, sample_type:tumor] size=16
Jan-21 22:50:29.412 [Task submitter] DEBUG n.executor.local.LocalTaskHandler - Launch cmd line: /bin/bash -ue .command.run
Jan-21 22:50:29.413 [Task submitter] INFO  nextflow.Session - [e4/362083] Submitted process > NFCORE_ONCOANALYSER:TARGETED:READ_ALIGNMENT_DNA:BWAMEM2_ALIGN (IPD2051_IPD2051-D01-P01-A08_0008)
Jan-21 22:51:14.519 [Task monitor] DEBUG n.processor.TaskPollingMonitor - Task completed > TaskHandler[id: 30; name: NFCORE_ONCOANALYSER:TARGETED:READ_ALIGNMENT_DNA:BWAMEM2_ALIGN (IPD1832_IPD1832-D01-P01-A19_0008); status: COMPLETED; exit: 0; error: -; workDir: /gpfs/projects02/p1753/cluster/TSO500_oncoanalyzer/work/f9/d3343f787a339456886d896cfad665]
Jan-21 22:51:14.526 [Task submitter] DEBUG n.executor.local.LocalTaskHandler - Launch cmd line: /bin/bash -ue .command.run
Jan-21 22:51:14.527 [Task submitter] INFO  nextflow.Session - [96/d72a9e] Submitted process > NFCORE_ONCOANALYSER:TARGETED:READ_ALIGNMENT_DNA:BWAMEM2_ALIGN (IPD2051_IPD2051-D01-P01-A08_0002)
Jan-21 22:51:14.531 [Actor Thread 90] DEBUG nextflow.extension.GroupTupleOp - GroupTuple dynamic size: key=[key:IPD1832, sample_type:tumor] size=16
Jan-21 22:51:21.531 [Task submitter] DEBUG n.processor.TaskPollingMonitor - %% executor local > tasks in the submission queue: 16 -- tasks to be submitted are shown below
~> TaskHandler[id: 31; name: NFCORE_ONCOANALYSER:TARGETED:READ_ALIGNMENT_DNA:BWAMEM2_ALIGN (IPD1832_IPD1832-D01-P01-A19_0001); status: NEW; exit: -; error: -; workDir: /gpfs/projects02/p1753/cluster/TSO500_oncoanalyzer/work/50/6c281d9d4d332fbbbc990097b43f88]
~> TaskHandler[id: 18; name: NFCORE_ONCOANALYSER:TARGETED:READ_ALIGNMENT_DNA:BWAMEM2_ALIGN (IPD2051_IPD2051-D01-P01-A08_0004); status: NEW; exit: -; error: -; workDir: /gpfs/projects02/p1753/cluster/TSO500_oncoanalyzer/work/58/e8b9e734dd69d1571d19222f027971]
~> TaskHandler[id: 7; name: NFCORE_ONCOANALYSER:TARGETED:READ_ALIGNMENT_DNA:BWAMEM2_ALIGN (IPD2051_IPD2051-D01-P01-A08_0001); status: NEW; exit: -; error: -; workDir: /gpfs/projects02/p1753/cluster/TSO500_oncoanalyzer/work/9b/68c9f465473a02914fb88ed9db82db]
~> TaskHandler[id: 29; name: NFCORE_ONCOANALYSER:TARGETED:READ_ALIGNMENT_DNA:BWAMEM2_ALIGN (IPD1832_IPD1832-D01-P01-A19_0007); status: NEW; exit: -; error: -; workDir: /gpfs/projects02/p1753/cluster/TSO500_oncoanalyzer/work/19/826a7507392386bbf894081499c7db]
~> TaskHandler[id: 33; name: NFCORE_ONCOANALYSER:TARGETED:READ_ALIGNMENT_DNA:BWAMEM2_ALIGN (IPD1832_IPD1832-D01-P01-A19_0003); status: NEW; exit: -; error: -; workDir: /gpfs/projects02/p1753/cluster/TSO500_oncoanalyzer/work/5a/e292d4bf3ccfd7ba5617cae44ac2e5]
~> TaskHandler[id: 21; name: NFCORE_ONCOANALYSER:TARGETED:READ_ALIGNMENT_DNA:BWAMEM2_ALIGN (IPD2051_IPD2051-D01-P01-A08_0007); status: NEW; exit: -; error: -; workDir: /gpfs/projects02/p1753/cluster/TSO500_oncoanalyzer/work/b1/668c2eb0cd6b2396872d5f1ab2bda5]
~> TaskHandler[id: 38; name: NFCORE_ONCOANALYSER:TARGETED:READ_ALIGNMENT_DNA:BWAMEM2_ALIGN (IPD1832_IPD1832-D01-P01-A19_0008); status: NEW; exit: -; error: -; workDir: /gpfs/projects02/p1753/cluster/TSO500_oncoanalyzer/work/5b/fcd709f39d3155c9f79ec0cda88eaa]
~> TaskHandler[id: 8; name: NFCORE_ONCOANALYSER:TARGETED:READ_ALIGNMENT_DNA:BWAMEM2_ALIGN (IPD2051_IPD2051-D01-P01-A08_0002); status: NEW; exit: -; error: -; workDir: /gpfs/projects02/p1753/cluster/TSO500_oncoanalyzer/work/ef/8d079a559a2bce91cb98fa2bcee447]
~> TaskHandler[id: 24; name: NFCORE_ONCOANALYSER:TARGETED:READ_ALIGNMENT_DNA:BWAMEM2_ALIGN (IPD1832_IPD1832-D01-P01-A19_0002); status: NEW; exit: -; error: -; workDir: /gpfs/projects02/p1753/cluster/TSO500_oncoanalyzer/work/61/ba435f608af21b6f11d4c91c8807be]
~> TaskHandler[id: 10; name: NFCORE_ONCOANALYSER:TARGETED:READ_ALIGNMENT_DNA:BWAMEM2_ALIGN (IPD2051_IPD2051-D01-P01-A08_0004); status: NEW; exit: -; error: -; workDir: /gpfs/projects02/p1753/cluster/TSO500_oncoanalyzer/work/91/d5aa1273cf16ce613adcad0e94cec2]
.. remaining tasks omitted.
Jan-21 22:51:26.831 [Task monitor] DEBUG n.processor.TaskPollingMonitor - Task completed > TaskHandler[id: 26; name: NFCORE_ONCOANALYSER:TARGETED:READ_ALIGNMENT_DNA:BWAMEM2_ALIGN (IPD1832_IPD1832-D01-P01-A19_0004); status: COMPLETED; exit: 0; error: -; workDir: /gpfs/projects02/p1753/cluster/TSO500_oncoanalyzer/work/14/99e4752130730cacfeb11beca0d9f7]
Jan-21 22:51:26.843 [Actor Thread 120] DEBUG nextflow.extension.GroupTupleOp - GroupTuple dynamic size: key=[key:IPD1832, sample_type:tumor] size=16
Jan-21 22:51:26.916 [Task submitter] DEBUG n.executor.local.LocalTaskHandler - Launch cmd line: /bin/bash -ue .command.run
Jan-21 22:51:26.917 [Task submitter] INFO  nextflow.Session - [50/6c281d] Submitted process > NFCORE_ONCOANALYSER:TARGETED:READ_ALIGNMENT_DNA:BWAMEM2_ALIGN (IPD1832_IPD1832-D01-P01-A19_0001)
Jan-21 22:51:49.962 [Task monitor] DEBUG n.processor.TaskPollingMonitor - Task completed > TaskHandler[id: 22; name: NFCORE_ONCOANALYSER:TARGETED:READ_ALIGNMENT_DNA:BWAMEM2_ALIGN (IPD2051_IPD2051-D01-P01-A08_0008); status: COMPLETED; exit: 0; error: -; workDir: /gpfs/projects02/p1753/cluster/TSO500_oncoanalyzer/work/e4/362083385df0761640e83d354a6cef]
Jan-21 22:51:49.973 [Actor Thread 108] DEBUG nextflow.extension.GroupTupleOp - GroupTuple dynamic size: key=[key:IPD2051, sample_type:tumor] size=16
Jan-21 22:51:49.982 [Task submitter] DEBUG n.executor.local.LocalTaskHandler - Launch cmd line: /bin/bash -ue .command.run
Jan-21 22:51:49.983 [Task submitter] INFO  nextflow.Session - [58/e8b9e7] Submitted process > NFCORE_ONCOANALYSER:TARGETED:READ_ALIGNMENT_DNA:BWAMEM2_ALIGN (IPD2051_IPD2051-D01-P01-A08_0004)
Jan-21 22:52:44.990 [Task monitor] DEBUG n.processor.TaskPollingMonitor - Task completed > TaskHandler[id: 16; name: NFCORE_ONCOANALYSER:TARGETED:READ_ALIGNMENT_DNA:BWAMEM2_ALIGN (IPD2051_IPD2051-D01-P01-A08_0002); status: COMPLETED; exit: 0; error: -; workDir: /gpfs/projects02/p1753/cluster/TSO500_oncoanalyzer/work/96/d72a9e8d89b995b2c1abd37349809c]
Jan-21 22:52:45.000 [Actor Thread 71] DEBUG nextflow.extension.GroupTupleOp - GroupTuple dynamic size: key=[key:IPD2051, sample_type:tumor] size=16
Jan-21 22:52:45.006 [Task submitter] DEBUG n.executor.local.LocalTaskHandler - Launch cmd line: /bin/bash -ue .command.run
Jan-21 22:52:45.007 [Task submitter] INFO  nextflow.Session - [9b/68c9f4] Submitted process > NFCORE_ONCOANALYSER:TARGETED:READ_ALIGNMENT_DNA:BWAMEM2_ALIGN (IPD2051_IPD2051-D01-P01-A08_0001)
Jan-21 22:53:14.205 [Task monitor] DEBUG n.processor.TaskPollingMonitor - Task completed > TaskHandler[id: 31; name: NFCORE_ONCOANALYSER:TARGETED:READ_ALIGNMENT_DNA:BWAMEM2_ALIGN (IPD1832_IPD1832-D01-P01-A19_0001); status: COMPLETED; exit: 0; error: -; workDir: /gpfs/projects02/p1753/cluster/TSO500_oncoanalyzer/work/50/6c281d9d4d332fbbbc990097b43f88]
Jan-21 22:53:14.219 [Actor Thread 120] DEBUG nextflow.extension.GroupTupleOp - GroupTuple dynamic size: key=[key:IPD1832, sample_type:tumor] size=16
Jan-21 22:53:14.266 [Task submitter] DEBUG n.executor.local.LocalTaskHandler - Launch cmd line: /bin/bash -ue .command.run
Jan-21 22:53:14.267 [Task submitter] INFO  nextflow.Session - [19/826a75] Submitted process > NFCORE_ONCOANALYSER:TARGETED:READ_ALIGNMENT_DNA:BWAMEM2_ALIGN (IPD1832_IPD1832-D01-P01-A19_0007)
Jan-21 22:53:15.116 [Task monitor] DEBUG n.processor.TaskPollingMonitor - Task completed > TaskHandler[id: 18; name: NFCORE_ONCOANALYSER:TARGETED:READ_ALIGNMENT_DNA:BWAMEM2_ALIGN (IPD2051_IPD2051-D01-P01-A08_0004); status: COMPLETED; exit: 0; error: -; workDir: /gpfs/projects02/p1753/cluster/TSO500_oncoanalyzer/work/58/e8b9e734dd69d1571d19222f027971]
Jan-21 22:53:15.123 [Task submitter] DEBUG n.executor.local.LocalTaskHandler - Launch cmd line: /bin/bash -ue .command.run
Jan-21 22:53:15.123 [Task submitter] INFO  nextflow.Session - [5a/e292d4] Submitted process > NFCORE_ONCOANALYSER:TARGETED:READ_ALIGNMENT_DNA:BWAMEM2_ALIGN (IPD1832_IPD1832-D01-P01-A19_0003)
Jan-21 22:53:15.126 [Actor Thread 108] DEBUG nextflow.extension.GroupTupleOp - GroupTuple dynamic size: key=[key:IPD2051, sample_type:tumor] size=16
Jan-21 22:53:26.329 [Task monitor] DEBUG n.processor.TaskPollingMonitor - !! executor local > tasks to be completed: 3 -- submitted tasks are shown below
~> TaskHandler[id: 7; name: NFCORE_ONCOANALYSER:TARGETED:READ_ALIGNMENT_DNA:BWAMEM2_ALIGN (IPD2051_IPD2051-D01-P01-A08_0001); status: RUNNING; exit: -; error: -; workDir: /gpfs/projects02/p1753/cluster/TSO500_oncoanalyzer/work/9b/68c9f465473a02914fb88ed9db82db]
~> TaskHandler[id: 29; name: NFCORE_ONCOANALYSER:TARGETED:READ_ALIGNMENT_DNA:BWAMEM2_ALIGN (IPD1832_IPD1832-D01-P01-A19_0007); status: RUNNING; exit: -; error: -; workDir: /gpfs/projects02/p1753/cluster/TSO500_oncoanalyzer/work/19/826a7507392386bbf894081499c7db]
~> TaskHandler[id: 33; name: NFCORE_ONCOANALYSER:TARGETED:READ_ALIGNMENT_DNA:BWAMEM2_ALIGN (IPD1832_IPD1832-D01-P01-A19_0003); status: RUNNING; exit: -; error: -; workDir: /gpfs/projects02/p1753/cluster/TSO500_oncoanalyzer/work/5a/e292d4bf3ccfd7ba5617cae44ac2e5]
Jan-21 22:54:05.074 [Task monitor] DEBUG n.processor.TaskPollingMonitor - Task completed > TaskHandler[id: 7; name: NFCORE_ONCOANALYSER:TARGETED:READ_ALIGNMENT_DNA:BWAMEM2_ALIGN (IPD2051_IPD2051-D01-P01-A08_0001); status: COMPLETED; exit: 0; error: -; workDir: /gpfs/projects02/p1753/cluster/TSO500_oncoanalyzer/work/9b/68c9f465473a02914fb88ed9db82db]
Jan-21 22:54:05.088 [Task submitter] DEBUG n.executor.local.LocalTaskHandler - Launch cmd line: /bin/bash -ue .command.run
Jan-21 22:54:05.089 [Task submitter] INFO  nextflow.Session - [b1/668c2e] Submitted process > NFCORE_ONCOANALYSER:TARGETED:READ_ALIGNMENT_DNA:BWAMEM2_ALIGN (IPD2051_IPD2051-D01-P01-A08_0007)
Jan-21 22:54:05.091 [Actor Thread 83] DEBUG nextflow.extension.GroupTupleOp - GroupTuple dynamic size: key=[key:IPD2051, sample_type:tumor] size=16
Jan-21 22:54:56.447 [Task monitor] DEBUG n.processor.TaskPollingMonitor - Task completed > TaskHandler[id: 33; name: NFCORE_ONCOANALYSER:TARGETED:READ_ALIGNMENT_DNA:BWAMEM2_ALIGN (IPD1832_IPD1832-D01-P01-A19_0003); status: COMPLETED; exit: 0; error: -; workDir: /gpfs/projects02/p1753/cluster/TSO500_oncoanalyzer/work/5a/e292d4bf3ccfd7ba5617cae44ac2e5]
Jan-21 22:54:56.459 [Actor Thread 90] DEBUG nextflow.extension.GroupTupleOp - GroupTuple dynamic size: key=[key:IPD1832, sample_type:tumor] size=16
Jan-21 22:54:56.464 [Task submitter] DEBUG n.executor.local.LocalTaskHandler - Launch cmd line: /bin/bash -ue .command.run
Jan-21 22:54:56.506 [Task submitter] INFO  nextflow.Session - [5b/fcd709] Submitted process > NFCORE_ONCOANALYSER:TARGETED:READ_ALIGNMENT_DNA:BWAMEM2_ALIGN (IPD1832_IPD1832-D01-P01-A19_0008)
Jan-21 22:54:58.114 [Task monitor] DEBUG n.processor.TaskPollingMonitor - Task completed > TaskHandler[id: 29; name: NFCORE_ONCOANALYSER:TARGETED:READ_ALIGNMENT_DNA:BWAMEM2_ALIGN (IPD1832_IPD1832-D01-P01-A19_0007); status: COMPLETED; exit: 0; error: -; workDir: /gpfs/projects02/p1753/cluster/TSO500_oncoanalyzer/work/19/826a7507392386bbf894081499c7db]
Jan-21 22:54:58.124 [Actor Thread 108] DEBUG nextflow.extension.GroupTupleOp - GroupTuple dynamic size: key=[key:IPD1832, sample_type:tumor] size=16
Jan-21 22:54:58.131 [Task submitter] DEBUG n.executor.local.LocalTaskHandler - Launch cmd line: /bin/bash -ue .command.run
Jan-21 22:54:58.132 [Task submitter] INFO  nextflow.Session - [ef/8d079a] Submitted process > NFCORE_ONCOANALYSER:TARGETED:READ_ALIGNMENT_DNA:BWAMEM2_ALIGN (IPD2051_IPD2051-D01-P01-A08_0002)
Jan-21 22:55:27.213 [Task monitor] DEBUG n.processor.TaskPollingMonitor - Task completed > TaskHandler[id: 21; name: NFCORE_ONCOANALYSER:TARGETED:READ_ALIGNMENT_DNA:BWAMEM2_ALIGN (IPD2051_IPD2051-D01-P01-A08_0007); status: COMPLETED; exit: 0; error: -; workDir: /gpfs/projects02/p1753/cluster/TSO500_oncoanalyzer/work/b1/668c2eb0cd6b2396872d5f1ab2bda5]
Jan-21 22:55:27.222 [Task submitter] DEBUG n.executor.local.LocalTaskHandler - Launch cmd line: /bin/bash -ue .command.run
Jan-21 22:55:27.223 [Task submitter] INFO  nextflow.Session - [61/ba435f] Submitted process > NFCORE_ONCOANALYSER:TARGETED:READ_ALIGNMENT_DNA:BWAMEM2_ALIGN (IPD1832_IPD1832-D01-P01-A19_0002)
Jan-21 22:55:27.224 [Actor Thread 83] DEBUG nextflow.extension.GroupTupleOp - GroupTuple dynamic size: key=[key:IPD2051, sample_type:tumor] size=16
Jan-21 22:56:19.973 [Task monitor] DEBUG n.processor.TaskPollingMonitor - Task completed > TaskHandler[id: 8; name: NFCORE_ONCOANALYSER:TARGETED:READ_ALIGNMENT_DNA:BWAMEM2_ALIGN (IPD2051_IPD2051-D01-P01-A08_0002); status: COMPLETED; exit: 0; error: -; workDir: /gpfs/projects02/p1753/cluster/TSO500_oncoanalyzer/work/ef/8d079a559a2bce91cb98fa2bcee447]
Jan-21 22:56:19.990 [Actor Thread 120] DEBUG nextflow.extension.GroupTupleOp - GroupTuple dynamic size: key=[key:IPD2051, sample_type:tumor] size=16
Jan-21 22:56:19.993 [Task submitter] DEBUG n.executor.local.LocalTaskHandler - Launch cmd line: /bin/bash -ue .command.run
Jan-21 22:56:19.997 [Task submitter] INFO  nextflow.Session - [91/d5aa12] Submitted process > NFCORE_ONCOANALYSER:TARGETED:READ_ALIGNMENT_DNA:BWAMEM2_ALIGN (IPD2051_IPD2051-D01-P01-A08_0004)
Jan-21 22:56:21.999 [Task submitter] DEBUG n.processor.TaskPollingMonitor - %% executor local > tasks in the submission queue: 6 -- tasks to be submitted are shown below
~> TaskHandler[id: 9; name: NFCORE_ONCOANALYSER:TARGETED:READ_ALIGNMENT_DNA:BWAMEM2_ALIGN (IPD2051_IPD2051-D01-P01-A08_0003); status: NEW; exit: -; error: -; workDir: /gpfs/projects02/p1753/cluster/TSO500_oncoanalyzer/work/c1/2ef310f9c3643657c3b80c8ad4dd99]
~> TaskHandler[id: 14; name: NFCORE_ONCOANALYSER:TARGETED:READ_ALIGNMENT_DNA:BWAMEM2_ALIGN (IPD2051_IPD2051-D01-P01-A08_0008); status: NEW; exit: -; error: -; workDir: /gpfs/projects02/p1753/cluster/TSO500_oncoanalyzer/work/86/fbcfcff316057fbb3b115907d96b2d]
~> TaskHandler[id: 39; name: NFCORE_ONCOANALYSER:TARGETED:READ_ALIGNMENT_RNA:STAR_ALIGN (IPD2051_IPD2051-R03-P01-A08); status: NEW; exit: -; error: -; workDir: /gpfs/projects02/p1753/cluster/TSO500_oncoanalyzer/work/82/7bb8a073033db00f23d3c0fce6fa89]
~> TaskHandler[id: 40; name: NFCORE_ONCOANALYSER:TARGETED:READ_ALIGNMENT_RNA:STAR_ALIGN (IPD2051_IPD2051-R03-P01-A08); status: NEW; exit: -; error: -; workDir: /gpfs/projects02/p1753/cluster/TSO500_oncoanalyzer/work/4d/4ba086d78e10be58195663ce495792]
~> TaskHandler[id: 42; name: NFCORE_ONCOANALYSER:TARGETED:READ_ALIGNMENT_RNA:STAR_ALIGN (IPD1832_IPD1832-R03-P01-A19); status: NEW; exit: -; error: -; workDir: /gpfs/projects02/p1753/cluster/TSO500_oncoanalyzer/work/a4/44f0bb536a040cf686cc85ed40e7e5]
~> TaskHandler[id: 41; name: NFCORE_ONCOANALYSER:TARGETED:READ_ALIGNMENT_RNA:STAR_ALIGN (IPD1832_IPD1832-R03-P01-A19); status: NEW; exit: -; error: -; workDir: /gpfs/projects02/p1753/cluster/TSO500_oncoanalyzer/work/1b/b2e71ebd268c56d4ea6b577dcf860a]
Jan-21 22:56:34.075 [Task monitor] DEBUG n.processor.TaskPollingMonitor - Task completed > TaskHandler[id: 38; name: NFCORE_ONCOANALYSER:TARGETED:READ_ALIGNMENT_DNA:BWAMEM2_ALIGN (IPD1832_IPD1832-D01-P01-A19_0008); status: COMPLETED; exit: 0; error: -; workDir: /gpfs/projects02/p1753/cluster/TSO500_oncoanalyzer/work/5b/fcd709f39d3155c9f79ec0cda88eaa]
Jan-21 22:56:34.085 [Actor Thread 108] DEBUG nextflow.extension.GroupTupleOp - GroupTuple dynamic size: key=[key:IPD1832, sample_type:tumor] size=16
Jan-21 22:56:34.162 [Task submitter] DEBUG n.executor.local.LocalTaskHandler - Launch cmd line: /bin/bash -ue .command.run
Jan-21 22:56:34.178 [Task submitter] INFO  nextflow.Session - [c1/2ef310] Submitted process > NFCORE_ONCOANALYSER:TARGETED:READ_ALIGNMENT_DNA:BWAMEM2_ALIGN (IPD2051_IPD2051-D01-P01-A08_0003)
Jan-21 22:57:02.518 [Task monitor] DEBUG n.processor.TaskPollingMonitor - Task completed > TaskHandler[id: 24; name: NFCORE_ONCOANALYSER:TARGETED:READ_ALIGNMENT_DNA:BWAMEM2_ALIGN (IPD1832_IPD1832-D01-P01-A19_0002); status: COMPLETED; exit: 0; error: -; workDir: /gpfs/projects02/p1753/cluster/TSO500_oncoanalyzer/work/61/ba435f608af21b6f11d4c91c8807be]
Jan-21 22:57:02.527 [Actor Thread 83] DEBUG nextflow.extension.GroupTupleOp - GroupTuple dynamic size: key=[key:IPD1832, sample_type:tumor] size=16
Jan-21 22:57:02.531 [Task submitter] DEBUG n.executor.local.LocalTaskHandler - Launch cmd line: /bin/bash -ue .command.run
Jan-21 22:57:02.532 [Task submitter] INFO  nextflow.Session - [86/fbcfcf] Submitted process > NFCORE_ONCOANALYSER:TARGETED:READ_ALIGNMENT_DNA:BWAMEM2_ALIGN (IPD2051_IPD2051-D01-P01-A08_0008)
Jan-21 22:57:02.572 [Actor Thread 84] DEBUG nextflow.container.SingularityCache - Singularity found local store for image=https://depot.galaxyproject.org/singularity/hmftools-redux:1.2.2--hdfd78af_0; path=/ess/p1753/cluster/Software/nf-core-oncoanalyser_2.3.0/2_3_0/../singularity-images/depot.galaxyproject.org-singularity-hmftools-redux-1.2.2--hdfd78af_0.img
Jan-21 22:57:46.574 [Task monitor] DEBUG n.processor.TaskPollingMonitor - Task completed > TaskHandler[id: 10; name: NFCORE_ONCOANALYSER:TARGETED:READ_ALIGNMENT_DNA:BWAMEM2_ALIGN (IPD2051_IPD2051-D01-P01-A08_0004); status: COMPLETED; exit: 0; error: -; workDir: /gpfs/projects02/p1753/cluster/TSO500_oncoanalyzer/work/91/d5aa1273cf16ce613adcad0e94cec2]
Jan-21 22:57:46.584 [Actor Thread 90] DEBUG nextflow.extension.GroupTupleOp - GroupTuple dynamic size: key=[key:IPD2051, sample_type:tumor] size=16
Jan-21 22:57:46.609 [Task submitter] DEBUG n.executor.local.LocalTaskHandler - Launch cmd line: /bin/bash -ue .command.run
Jan-21 22:57:46.609 [Task submitter] INFO  nextflow.Session - [82/7bb8a0] Submitted process > NFCORE_ONCOANALYSER:TARGETED:READ_ALIGNMENT_RNA:STAR_ALIGN (IPD2051_IPD2051-R03-P01-A08)
Jan-21 22:58:00.577 [Task monitor] DEBUG n.processor.TaskPollingMonitor - Task completed > TaskHandler[id: 9; name: NFCORE_ONCOANALYSER:TARGETED:READ_ALIGNMENT_DNA:BWAMEM2_ALIGN (IPD2051_IPD2051-D01-P01-A08_0003); status: COMPLETED; exit: 0; error: -; workDir: /gpfs/projects02/p1753/cluster/TSO500_oncoanalyzer/work/c1/2ef310f9c3643657c3b80c8ad4dd99]
Jan-21 22:58:00.583 [Task submitter] DEBUG n.executor.local.LocalTaskHandler - Launch cmd line: /bin/bash -ue .command.run
Jan-21 22:58:00.584 [Task submitter] INFO  nextflow.Session - [4d/4ba086] Submitted process > NFCORE_ONCOANALYSER:TARGETED:READ_ALIGNMENT_RNA:STAR_ALIGN (IPD2051_IPD2051-R03-P01-A08)
Jan-21 22:58:00.587 [Actor Thread 108] DEBUG nextflow.extension.GroupTupleOp - GroupTuple dynamic size: key=[key:IPD2051, sample_type:tumor] size=16
Jan-21 22:58:24.728 [Task monitor] DEBUG n.processor.TaskPollingMonitor - Task completed > TaskHandler[id: 14; name: NFCORE_ONCOANALYSER:TARGETED:READ_ALIGNMENT_DNA:BWAMEM2_ALIGN (IPD2051_IPD2051-D01-P01-A08_0008); status: COMPLETED; exit: 0; error: -; workDir: /gpfs/projects02/p1753/cluster/TSO500_oncoanalyzer/work/86/fbcfcff316057fbb3b115907d96b2d]
Jan-21 22:58:24.738 [Actor Thread 62] DEBUG nextflow.extension.GroupTupleOp - GroupTuple dynamic size: key=[key:IPD2051, sample_type:tumor] size=16
Jan-21 22:58:24.748 [Task submitter] DEBUG n.executor.local.LocalTaskHandler - Launch cmd line: /bin/bash -ue .command.run
Jan-21 22:58:24.749 [Task submitter] INFO  nextflow.Session - [a4/44f0bb] Submitted process > NFCORE_ONCOANALYSER:TARGETED:READ_ALIGNMENT_RNA:STAR_ALIGN (IPD1832_IPD1832-R03-P01-A19)
Jan-21 22:58:26.330 [Task monitor] DEBUG n.processor.TaskPollingMonitor - !! executor local > tasks to be completed: 3 -- submitted tasks are shown below
~> TaskHandler[id: 39; name: NFCORE_ONCOANALYSER:TARGETED:READ_ALIGNMENT_RNA:STAR_ALIGN (IPD2051_IPD2051-R03-P01-A08); status: RUNNING; exit: -; error: -; workDir: /gpfs/projects02/p1753/cluster/TSO500_oncoanalyzer/work/82/7bb8a073033db00f23d3c0fce6fa89]
~> TaskHandler[id: 40; name: NFCORE_ONCOANALYSER:TARGETED:READ_ALIGNMENT_RNA:STAR_ALIGN (IPD2051_IPD2051-R03-P01-A08); status: RUNNING; exit: -; error: -; workDir: /gpfs/projects02/p1753/cluster/TSO500_oncoanalyzer/work/4d/4ba086d78e10be58195663ce495792]
~> TaskHandler[id: 42; name: NFCORE_ONCOANALYSER:TARGETED:READ_ALIGNMENT_RNA:STAR_ALIGN (IPD1832_IPD1832-R03-P01-A19); status: RUNNING; exit: -; error: -; workDir: /gpfs/projects02/p1753/cluster/TSO500_oncoanalyzer/work/a4/44f0bb536a040cf686cc85ed40e7e5]
Jan-21 22:59:27.803 [Task monitor] DEBUG n.processor.TaskPollingMonitor - Task completed > TaskHandler[id: 39; name: NFCORE_ONCOANALYSER:TARGETED:READ_ALIGNMENT_RNA:STAR_ALIGN (IPD2051_IPD2051-R03-P01-A08); status: COMPLETED; exit: 0; error: -; workDir: /gpfs/projects02/p1753/cluster/TSO500_oncoanalyzer/work/82/7bb8a073033db00f23d3c0fce6fa89]
Jan-21 22:59:27.812 [Task submitter] DEBUG n.executor.local.LocalTaskHandler - Launch cmd line: /bin/bash -ue .command.run
Jan-21 22:59:27.813 [Task submitter] INFO  nextflow.Session - [1b/b2e71e] Submitted process > NFCORE_ONCOANALYSER:TARGETED:READ_ALIGNMENT_RNA:STAR_ALIGN (IPD1832_IPD1832-R03-P01-A19)
Jan-21 22:59:27.817 [Actor Thread 70] DEBUG nextflow.container.SingularityCache - Singularity found local store for image=https://depot.galaxyproject.org/singularity/samtools:1.21--h50ea8bc_0; path=/ess/p1753/cluster/Software/nf-core-oncoanalyser_2.3.0/2_3_0/../singularity-images/depot.galaxyproject.org-singularity-samtools-1.21--h50ea8bc_0.img
Jan-21 22:59:28.832 [Task submitter] DEBUG n.executor.local.LocalTaskHandler - Launch cmd line: /bin/bash -ue .command.run
Jan-21 22:59:28.832 [Task submitter] INFO  nextflow.Session - [38/898bfd] Submitted process > NFCORE_ONCOANALYSER:TARGETED:READ_ALIGNMENT_RNA:SAMTOOLS_SORT (IPD2051_IPD2051-R03-P01-A08)
Jan-21 22:59:33.902 [Task monitor] DEBUG n.processor.TaskPollingMonitor - Task completed > TaskHandler[id: 40; name: NFCORE_ONCOANALYSER:TARGETED:READ_ALIGNMENT_RNA:STAR_ALIGN (IPD2051_IPD2051-R03-P01-A08); status: COMPLETED; exit: 0; error: -; workDir: /gpfs/projects02/p1753/cluster/TSO500_oncoanalyzer/work/4d/4ba086d78e10be58195663ce495792]
Jan-21 22:59:33.971 [Task submitter] DEBUG n.executor.local.LocalTaskHandler - Launch cmd line: /bin/bash -ue .command.run
Jan-21 22:59:33.972 [Task submitter] INFO  nextflow.Session - [98/3a12d0] Submitted process > NFCORE_ONCOANALYSER:TARGETED:REDUX_PROCESSING:REDUX (IPD1832_IPD1832-D01-P01-A19)
Jan-21 22:59:52.804 [Task monitor] DEBUG n.processor.TaskPollingMonitor - Task completed > TaskHandler[id: 45; name: NFCORE_ONCOANALYSER:TARGETED:READ_ALIGNMENT_RNA:SAMTOOLS_SORT (IPD2051_IPD2051-R03-P01-A08); status: COMPLETED; exit: 0; error: -; workDir: /gpfs/projects02/p1753/cluster/TSO500_oncoanalyzer/work/38/898bfd90119d2651f03309cf8b0c31]
Jan-21 22:59:52.810 [Actor Thread 120] DEBUG nextflow.extension.GroupTupleOp - GroupTuple dynamic size: key=[key:IPD2051] size=2
Jan-21 22:59:52.812 [Task submitter] DEBUG n.executor.local.LocalTaskHandler - Launch cmd line: /bin/bash -ue .command.run
Jan-21 22:59:52.812 [Task submitter] INFO  nextflow.Session - [74/26e05c] Submitted process > NFCORE_ONCOANALYSER:TARGETED:READ_ALIGNMENT_RNA:SAMTOOLS_SORT (IPD2051_IPD2051-R03-P01-A08)
Jan-21 22:59:54.474 [Task monitor] DEBUG n.processor.TaskPollingMonitor - Task completed > TaskHandler[id: 42; name: NFCORE_ONCOANALYSER:TARGETED:READ_ALIGNMENT_RNA:STAR_ALIGN (IPD1832_IPD1832-R03-P01-A19); status: COMPLETED; exit: 0; error: -; workDir: /gpfs/projects02/p1753/cluster/TSO500_oncoanalyzer/work/a4/44f0bb536a040cf686cc85ed40e7e5]
Jan-21 22:59:54.493 [Task submitter] DEBUG n.executor.local.LocalTaskHandler - Launch cmd line: /bin/bash -ue .command.run
Jan-21 22:59:54.494 [Task submitter] INFO  nextflow.Session - [20/de29b1] Submitted process > NFCORE_ONCOANALYSER:TARGETED:REDUX_PROCESSING:REDUX (IPD2051_IPD2051-D01-P01-A08)
Jan-21 23:00:18.624 [Task monitor] DEBUG n.processor.TaskPollingMonitor - Task completed > TaskHandler[id: 46; name: NFCORE_ONCOANALYSER:TARGETED:READ_ALIGNMENT_RNA:SAMTOOLS_SORT (IPD2051_IPD2051-R03-P01-A08); status: COMPLETED; exit: 0; error: -; workDir: /gpfs/projects02/p1753/cluster/TSO500_oncoanalyzer/work/74/26e05c38b57a544a69dc1d30c2f3c4]
Jan-21 23:00:18.658 [Actor Thread 83] DEBUG nextflow.extension.GroupTupleOp - GroupTuple dynamic size: key=[key:IPD2051] size=2
Jan-21 23:00:18.662 [Task submitter] DEBUG n.executor.local.LocalTaskHandler - Launch cmd line: /bin/bash -ue .command.run
Jan-21 23:00:18.663 [Task submitter] INFO  nextflow.Session - [78/58e5cf] Submitted process > NFCORE_ONCOANALYSER:TARGETED:READ_ALIGNMENT_RNA:SAMTOOLS_SORT (IPD1832_IPD1832-R03-P01-A19)
Jan-21 23:00:18.670 [Actor Thread 70] DEBUG nextflow.container.SingularityCache - Singularity found local store for image=https://depot.galaxyproject.org/singularity/sambamba:1.0.1--h6f6fda4_0; path=/ess/p1753/cluster/Software/nf-core-oncoanalyser_2.3.0/2_3_0/../singularity-images/depot.galaxyproject.org-singularity-sambamba-1.0.1--h6f6fda4_0.img
Jan-21 23:00:46.426 [Task monitor] DEBUG n.processor.TaskPollingMonitor - Task completed > TaskHandler[id: 47; name: NFCORE_ONCOANALYSER:TARGETED:READ_ALIGNMENT_RNA:SAMTOOLS_SORT (IPD1832_IPD1832-R03-P01-A19); status: COMPLETED; exit: 0; error: -; workDir: /gpfs/projects02/p1753/cluster/TSO500_oncoanalyzer/work/78/58e5cff12cf352dff2312f4d3b3ba8]
Jan-21 23:00:46.433 [Actor Thread 70] DEBUG nextflow.extension.GroupTupleOp - GroupTuple dynamic size: key=[key:IPD1832] size=2
Jan-21 23:00:46.435 [Task submitter] DEBUG n.executor.local.LocalTaskHandler - Launch cmd line: /bin/bash -ue .command.run
Jan-21 23:00:46.436 [Task submitter] INFO  nextflow.Session - [f7/518871] Submitted process > NFCORE_ONCOANALYSER:TARGETED:READ_ALIGNMENT_RNA:SAMBAMBA_MERGE (IPD2051)
Jan-21 23:01:06.528 [Task monitor] DEBUG n.processor.TaskPollingMonitor - Task completed > TaskHandler[id: 41; name: NFCORE_ONCOANALYSER:TARGETED:READ_ALIGNMENT_RNA:STAR_ALIGN (IPD1832_IPD1832-R03-P01-A19); status: COMPLETED; exit: 0; error: -; workDir: /gpfs/projects02/p1753/cluster/TSO500_oncoanalyzer/work/1b/b2e71ebd268c56d4ea6b577dcf860a]
Jan-21 23:01:06.585 [Task submitter] DEBUG n.executor.local.LocalTaskHandler - Launch cmd line: /bin/bash -ue .command.run
Jan-21 23:01:06.586 [Task submitter] INFO  nextflow.Session - [82/2fb37d] Submitted process > NFCORE_ONCOANALYSER:TARGETED:READ_ALIGNMENT_RNA:SAMTOOLS_SORT (IPD1832_IPD1832-R03-P01-A19)
Jan-21 23:01:22.076 [Task monitor] DEBUG n.processor.TaskPollingMonitor - Task completed > TaskHandler[id: 48; name: NFCORE_ONCOANALYSER:TARGETED:READ_ALIGNMENT_RNA:SAMBAMBA_MERGE (IPD2051); status: COMPLETED; exit: 0; error: -; workDir: /gpfs/projects02/p1753/cluster/TSO500_oncoanalyzer/work/f7/518871ff1418ddc7eb1a86d89093d1]
Jan-21 23:01:22.091 [Actor Thread 65] DEBUG nextflow.container.SingularityCache - Singularity found local store for image=https://depot.galaxyproject.org/singularity/gatk4:4.6.1.0--py310hdfd78af_0; path=/ess/p1753/cluster/Software/nf-core-oncoanalyser_2.3.0/2_3_0/../singularity-images/depot.galaxyproject.org-singularity-gatk4-4.6.1.0--py310hdfd78af_0.img
Jan-21 23:01:22.104 [Task submitter] DEBUG n.executor.local.LocalTaskHandler - Launch cmd line: /bin/bash -ue .command.run
Jan-21 23:01:22.104 [Task submitter] INFO  nextflow.Session - [45/ce8c89] Submitted process > NFCORE_ONCOANALYSER:TARGETED:READ_ALIGNMENT_RNA:GATK4_MARKDUPLICATES (IPD2051)
Jan-21 23:01:35.814 [Task monitor] DEBUG n.processor.TaskPollingMonitor - Task completed > TaskHandler[id: 49; name: NFCORE_ONCOANALYSER:TARGETED:READ_ALIGNMENT_RNA:SAMTOOLS_SORT (IPD1832_IPD1832-R03-P01-A19); status: COMPLETED; exit: 0; error: -; workDir: /gpfs/projects02/p1753/cluster/TSO500_oncoanalyzer/work/82/2fb37df81a6d19840965cb98a5493f]
Jan-21 23:01:35.819 [Actor Thread 70] DEBUG nextflow.extension.GroupTupleOp - GroupTuple dynamic size: key=[key:IPD1832] size=2
Jan-21 23:01:35.837 [Task submitter] DEBUG n.executor.local.LocalTaskHandler - Launch cmd line: /bin/bash -ue .command.run
Jan-21 23:01:35.838 [Task submitter] INFO  nextflow.Session - [55/6bec28] Submitted process > NFCORE_ONCOANALYSER:TARGETED:READ_ALIGNMENT_RNA:SAMBAMBA_MERGE (IPD1832)
Jan-21 23:02:16.493 [Task monitor] DEBUG n.processor.TaskPollingMonitor - Task completed > TaskHandler[id: 51; name: NFCORE_ONCOANALYSER:TARGETED:READ_ALIGNMENT_RNA:SAMBAMBA_MERGE (IPD1832); status: COMPLETED; exit: 0; error: -; workDir: /gpfs/projects02/p1753/cluster/TSO500_oncoanalyzer/work/55/6bec28000774455cc4ec4df4bdef08]
Jan-21 23:02:16.580 [Task submitter] DEBUG n.executor.local.LocalTaskHandler - Launch cmd line: /bin/bash -ue .command.run
Jan-21 23:02:16.580 [Task submitter] INFO  nextflow.Session - [ca/fadf51] Submitted process > NFCORE_ONCOANALYSER:TARGETED:READ_ALIGNMENT_RNA:GATK4_MARKDUPLICATES (IPD1832)
Jan-21 23:03:26.381 [Task monitor] DEBUG n.processor.TaskPollingMonitor - !! executor local > tasks to be completed: 4 -- submitted tasks are shown below
~> TaskHandler[id: 43; name: NFCORE_ONCOANALYSER:TARGETED:REDUX_PROCESSING:REDUX (IPD1832_IPD1832-D01-P01-A19); status: RUNNING; exit: -; error: -; workDir: /gpfs/projects02/p1753/cluster/TSO500_oncoanalyzer/work/98/3a12d057d8670ac266fa5e4abdaf5b]
~> TaskHandler[id: 44; name: NFCORE_ONCOANALYSER:TARGETED:REDUX_PROCESSING:REDUX (IPD2051_IPD2051-D01-P01-A08); status: RUNNING; exit: -; error: -; workDir: /gpfs/projects02/p1753/cluster/TSO500_oncoanalyzer/work/20/de29b10e7d88f577a925158e0b8f11]
~> TaskHandler[id: 50; name: NFCORE_ONCOANALYSER:TARGETED:READ_ALIGNMENT_RNA:GATK4_MARKDUPLICATES (IPD2051); status: RUNNING; exit: -; error: -; workDir: /gpfs/projects02/p1753/cluster/TSO500_oncoanalyzer/work/45/ce8c89ff7923598af63af95853e7c9]
~> TaskHandler[id: 52; name: NFCORE_ONCOANALYSER:TARGETED:READ_ALIGNMENT_RNA:GATK4_MARKDUPLICATES (IPD1832); status: RUNNING; exit: -; error: -; workDir: /gpfs/projects02/p1753/cluster/TSO500_oncoanalyzer/work/ca/fadf51b9ac56b26b97336732009b54]
Jan-21 23:05:31.019 [Task monitor] DEBUG n.processor.TaskPollingMonitor - Task completed > TaskHandler[id: 44; name: NFCORE_ONCOANALYSER:TARGETED:REDUX_PROCESSING:REDUX (IPD2051_IPD2051-D01-P01-A08); status: COMPLETED; exit: 0; error: -; workDir: /gpfs/projects02/p1753/cluster/TSO500_oncoanalyzer/work/20/de29b10e7d88f577a925158e0b8f11]
Jan-21 23:05:31.108 [TaskFinalizer-9] DEBUG nextflow.util.ThreadPoolBuilder - Creating thread pool 'PublishDir' minSize=10; maxSize=360; workQueue=LinkedBlockingQueue[-1]; allowCoreThreadTimeout=false
Jan-21 23:05:31.110 [Actor Thread 70] DEBUG nextflow.container.SingularityCache - Singularity found local store for image=https://depot.galaxyproject.org/singularity/hmftools-cider:1.1--hdfd78af_0; path=/ess/p1753/cluster/Software/nf-core-oncoanalyser_2.3.0/2_3_0/../singularity-images/depot.galaxyproject.org-singularity-hmftools-cider-1.1--hdfd78af_0.img
Jan-21 23:05:31.110 [Actor Thread 73] DEBUG nextflow.container.SingularityCache - Singularity found local store for image=https://depot.galaxyproject.org/singularity/hmftools-bam-tools:1.5--hdfd78af_0; path=/ess/p1753/cluster/Software/nf-core-oncoanalyser_2.3.0/2_3_0/../singularity-images/depot.galaxyproject.org-singularity-hmftools-bam-tools-1.5--hdfd78af_0.img
Jan-21 23:05:31.111 [Actor Thread 62] DEBUG nextflow.container.SingularityCache - Singularity found local store for image=https://depot.galaxyproject.org/singularity/hmftools-amber:4.2--hdfd78af_0; path=/ess/p1753/cluster/Software/nf-core-oncoanalyser_2.3.0/2_3_0/../singularity-images/depot.galaxyproject.org-singularity-hmftools-amber-4.2--hdfd78af_0.img
Jan-21 23:05:31.121 [Actor Thread 62] DEBUG nextflow.container.SingularityCache - Singularity found local store for image=https://depot.galaxyproject.org/singularity/hmftools-cobalt:2.2--hdfd78af_0; path=/ess/p1753/cluster/Software/nf-core-oncoanalyser_2.3.0/2_3_0/../singularity-images/depot.galaxyproject.org-singularity-hmftools-cobalt-2.2--hdfd78af_0.img
Jan-21 23:05:31.124 [Actor Thread 62] DEBUG nextflow.container.SingularityCache - Singularity found local store for image=https://depot.galaxyproject.org/singularity/hmftools-esvee:1.2--hdfd78af_0; path=/ess/p1753/cluster/Software/nf-core-oncoanalyser_2.3.0/2_3_0/../singularity-images/depot.galaxyproject.org-singularity-hmftools-esvee-1.2--hdfd78af_0.img
Jan-21 23:05:31.136 [Actor Thread 54] DEBUG nextflow.container.SingularityCache - Singularity found local store for image=https://depot.galaxyproject.org/singularity/hmftools-sage:4.2--hdfd78af_0; path=/ess/p1753/cluster/Software/nf-core-oncoanalyser_2.3.0/2_3_0/../singularity-images/depot.galaxyproject.org-singularity-hmftools-sage-4.2--hdfd78af_0.img
Jan-21 23:05:31.145 [Task submitter] DEBUG n.executor.local.LocalTaskHandler - Launch cmd line: /bin/bash -ue .command.run
Jan-21 23:05:31.146 [Task submitter] INFO  nextflow.Session - [e2/5ed010] Submitted process > NFCORE_ONCOANALYSER:TARGETED:AMBER_PROFILING:AMBER (IPD2051)
Jan-21 23:05:31.160 [Task submitter] DEBUG n.executor.local.LocalTaskHandler - Launch cmd line: /bin/bash -ue .command.run
Jan-21 23:05:31.161 [Task submitter] INFO  nextflow.Session - [84/4d0bc4] Submitted process > NFCORE_ONCOANALYSER:TARGETED:CIDER_CALLING:CIDER (IPD2051_IPD2051-D01-P01-A08)
Jan-21 23:05:31.171 [Task submitter] DEBUG n.executor.local.LocalTaskHandler - Launch cmd line: /bin/bash -ue .command.run
Jan-21 23:05:31.171 [Task submitter] INFO  nextflow.Session - [e4/3426e7] Submitted process > NFCORE_ONCOANALYSER:TARGETED:BAMTOOLS_METRICS:BAMTOOLS (IPD2051_IPD2051-D01-P01-A08)
Jan-21 23:05:31.174 [Task submitter] DEBUG n.processor.TaskPollingMonitor - %% executor local > tasks in the submission queue: 3 -- tasks to be submitted are shown below
~> TaskHandler[id: 57; name: NFCORE_ONCOANALYSER:TARGETED:COBALT_PROFILING:COBALT (IPD2051); status: NEW; exit: -; error: -; workDir: /gpfs/projects02/p1753/cluster/TSO500_oncoanalyzer/work/5c/3a6719cbc5e94e46d4f57662e4e6da]
~> TaskHandler[id: 55; name: NFCORE_ONCOANALYSER:TARGETED:ESVEE_CALLING:ESVEE (IPD2051); status: NEW; exit: -; error: -; workDir: /gpfs/projects02/p1753/cluster/TSO500_oncoanalyzer/work/f2/1f6c95753d41697e9e402323ad8cd5]
~> TaskHandler[id: 58; name: NFCORE_ONCOANALYSER:TARGETED:SAGE_CALLING:SAGE_SOMATIC (IPD2051); status: NEW; exit: -; error: -; workDir: /gpfs/projects02/p1753/cluster/TSO500_oncoanalyzer/work/7a/0469d943b55d341d2da4fcdd8fb8fa]
Jan-21 23:05:59.302 [Task monitor] DEBUG n.processor.TaskPollingMonitor - Task completed > TaskHandler[id: 56; name: NFCORE_ONCOANALYSER:TARGETED:AMBER_PROFILING:AMBER (IPD2051); status: COMPLETED; exit: 0; error: -; workDir: /gpfs/projects02/p1753/cluster/TSO500_oncoanalyzer/work/e2/5ed010cb927197a6dde47174ec3550]
Jan-21 23:05:59.371 [Task submitter] DEBUG n.executor.local.LocalTaskHandler - Launch cmd line: /bin/bash -ue .command.run
Jan-21 23:05:59.372 [Task submitter] INFO  nextflow.Session - [5c/3a6719] Submitted process > NFCORE_ONCOANALYSER:TARGETED:COBALT_PROFILING:COBALT (IPD2051)
Jan-21 23:06:11.899 [Task monitor] DEBUG n.processor.TaskPollingMonitor - Task completed > TaskHandler[id: 53; name: NFCORE_ONCOANALYSER:TARGETED:CIDER_CALLING:CIDER (IPD2051_IPD2051-D01-P01-A08); status: COMPLETED; exit: 0; error: -; workDir: /gpfs/projects02/p1753/cluster/TSO500_oncoanalyzer/work/84/4d0bc4e8ca715d9507671002687ad5]
Jan-21 23:06:27.580 [Task monitor] DEBUG n.processor.TaskPollingMonitor - Task completed > TaskHandler[id: 50; name: NFCORE_ONCOANALYSER:TARGETED:READ_ALIGNMENT_RNA:GATK4_MARKDUPLICATES (IPD2051); status: COMPLETED; exit: 0; error: -; workDir: /gpfs/projects02/p1753/cluster/TSO500_oncoanalyzer/work/45/ce8c89ff7923598af63af95853e7c9]
Jan-21 23:06:27.789 [TaskFinalizer-2] DEBUG nextflow.processor.TaskProcessor - Process NFCORE_ONCOANALYSER:TARGETED:READ_ALIGNMENT_RNA:GATK4_MARKDUPLICATES > Skipping output binding because one or more optional files are missing: fileoutparam<0:1>
Jan-21 23:06:27.791 [TaskFinalizer-2] DEBUG nextflow.processor.TaskProcessor - Process NFCORE_ONCOANALYSER:TARGETED:READ_ALIGNMENT_RNA:GATK4_MARKDUPLICATES > Skipping output binding because one or more optional files are missing: fileoutparam<2:1>
Jan-21 23:06:27.827 [Actor Thread 71] DEBUG nextflow.container.SingularityCache - Singularity found local store for image=https://depot.galaxyproject.org/singularity/hmftools-isofox:1.7.2--hdfd78af_1; path=/ess/p1753/cluster/Software/nf-core-oncoanalyser_2.3.0/2_3_0/../singularity-images/depot.galaxyproject.org-singularity-hmftools-isofox-1.7.2--hdfd78af_1.img
Jan-21 23:06:28.599 [Task submitter] DEBUG n.executor.local.LocalTaskHandler - Launch cmd line: /bin/bash -ue .command.run
Jan-21 23:06:28.600 [Task submitter] INFO  nextflow.Session - [1f/cf760c] Submitted process > NFCORE_ONCOANALYSER:TARGETED:CIDER_CALLING:CIDER (IPD2051_IPD2051-R03-P01-A08)
Jan-21 23:06:32.481 [Task monitor] DEBUG n.processor.TaskPollingMonitor - Task completed > TaskHandler[id: 59; name: NFCORE_ONCOANALYSER:TARGETED:CIDER_CALLING:CIDER (IPD2051_IPD2051-R03-P01-A08); status: COMPLETED; exit: 0; error: -; workDir: /gpfs/projects02/p1753/cluster/TSO500_oncoanalyzer/work/1f/cf760c105768d45c3990ec9aa9d9e6]
Jan-21 23:06:46.545 [Task monitor] DEBUG n.processor.TaskPollingMonitor - Task completed > TaskHandler[id: 43; name: NFCORE_ONCOANALYSER:TARGETED:REDUX_PROCESSING:REDUX (IPD1832_IPD1832-D01-P01-A19); status: COMPLETED; exit: 0; error: -; workDir: /gpfs/projects02/p1753/cluster/TSO500_oncoanalyzer/work/98/3a12d057d8670ac266fa5e4abdaf5b]
Jan-21 23:06:46.563 [Task submitter] DEBUG n.executor.local.LocalTaskHandler - Launch cmd line: /bin/bash -ue .command.run
Jan-21 23:06:46.564 [Task submitter] INFO  nextflow.Session - [f2/1f6c95] Submitted process > NFCORE_ONCOANALYSER:TARGETED:ESVEE_CALLING:ESVEE (IPD2051)
Jan-21 23:06:47.577 [Task submitter] DEBUG n.executor.local.LocalTaskHandler - Launch cmd line: /bin/bash -ue .command.run
Jan-21 23:06:47.577 [Task submitter] INFO  nextflow.Session - [20/9242e9] Submitted process > NFCORE_ONCOANALYSER:TARGETED:CIDER_CALLING:CIDER (IPD1832_IPD1832-D01-P01-A19)
Jan-21 23:06:47.592 [Task submitter] DEBUG n.executor.local.LocalTaskHandler - Launch cmd line: /bin/bash -ue .command.run
Jan-21 23:06:47.593 [Task submitter] INFO  nextflow.Session - [a3/0ca543] Submitted process > NFCORE_ONCOANALYSER:TARGETED:BAMTOOLS_METRICS:BAMTOOLS (IPD1832_IPD1832-D01-P01-A19)
Jan-21 23:07:06.144 [Task monitor] DEBUG n.processor.TaskPollingMonitor - Task completed > TaskHandler[id: 62; name: NFCORE_ONCOANALYSER:TARGETED:CIDER_CALLING:CIDER (IPD1832_IPD1832-D01-P01-A19); status: COMPLETED; exit: 0; error: -; workDir: /gpfs/projects02/p1753/cluster/TSO500_oncoanalyzer/work/20/9242e9f212a77ba57437c03a896c53]
Jan-21 23:07:52.844 [Task monitor] DEBUG n.processor.TaskPollingMonitor - Task completed > TaskHandler[id: 52; name: NFCORE_ONCOANALYSER:TARGETED:READ_ALIGNMENT_RNA:GATK4_MARKDUPLICATES (IPD1832); status: COMPLETED; exit: 0; error: -; workDir: /gpfs/projects02/p1753/cluster/TSO500_oncoanalyzer/work/ca/fadf51b9ac56b26b97336732009b54]
Jan-21 23:07:52.855 [TaskFinalizer-6] DEBUG nextflow.processor.TaskProcessor - Process NFCORE_ONCOANALYSER:TARGETED:READ_ALIGNMENT_RNA:GATK4_MARKDUPLICATES > Skipping output binding because one or more optional files are missing: fileoutparam<0:1>
Jan-21 23:07:52.855 [TaskFinalizer-6] DEBUG nextflow.processor.TaskProcessor - Process NFCORE_ONCOANALYSER:TARGETED:READ_ALIGNMENT_RNA:GATK4_MARKDUPLICATES > Skipping output binding because one or more optional files are missing: fileoutparam<2:1>
Jan-21 23:07:53.888 [Task submitter] DEBUG n.executor.local.LocalTaskHandler - Launch cmd line: /bin/bash -ue .command.run
Jan-21 23:07:53.890 [Task submitter] INFO  nextflow.Session - [7f/2b60c3] Submitted process > NFCORE_ONCOANALYSER:TARGETED:CIDER_CALLING:CIDER (IPD1832_IPD1832-R03-P01-A19)
Jan-21 23:08:04.160 [Task monitor] DEBUG n.processor.TaskPollingMonitor - Task completed > TaskHandler[id: 68; name: NFCORE_ONCOANALYSER:TARGETED:CIDER_CALLING:CIDER (IPD1832_IPD1832-R03-P01-A19); status: COMPLETED; exit: 0; error: -; workDir: /gpfs/projects02/p1753/cluster/TSO500_oncoanalyzer/work/7f/2b60c35f91f95907bc0d9f02fdce87]
Jan-21 23:08:26.410 [Task monitor] DEBUG n.processor.TaskPollingMonitor - !! executor local > tasks to be completed: 4 -- submitted tasks are shown below
~> TaskHandler[id: 54; name: NFCORE_ONCOANALYSER:TARGETED:BAMTOOLS_METRICS:BAMTOOLS (IPD2051_IPD2051-D01-P01-A08); status: RUNNING; exit: -; error: -; workDir: /gpfs/projects02/p1753/cluster/TSO500_oncoanalyzer/work/e4/3426e7f1836b7220022bdf4e4f5c6b]
~> TaskHandler[id: 57; name: NFCORE_ONCOANALYSER:TARGETED:COBALT_PROFILING:COBALT (IPD2051); status: RUNNING; exit: -; error: -; workDir: /gpfs/projects02/p1753/cluster/TSO500_oncoanalyzer/work/5c/3a6719cbc5e94e46d4f57662e4e6da]
~> TaskHandler[id: 55; name: NFCORE_ONCOANALYSER:TARGETED:ESVEE_CALLING:ESVEE (IPD2051); status: RUNNING; exit: -; error: -; workDir: /gpfs/projects02/p1753/cluster/TSO500_oncoanalyzer/work/f2/1f6c95753d41697e9e402323ad8cd5]
~> TaskHandler[id: 61; name: NFCORE_ONCOANALYSER:TARGETED:BAMTOOLS_METRICS:BAMTOOLS (IPD1832_IPD1832-D01-P01-A19); status: RUNNING; exit: -; error: -; workDir: /gpfs/projects02/p1753/cluster/TSO500_oncoanalyzer/work/a3/0ca5434383ac985b3edfc5e46b6a6b]
Jan-21 23:08:54.012 [Task monitor] DEBUG n.processor.TaskPollingMonitor - Task completed > TaskHandler[id: 55; name: NFCORE_ONCOANALYSER:TARGETED:ESVEE_CALLING:ESVEE (IPD2051); status: COMPLETED; exit: 0; error: -; workDir: /gpfs/projects02/p1753/cluster/TSO500_oncoanalyzer/work/f2/1f6c95753d41697e9e402323ad8cd5]
Jan-21 23:08:54.017 [TaskFinalizer-8] DEBUG nextflow.processor.TaskProcessor - Process `NFCORE_ONCOANALYSER:TARGETED:ESVEE_CALLING:ESVEE (IPD2051)` is unable to find [UnixPath]: `/gpfs/projects02/p1753/cluster/TSO500_oncoanalyzer/work/f2/1f6c95753d41697e9e402323ad8cd5/esvee/IPD2051-D01-P01-A08.esvee.germline.vcf.gz` (pattern: `esvee/IPD2051-D01-P01-A08.esvee.germline.vcf.gz`)
Jan-21 23:08:54.018 [TaskFinalizer-8] DEBUG nextflow.processor.TaskProcessor - Process `NFCORE_ONCOANALYSER:TARGETED:ESVEE_CALLING:ESVEE (IPD2051)` is unable to find [UnixPath]: `/gpfs/projects02/p1753/cluster/TSO500_oncoanalyzer/work/f2/1f6c95753d41697e9e402323ad8cd5/esvee/IPD2051-D01-P01-A08.esvee.germline.vcf.gz.tbi` (pattern: `esvee/IPD2051-D01-P01-A08.esvee.germline.vcf.gz.tbi`)
Jan-21 23:08:54.022 [TaskFinalizer-8] DEBUG nextflow.processor.TaskProcessor - Process NFCORE_ONCOANALYSER:TARGETED:ESVEE_CALLING:ESVEE > Skipping output binding because one or more optional files are missing: fileoutparam<3:2>
Jan-21 23:08:54.032 [Task submitter] DEBUG n.executor.local.LocalTaskHandler - Launch cmd line: /bin/bash -ue .command.run
Jan-21 23:08:54.032 [Task submitter] INFO  nextflow.Session - [7a/0469d9] Submitted process > NFCORE_ONCOANALYSER:TARGETED:SAGE_CALLING:SAGE_SOMATIC (IPD2051)
Jan-21 23:09:01.385 [Task monitor] DEBUG n.processor.TaskPollingMonitor - Task completed > TaskHandler[id: 57; name: NFCORE_ONCOANALYSER:TARGETED:COBALT_PROFILING:COBALT (IPD2051); status: COMPLETED; exit: 0; error: -; workDir: /gpfs/projects02/p1753/cluster/TSO500_oncoanalyzer/work/5c/3a6719cbc5e94e46d4f57662e4e6da]
Jan-21 23:09:01.405 [Task submitter] DEBUG n.executor.local.LocalTaskHandler - Launch cmd line: /bin/bash -ue .command.run
Jan-21 23:09:01.408 [Task submitter] INFO  nextflow.Session - [c2/41bc82] Submitted process > NFCORE_ONCOANALYSER:TARGETED:ISOFOX_QUANTIFICATION:ISOFOX (IPD2051)
Jan-21 23:10:31.536 [Task submitter] DEBUG n.processor.TaskPollingMonitor - %% executor local > tasks in the submission queue: 5 -- tasks to be submitted are shown below
~> TaskHandler[id: 64; name: NFCORE_ONCOANALYSER:TARGETED:AMBER_PROFILING:AMBER (IPD1832); status: NEW; exit: -; error: -; workDir: /gpfs/projects02/p1753/cluster/TSO500_oncoanalyzer/work/79/cbd4c9fdf258a1cb418c327851cc4e]
~> TaskHandler[id: 65; name: NFCORE_ONCOANALYSER:TARGETED:COBALT_PROFILING:COBALT (IPD1832); status: NEW; exit: -; error: -; workDir: /gpfs/projects02/p1753/cluster/TSO500_oncoanalyzer/work/bc/3bd335c25c9675fdbf0038ba2ff45b]
~> TaskHandler[id: 63; name: NFCORE_ONCOANALYSER:TARGETED:ESVEE_CALLING:ESVEE (IPD1832); status: NEW; exit: -; error: -; workDir: /gpfs/projects02/p1753/cluster/TSO500_oncoanalyzer/work/2e/f4af1ad1527633d5d0e9a0f68b2a3c]
~> TaskHandler[id: 66; name: NFCORE_ONCOANALYSER:TARGETED:SAGE_CALLING:SAGE_SOMATIC (IPD1832); status: NEW; exit: -; error: -; workDir: /gpfs/projects02/p1753/cluster/TSO500_oncoanalyzer/work/15/b8aff4d2f73fea0d7ec7be428e5583]
~> TaskHandler[id: 67; name: NFCORE_ONCOANALYSER:TARGETED:ISOFOX_QUANTIFICATION:ISOFOX (IPD1832); status: NEW; exit: -; error: -; workDir: /gpfs/projects02/p1753/cluster/TSO500_oncoanalyzer/work/34/09639660995be7830e53d95e633b86]
Jan-21 23:13:19.417 [Task monitor] DEBUG n.processor.TaskPollingMonitor - Task completed > TaskHandler[id: 54; name: NFCORE_ONCOANALYSER:TARGETED:BAMTOOLS_METRICS:BAMTOOLS (IPD2051_IPD2051-D01-P01-A08); status: COMPLETED; exit: 0; error: -; workDir: /gpfs/projects02/p1753/cluster/TSO500_oncoanalyzer/work/e4/3426e7f1836b7220022bdf4e4f5c6b]
Jan-21 23:13:19.429 [Task submitter] DEBUG n.executor.local.LocalTaskHandler - Launch cmd line: /bin/bash -ue .command.run
Jan-21 23:13:19.430 [Task submitter] INFO  nextflow.Session - [79/cbd4c9] Submitted process > NFCORE_ONCOANALYSER:TARGETED:AMBER_PROFILING:AMBER (IPD1832)
Jan-21 23:13:26.300 [Task monitor] DEBUG n.processor.TaskPollingMonitor - Task completed > TaskHandler[id: 60; name: NFCORE_ONCOANALYSER:TARGETED:ISOFOX_QUANTIFICATION:ISOFOX (IPD2051); status: COMPLETED; exit: 0; error: -; workDir: /gpfs/projects02/p1753/cluster/TSO500_oncoanalyzer/work/c2/41bc8293059512143ee8e057cb3da0]
Jan-21 23:13:26.316 [Task submitter] DEBUG n.executor.local.LocalTaskHandler - Launch cmd line: /bin/bash -ue .command.run
Jan-21 23:13:26.317 [Task submitter] INFO  nextflow.Session - [bc/3bd335] Submitted process > NFCORE_ONCOANALYSER:TARGETED:COBALT_PROFILING:COBALT (IPD1832)
Jan-21 23:13:26.501 [Task monitor] DEBUG n.processor.TaskPollingMonitor - !! executor local > tasks to be completed: 4 -- submitted tasks are shown below
~> TaskHandler[id: 61; name: NFCORE_ONCOANALYSER:TARGETED:BAMTOOLS_METRICS:BAMTOOLS (IPD1832_IPD1832-D01-P01-A19); status: RUNNING; exit: -; error: -; workDir: /gpfs/projects02/p1753/cluster/TSO500_oncoanalyzer/work/a3/0ca5434383ac985b3edfc5e46b6a6b]
~> TaskHandler[id: 58; name: NFCORE_ONCOANALYSER:TARGETED:SAGE_CALLING:SAGE_SOMATIC (IPD2051); status: RUNNING; exit: -; error: -; workDir: /gpfs/projects02/p1753/cluster/TSO500_oncoanalyzer/work/7a/0469d943b55d341d2da4fcdd8fb8fa]
~> TaskHandler[id: 64; name: NFCORE_ONCOANALYSER:TARGETED:AMBER_PROFILING:AMBER (IPD1832); status: RUNNING; exit: -; error: -; workDir: /gpfs/projects02/p1753/cluster/TSO500_oncoanalyzer/work/79/cbd4c9fdf258a1cb418c327851cc4e]
~> TaskHandler[id: 65; name: NFCORE_ONCOANALYSER:TARGETED:COBALT_PROFILING:COBALT (IPD1832); status: RUNNING; exit: -; error: -; workDir: /gpfs/projects02/p1753/cluster/TSO500_oncoanalyzer/work/bc/3bd335c25c9675fdbf0038ba2ff45b]
Jan-21 23:13:54.068 [Task monitor] DEBUG n.processor.TaskPollingMonitor - Task completed > TaskHandler[id: 64; name: NFCORE_ONCOANALYSER:TARGETED:AMBER_PROFILING:AMBER (IPD1832); status: COMPLETED; exit: 0; error: -; workDir: /gpfs/projects02/p1753/cluster/TSO500_oncoanalyzer/work/79/cbd4c9fdf258a1cb418c327851cc4e]
Jan-21 23:13:54.085 [Task submitter] DEBUG n.executor.local.LocalTaskHandler - Launch cmd line: /bin/bash -ue .command.run
Jan-21 23:13:54.085 [Task submitter] INFO  nextflow.Session - [2e/f4af1a] Submitted process > NFCORE_ONCOANALYSER:TARGETED:ESVEE_CALLING:ESVEE (IPD1832)
Jan-21 23:15:32.141 [Task submitter] DEBUG n.processor.TaskPollingMonitor - %% executor local > tasks in the submission queue: 2 -- tasks to be submitted are shown below
~> TaskHandler[id: 66; name: NFCORE_ONCOANALYSER:TARGETED:SAGE_CALLING:SAGE_SOMATIC (IPD1832); status: NEW; exit: -; error: -; workDir: /gpfs/projects02/p1753/cluster/TSO500_oncoanalyzer/work/15/b8aff4d2f73fea0d7ec7be428e5583]
~> TaskHandler[id: 67; name: NFCORE_ONCOANALYSER:TARGETED:ISOFOX_QUANTIFICATION:ISOFOX (IPD1832); status: NEW; exit: -; error: -; workDir: /gpfs/projects02/p1753/cluster/TSO500_oncoanalyzer/work/34/09639660995be7830e53d95e633b86]
Jan-21 23:16:01.766 [Task monitor] DEBUG n.processor.TaskPollingMonitor - Task completed > TaskHandler[id: 63; name: NFCORE_ONCOANALYSER:TARGETED:ESVEE_CALLING:ESVEE (IPD1832); status: COMPLETED; exit: 0; error: -; workDir: /gpfs/projects02/p1753/cluster/TSO500_oncoanalyzer/work/2e/f4af1ad1527633d5d0e9a0f68b2a3c]
Jan-21 23:16:01.770 [TaskFinalizer-3] DEBUG nextflow.processor.TaskProcessor - Process `NFCORE_ONCOANALYSER:TARGETED:ESVEE_CALLING:ESVEE (IPD1832)` is unable to find [UnixPath]: `/gpfs/projects02/p1753/cluster/TSO500_oncoanalyzer/work/2e/f4af1ad1527633d5d0e9a0f68b2a3c/esvee/IPD1832-D01-P01-A19.esvee.germline.vcf.gz` (pattern: `esvee/IPD1832-D01-P01-A19.esvee.germline.vcf.gz`)
Jan-21 23:16:01.771 [TaskFinalizer-3] DEBUG nextflow.processor.TaskProcessor - Process `NFCORE_ONCOANALYSER:TARGETED:ESVEE_CALLING:ESVEE (IPD1832)` is unable to find [UnixPath]: `/gpfs/projects02/p1753/cluster/TSO500_oncoanalyzer/work/2e/f4af1ad1527633d5d0e9a0f68b2a3c/esvee/IPD1832-D01-P01-A19.esvee.germline.vcf.gz.tbi` (pattern: `esvee/IPD1832-D01-P01-A19.esvee.germline.vcf.gz.tbi`)
Jan-21 23:16:01.775 [TaskFinalizer-3] DEBUG nextflow.processor.TaskProcessor - Process NFCORE_ONCOANALYSER:TARGETED:ESVEE_CALLING:ESVEE > Skipping output binding because one or more optional files are missing: fileoutparam<3:2>
Jan-21 23:16:01.787 [Task submitter] DEBUG n.executor.local.LocalTaskHandler - Launch cmd line: /bin/bash -ue .command.run
Jan-21 23:16:01.788 [Task submitter] INFO  nextflow.Session - [15/b8aff4] Submitted process > NFCORE_ONCOANALYSER:TARGETED:SAGE_CALLING:SAGE_SOMATIC (IPD1832)
Jan-21 23:16:30.145 [Task monitor] DEBUG n.processor.TaskPollingMonitor - Task completed > TaskHandler[id: 61; name: NFCORE_ONCOANALYSER:TARGETED:BAMTOOLS_METRICS:BAMTOOLS (IPD1832_IPD1832-D01-P01-A19); status: COMPLETED; exit: 0; error: -; workDir: /gpfs/projects02/p1753/cluster/TSO500_oncoanalyzer/work/a3/0ca5434383ac985b3edfc5e46b6a6b]
Jan-21 23:16:33.720 [Task monitor] DEBUG n.processor.TaskPollingMonitor - Task completed > TaskHandler[id: 58; name: NFCORE_ONCOANALYSER:TARGETED:SAGE_CALLING:SAGE_SOMATIC (IPD2051); status: COMPLETED; exit: 0; error: -; workDir: /gpfs/projects02/p1753/cluster/TSO500_oncoanalyzer/work/7a/0469d943b55d341d2da4fcdd8fb8fa]
Jan-21 23:16:33.733 [Task submitter] DEBUG n.executor.local.LocalTaskHandler - Launch cmd line: /bin/bash -ue .command.run
Jan-21 23:16:33.734 [Task submitter] INFO  nextflow.Session - [34/096396] Submitted process > NFCORE_ONCOANALYSER:TARGETED:ISOFOX_QUANTIFICATION:ISOFOX (IPD1832)
Jan-21 23:16:33.757 [Actor Thread 68] DEBUG nextflow.container.SingularityCache - Singularity found local store for image=https://depot.galaxyproject.org/singularity/hmftools-pave:1.8.2--hdfd78af_0; path=/ess/p1753/cluster/Software/nf-core-oncoanalyser_2.3.0/2_3_0/../singularity-images/depot.galaxyproject.org-singularity-hmftools-pave-1.8.2--hdfd78af_0.img
Jan-21 23:16:33.782 [Task submitter] DEBUG n.executor.local.LocalTaskHandler - Launch cmd line: /bin/bash -ue .command.run
Jan-21 23:16:33.783 [Task submitter] INFO  nextflow.Session - [3b/987329] Submitted process > NFCORE_ONCOANALYSER:TARGETED:PAVE_ANNOTATION:PAVE_SOMATIC (IPD2051)
Jan-21 23:16:41.962 [Task monitor] DEBUG n.processor.TaskPollingMonitor - Task completed > TaskHandler[id: 65; name: NFCORE_ONCOANALYSER:TARGETED:COBALT_PROFILING:COBALT (IPD1832); status: COMPLETED; exit: 0; error: -; workDir: /gpfs/projects02/p1753/cluster/TSO500_oncoanalyzer/work/bc/3bd335c25c9675fdbf0038ba2ff45b]
Jan-21 23:18:26.546 [Task monitor] DEBUG n.processor.TaskPollingMonitor - !! executor local > tasks to be completed: 3 -- submitted tasks are shown below
~> TaskHandler[id: 66; name: NFCORE_ONCOANALYSER:TARGETED:SAGE_CALLING:SAGE_SOMATIC (IPD1832); status: RUNNING; exit: -; error: -; workDir: /gpfs/projects02/p1753/cluster/TSO500_oncoanalyzer/work/15/b8aff4d2f73fea0d7ec7be428e5583]
~> TaskHandler[id: 67; name: NFCORE_ONCOANALYSER:TARGETED:ISOFOX_QUANTIFICATION:ISOFOX (IPD1832); status: RUNNING; exit: -; error: -; workDir: /gpfs/projects02/p1753/cluster/TSO500_oncoanalyzer/work/34/09639660995be7830e53d95e633b86]
~> TaskHandler[id: 69; name: NFCORE_ONCOANALYSER:TARGETED:PAVE_ANNOTATION:PAVE_SOMATIC (IPD2051); status: RUNNING; exit: -; error: -; workDir: /gpfs/projects02/p1753/cluster/TSO500_oncoanalyzer/work/3b/9873299a92693f834dc0c997615e0e]
Jan-21 23:18:36.509 [Task monitor] DEBUG n.processor.TaskPollingMonitor - Task completed > TaskHandler[id: 67; name: NFCORE_ONCOANALYSER:TARGETED:ISOFOX_QUANTIFICATION:ISOFOX (IPD1832); status: COMPLETED; exit: 0; error: -; workDir: /gpfs/projects02/p1753/cluster/TSO500_oncoanalyzer/work/34/09639660995be7830e53d95e633b86]
Jan-21 23:20:09.776 [Task monitor] DEBUG n.processor.TaskPollingMonitor - Task completed > TaskHandler[id: 69; name: NFCORE_ONCOANALYSER:TARGETED:PAVE_ANNOTATION:PAVE_SOMATIC (IPD2051); status: COMPLETED; exit: 0; error: -; workDir: /gpfs/projects02/p1753/cluster/TSO500_oncoanalyzer/work/3b/9873299a92693f834dc0c997615e0e]
Jan-21 23:20:09.808 [Actor Thread 65] DEBUG nextflow.container.SingularityCache - Singularity found local store for image=https://depot.galaxyproject.org/singularity/hmftools-purple:4.3--hdfd78af_0; path=/ess/p1753/cluster/Software/nf-core-oncoanalyser_2.3.0/2_3_0/../singularity-images/depot.galaxyproject.org-singularity-hmftools-purple-4.3--hdfd78af_0.img
Jan-21 23:20:09.833 [Task submitter] DEBUG n.executor.local.LocalTaskHandler - Launch cmd line: /bin/bash -ue .command.run
Jan-21 23:20:09.833 [Task submitter] INFO  nextflow.Session - [28/b22329] Submitted process > NFCORE_ONCOANALYSER:TARGETED:PURPLE_CALLING:PURPLE (IPD2051)
Jan-21 23:20:38.016 [Task monitor] DEBUG n.processor.TaskPollingMonitor - Task completed > TaskHandler[id: 70; name: NFCORE_ONCOANALYSER:TARGETED:PURPLE_CALLING:PURPLE (IPD2051); status: COMPLETED; exit: 0; error: -; workDir: /gpfs/projects02/p1753/cluster/TSO500_oncoanalyzer/work/28/b2232995f54fad19a831cace10fd4c]
Jan-21 23:20:38.423 [Actor Thread 66] DEBUG nextflow.container.SingularityCache - Singularity found local store for image=https://depot.galaxyproject.org/singularity/hmftools-linx:2.2--hdfd78af_0; path=/ess/p1753/cluster/Software/nf-core-oncoanalyser_2.3.0/2_3_0/../singularity-images/depot.galaxyproject.org-singularity-hmftools-linx-2.2--hdfd78af_0.img
Jan-21 23:20:38.433 [Actor Thread 68] DEBUG nextflow.container.SingularityCache - Singularity found local store for image=https://depot.galaxyproject.org/singularity/hmftools-lilac:1.7.3--hdfd78af_0; path=/ess/p1753/cluster/Software/nf-core-oncoanalyser_2.3.0/2_3_0/../singularity-images/depot.galaxyproject.org-singularity-hmftools-lilac-1.7.3--hdfd78af_0.img
Jan-21 23:20:38.442 [Task submitter] DEBUG n.executor.local.LocalTaskHandler - Launch cmd line: /bin/bash -ue .command.run
Jan-21 23:20:38.443 [Task submitter] INFO  nextflow.Session - [62/b4900f] Submitted process > NFCORE_ONCOANALYSER:TARGETED:LINX_ANNOTATION:LINX_SOMATIC (IPD2051)
Jan-21 23:20:38.456 [Task submitter] DEBUG n.executor.local.LocalTaskHandler - Launch cmd line: /bin/bash -ue .command.run
Jan-21 23:20:38.457 [Task submitter] INFO  nextflow.Session - [02/aa140f] Submitted process > NFCORE_ONCOANALYSER:TARGETED:SAGE_APPEND:SAGE_APPEND_SOMATIC (IPD2051)
Jan-21 23:20:38.471 [Task submitter] DEBUG n.executor.local.LocalTaskHandler - Launch cmd line: /bin/bash -ue .command.run
Jan-21 23:20:38.472 [Task submitter] INFO  nextflow.Session - [f2/001c66] Submitted process > NFCORE_ONCOANALYSER:TARGETED:LILAC_CALLING:LILAC (IPD2051)
Jan-21 23:20:45.069 [Task monitor] DEBUG n.processor.TaskPollingMonitor - Task completed > TaskHandler[id: 72; name: NFCORE_ONCOANALYSER:TARGETED:LINX_ANNOTATION:LINX_SOMATIC (IPD2051); status: COMPLETED; exit: 0; error: -; workDir: /gpfs/projects02/p1753/cluster/TSO500_oncoanalyzer/work/62/b4900f89c04d082d7f99d8af999bc0]
Jan-21 23:20:45.105 [Task submitter] DEBUG n.executor.local.LocalTaskHandler - Launch cmd line: /bin/bash -ue .command.run
Jan-21 23:20:45.106 [Task submitter] INFO  nextflow.Session - [93/c2cc82] Submitted process > NFCORE_ONCOANALYSER:TARGETED:LINX_PLOTTING:LINX_VISUALISER (IPD2051)
Jan-21 23:20:51.256 [Task monitor] DEBUG n.processor.TaskPollingMonitor - Task completed > TaskHandler[id: 73; name: NFCORE_ONCOANALYSER:TARGETED:SAGE_APPEND:SAGE_APPEND_SOMATIC (IPD2051); status: COMPLETED; exit: 0; error: -; workDir: /gpfs/projects02/p1753/cluster/TSO500_oncoanalyzer/work/02/aa140f486d0378ac8578a7ab94a15f]
Jan-21 23:21:41.139 [Task monitor] DEBUG n.processor.TaskPollingMonitor - Task completed > TaskHandler[id: 74; name: NFCORE_ONCOANALYSER:TARGETED:LINX_PLOTTING:LINX_VISUALISER (IPD2051); status: COMPLETED; exit: 0; error: -; workDir: /gpfs/projects02/p1753/cluster/TSO500_oncoanalyzer/work/93/c2cc826cbe3162fcbea6e2350bc6da]
Jan-21 23:21:41.155 [Actor Thread 118] DEBUG nextflow.container.SingularityCache - Singularity found local store for image=https://depot.galaxyproject.org/singularity/r-linxreport:1.1.0--r44hdfd78af_0; path=/ess/p1753/cluster/Software/nf-core-oncoanalyser_2.3.0/2_3_0/../singularity-images/depot.galaxyproject.org-singularity-r-linxreport-1.1.0--r44hdfd78af_0.img
Jan-21 23:21:41.188 [Task submitter] DEBUG n.executor.local.LocalTaskHandler - Launch cmd line: /bin/bash -ue .command.run
Jan-21 23:21:41.189 [Task submitter] INFO  nextflow.Session - [6f/0f8e57] Submitted process > NFCORE_ONCOANALYSER:TARGETED:LINX_PLOTTING:LINXREPORT (IPD2051)
Jan-21 23:21:43.687 [Task monitor] DEBUG n.processor.TaskPollingMonitor - Task completed > TaskHandler[id: 71; name: NFCORE_ONCOANALYSER:TARGETED:LILAC_CALLING:LILAC (IPD2051); status: COMPLETED; exit: 0; error: -; workDir: /gpfs/projects02/p1753/cluster/TSO500_oncoanalyzer/work/f2/001c669b404aa815111625a0eccf03]
Jan-21 23:21:43.725 [Actor Thread 66] DEBUG nextflow.container.SingularityCache - Singularity found local store for image=https://depot.galaxyproject.org/singularity/hmftools-orange:4.1.2--hdfd78af_0; path=/ess/p1753/cluster/Software/nf-core-oncoanalyser_2.3.0/2_3_0/../singularity-images/depot.galaxyproject.org-singularity-hmftools-orange-4.1.2--hdfd78af_0.img
Jan-21 23:21:43.786 [Task submitter] DEBUG n.executor.local.LocalTaskHandler - Launch cmd line: /bin/bash -ue .command.run
Jan-21 23:21:43.787 [Task submitter] INFO  nextflow.Session - [47/274ee6] Submitted process > NFCORE_ONCOANALYSER:TARGETED:ORANGE_REPORTING:ORANGE (IPD2051)
Jan-21 23:21:58.679 [Task monitor] DEBUG n.processor.TaskPollingMonitor - Task completed > TaskHandler[id: 75; name: NFCORE_ONCOANALYSER:TARGETED:LINX_PLOTTING:LINXREPORT (IPD2051); status: COMPLETED; exit: 0; error: -; workDir: /gpfs/projects02/p1753/cluster/TSO500_oncoanalyzer/work/6f/0f8e57c730e502b28e5149fe1e8a94]
Jan-21 23:22:11.045 [Task monitor] DEBUG n.processor.TaskPollingMonitor - Task completed > TaskHandler[id: 76; name: NFCORE_ONCOANALYSER:TARGETED:ORANGE_REPORTING:ORANGE (IPD2051); status: COMPLETED; exit: 0; error: -; workDir: /gpfs/projects02/p1753/cluster/TSO500_oncoanalyzer/work/47/274ee600ebee308569f31313ef71c1]
Jan-21 23:23:26.643 [Task monitor] DEBUG n.processor.TaskPollingMonitor - !! executor local > tasks to be completed: 1 -- submitted tasks are shown below
~> TaskHandler[id: 66; name: NFCORE_ONCOANALYSER:TARGETED:SAGE_CALLING:SAGE_SOMATIC (IPD1832); status: RUNNING; exit: -; error: -; workDir: /gpfs/projects02/p1753/cluster/TSO500_oncoanalyzer/work/15/b8aff4d2f73fea0d7ec7be428e5583]
Jan-21 23:24:37.071 [Task monitor] DEBUG n.processor.TaskPollingMonitor - Task completed > TaskHandler[id: 66; name: NFCORE_ONCOANALYSER:TARGETED:SAGE_CALLING:SAGE_SOMATIC (IPD1832); status: COMPLETED; exit: 0; error: -; workDir: /gpfs/projects02/p1753/cluster/TSO500_oncoanalyzer/work/15/b8aff4d2f73fea0d7ec7be428e5583]
Jan-21 23:24:37.111 [Task submitter] DEBUG n.executor.local.LocalTaskHandler - Launch cmd line: /bin/bash -ue .command.run
Jan-21 23:24:37.111 [Task submitter] INFO  nextflow.Session - [b1/ad9710] Submitted process > NFCORE_ONCOANALYSER:TARGETED:PAVE_ANNOTATION:PAVE_SOMATIC (IPD1832)
Jan-21 23:27:55.665 [Task monitor] DEBUG n.processor.TaskPollingMonitor - Task completed > TaskHandler[id: 77; name: NFCORE_ONCOANALYSER:TARGETED:PAVE_ANNOTATION:PAVE_SOMATIC (IPD1832); status: COMPLETED; exit: 0; error: -; workDir: /gpfs/projects02/p1753/cluster/TSO500_oncoanalyzer/work/b1/ad97102e585d7624b694e6a047a539]
Jan-21 23:27:55.743 [Task submitter] DEBUG n.executor.local.LocalTaskHandler - Launch cmd line: /bin/bash -ue .command.run
Jan-21 23:27:55.743 [Task submitter] INFO  nextflow.Session - [56/f94553] Submitted process > NFCORE_ONCOANALYSER:TARGETED:PURPLE_CALLING:PURPLE (IPD1832)
Jan-21 23:28:22.544 [Task monitor] DEBUG n.processor.TaskPollingMonitor - Task completed > TaskHandler[id: 78; name: NFCORE_ONCOANALYSER:TARGETED:PURPLE_CALLING:PURPLE (IPD1832); status: COMPLETED; exit: 0; error: -; workDir: /gpfs/projects02/p1753/cluster/TSO500_oncoanalyzer/work/56/f945536d997273a25ab231a75153cc]
Jan-21 23:28:22.576 [Task submitter] DEBUG n.executor.local.LocalTaskHandler - Launch cmd line: /bin/bash -ue .command.run
Jan-21 23:28:22.577 [Task submitter] INFO  nextflow.Session - [7b/28a99b] Submitted process > NFCORE_ONCOANALYSER:TARGETED:LINX_ANNOTATION:LINX_SOMATIC (IPD1832)
Jan-21 23:28:22.590 [Task submitter] DEBUG n.executor.local.LocalTaskHandler - Launch cmd line: /bin/bash -ue .command.run
Jan-21 23:28:22.591 [Task submitter] INFO  nextflow.Session - [95/08a598] Submitted process > NFCORE_ONCOANALYSER:TARGETED:SAGE_APPEND:SAGE_APPEND_SOMATIC (IPD1832)
Jan-21 23:28:22.605 [Task submitter] DEBUG n.executor.local.LocalTaskHandler - Launch cmd line: /bin/bash -ue .command.run
Jan-21 23:28:22.606 [Task submitter] INFO  nextflow.Session - [76/b38962] Submitted process > NFCORE_ONCOANALYSER:TARGETED:LILAC_CALLING:LILAC (IPD1832)
Jan-21 23:28:26.650 [Task monitor] DEBUG n.processor.TaskPollingMonitor - !! executor local > tasks to be completed: 3 -- submitted tasks are shown below
~> TaskHandler[id: 79; name: NFCORE_ONCOANALYSER:TARGETED:LINX_ANNOTATION:LINX_SOMATIC (IPD1832); status: RUNNING; exit: -; error: -; workDir: /gpfs/projects02/p1753/cluster/TSO500_oncoanalyzer/work/7b/28a99bb41ced5d335a2f0c6aff2698]
~> TaskHandler[id: 81; name: NFCORE_ONCOANALYSER:TARGETED:SAGE_APPEND:SAGE_APPEND_SOMATIC (IPD1832); status: RUNNING; exit: -; error: -; workDir: /gpfs/projects02/p1753/cluster/TSO500_oncoanalyzer/work/95/08a5981031d01d40c3aae98da99ca7]
~> TaskHandler[id: 80; name: NFCORE_ONCOANALYSER:TARGETED:LILAC_CALLING:LILAC (IPD1832); status: RUNNING; exit: -; error: -; workDir: /gpfs/projects02/p1753/cluster/TSO500_oncoanalyzer/work/76/b38962f0d34b9a272c4fabdeb8ac75]
Jan-21 23:28:27.889 [Task monitor] DEBUG n.processor.TaskPollingMonitor - Task completed > TaskHandler[id: 79; name: NFCORE_ONCOANALYSER:TARGETED:LINX_ANNOTATION:LINX_SOMATIC (IPD1832); status: COMPLETED; exit: 0; error: -; workDir: /gpfs/projects02/p1753/cluster/TSO500_oncoanalyzer/work/7b/28a99bb41ced5d335a2f0c6aff2698]
Jan-21 23:28:27.919 [Task submitter] DEBUG n.executor.local.LocalTaskHandler - Launch cmd line: /bin/bash -ue .command.run
Jan-21 23:28:27.920 [Task submitter] INFO  nextflow.Session - [50/693b08] Submitted process > NFCORE_ONCOANALYSER:TARGETED:LINX_PLOTTING:LINX_VISUALISER (IPD1832)
Jan-21 23:28:30.861 [Task monitor] DEBUG n.processor.TaskPollingMonitor - Task completed > TaskHandler[id: 81; name: NFCORE_ONCOANALYSER:TARGETED:SAGE_APPEND:SAGE_APPEND_SOMATIC (IPD1832); status: COMPLETED; exit: 0; error: -; workDir: /gpfs/projects02/p1753/cluster/TSO500_oncoanalyzer/work/95/08a5981031d01d40c3aae98da99ca7]
Jan-21 23:28:42.267 [Task monitor] DEBUG n.processor.TaskPollingMonitor - Task completed > TaskHandler[id: 82; name: NFCORE_ONCOANALYSER:TARGETED:LINX_PLOTTING:LINX_VISUALISER (IPD1832); status: COMPLETED; exit: 0; error: -; workDir: /gpfs/projects02/p1753/cluster/TSO500_oncoanalyzer/work/50/693b08f451eb1c10ee744ad6de639a]
Jan-21 23:28:42.289 [Task submitter] DEBUG n.executor.local.LocalTaskHandler - Launch cmd line: /bin/bash -ue .command.run
Jan-21 23:28:42.290 [Task submitter] INFO  nextflow.Session - [5c/05edfc] Submitted process > NFCORE_ONCOANALYSER:TARGETED:LINX_PLOTTING:LINXREPORT (IPD1832)
Jan-21 23:28:58.982 [Task monitor] DEBUG n.processor.TaskPollingMonitor - Task completed > TaskHandler[id: 83; name: NFCORE_ONCOANALYSER:TARGETED:LINX_PLOTTING:LINXREPORT (IPD1832); status: COMPLETED; exit: 0; error: -; workDir: /gpfs/projects02/p1753/cluster/TSO500_oncoanalyzer/work/5c/05edfca49b68f29666361bcd6d5813]
Jan-21 23:29:41.050 [Task monitor] DEBUG n.processor.TaskPollingMonitor - Task completed > TaskHandler[id: 80; name: NFCORE_ONCOANALYSER:TARGETED:LILAC_CALLING:LILAC (IPD1832); status: COMPLETED; exit: 0; error: -; workDir: /gpfs/projects02/p1753/cluster/TSO500_oncoanalyzer/work/76/b38962f0d34b9a272c4fabdeb8ac75]
Jan-21 23:29:41.115 [Task submitter] DEBUG n.executor.local.LocalTaskHandler - Launch cmd line: /bin/bash -ue .command.run
Jan-21 23:29:41.115 [Task submitter] INFO  nextflow.Session - [3c/bd159d] Submitted process > NFCORE_ONCOANALYSER:TARGETED:ORANGE_REPORTING:ORANGE (IPD1832)
Jan-21 23:30:07.174 [Task monitor] DEBUG n.processor.TaskPollingMonitor - Task completed > TaskHandler[id: 84; name: NFCORE_ONCOANALYSER:TARGETED:ORANGE_REPORTING:ORANGE (IPD1832); status: COMPLETED; exit: 0; error: -; workDir: /gpfs/projects02/p1753/cluster/TSO500_oncoanalyzer/work/3c/bd159de539043ea176abc935d6dc28]
Jan-21 23:30:07.203 [main] DEBUG nextflow.Session - Session await > all processes finished
Jan-21 23:30:07.270 [Actor Thread 79] DEBUG nextflow.sort.BigSort - Sort completed -- entries: 23; slices: 1; internal sort time: 0.057 s; external sort time: 0.006 s; total time: 0.063 s
Jan-21 23:30:07.275 [Task monitor] DEBUG n.processor.TaskPollingMonitor - <<< barrier arrives (monitor: local) - terminating tasks monitor poll loop
Jan-21 23:30:07.275 [main] DEBUG nextflow.Session - Session await > all barriers passed
Jan-21 23:30:07.339 [Actor Thread 79] DEBUG nextflow.file.FileCollector - Saved collect-files list to: /gpfs/projects02/p1753/cluster/TSO500_oncoanalyzer/work/collect-file/f951704392c5aa3bb242b31668594752
Jan-21 23:30:07.350 [Actor Thread 79] DEBUG nextflow.file.FileCollector - Deleting file collector temp dir: /tmp/nxf-18206363557428190442
Jan-21 23:30:07.353 [main] DEBUG nextflow.util.ThreadPoolManager - Thread pool 'TaskFinalizer' shutdown completed (hard=false)
Jan-21 23:30:07.354 [main] DEBUG nextflow.util.ThreadPoolManager - Thread pool 'PublishDir' shutdown completed (hard=false)
Jan-21 23:30:07.359 [main] INFO  nextflow.Nextflow - -[0;35m[nf-core/oncoanalyser][0;32m Pipeline completed successfully[0m-
Jan-21 23:30:07.365 [main] DEBUG n.trace.WorkflowStatsObserver - Workflow completed > WorkflowStats[succeededCount=84; failedCount=0; ignoredCount=0; cachedCount=0; pendingCount=0; submittedCount=0; runningCount=0; retriesCount=0; abortedCount=0; succeedDuration=1d 10h 13m 59s; failedDuration=0ms; cachedDuration=0ms;loadCpus=0; loadMemory=0; peakRunning=6; peakCpus=64; peakMemory=512 GB; ]
Jan-21 23:30:07.366 [main] DEBUG nextflow.trace.TraceFileObserver - Workflow completed -- saving trace file
Jan-21 23:30:07.382 [main] DEBUG nextflow.trace.ReportObserver - Workflow completed -- rendering execution report
Jan-21 23:30:08.260 [main] DEBUG nextflow.trace.TimelineObserver - Workflow completed -- rendering execution timeline
Jan-21 23:30:08.970 [main] DEBUG nextflow.cache.CacheDB - Closing CacheDB done
Jan-21 23:30:09.036 [main] INFO  org.pf4j.AbstractPluginManager - Stop plugin 'nf-schema@2.4.2'
Jan-21 23:30:09.037 [main] DEBUG nextflow.plugin.BasePlugin - Plugin stopped nf-schema
Jan-21 23:30:09.038 [main] DEBUG nextflow.util.ThreadPoolManager - Thread pool 'FileTransfer' shutdown completed (hard=false)
Jan-21 23:30:09.039 [main] DEBUG nextflow.script.ScriptRunner - > Execution complete -- Goodbye
