GeneId,GeneName,Chromosome,Strand,Position,Type,FragCount,SplicedFragCount,TotalDepth,TranscriptInfo
ENSG00000171094,ALK,2,-1,29416788,ACCEPTOR,13,1,15,ENST00000389048-29
ENSG00000171094,ALK,2,-1,29419636,DONOR,5,0,18,ENST00000389048-28
ENSG00000171094,ALK,2,-1,29420542,ACCEPTOR,17,0,20,ENST00000389048-27
ENSG00000171094,ALK,2,-1,29430037,DONOR,3,0,4,ENST00000389048-26
ENSG00000171094,ALK,2,-1,29430138,ACCEPTOR,4,0,5,ENST00000389048-26
ENSG00000171094,ALK,2,-1,29432652,DONOR,7,0,9,ENST00000389048-25
ENSG00000171094,ALK,2,-1,29436850,DONOR,3,0,7,ENST00000389048-24
ENSG00000157168,NRG1,8,1,32453523,DONOR,3,2,5,ENST00000518104-2;ENST00000519301-2;ENST00000520407-2;ENST00000523534-2;ENST00000523079-2;ENST00000287842-2;ENST00000521670-2;ENST00000405005-2;ENST00000338921-2;ENST00000356819-2;ENST00000287845-2;ENST00000341377-2
ENSG00000157168,NRG1,8,1,32585596,DONOR,6,2,42,ENST00000518104-5;ENST00000519301-4;ENST00000520407-4;ENST00000523534-6;ENST00000523079-6;ENST00000287842-6;ENST00000521670-6;ENST00000405005-6;ENST00000518206-4;ENST00000522569-3;ENST00000520502-2;ENST00000518084-2;ENST00000522402-2;ENST00000519240-2;ENST00000338921-6;ENST00000356819-6;ENST00000287845-4;ENST00000341377-6;ENST00000539990-2
ENSG00000157168,NRG1,8,1,32599526,ACCEPTOR,3,0,17,ENST00000521670-7;ENST00000405005-7;ENST00000518206-5;ENST00000522402-3;ENST00000338921-7;ENST00000341377-7
ENSG00000157168,NRG1,8,1,32599593,DONOR,4,0,10,ENST00000521670-7;ENST00000405005-7;ENST00000518206-5;ENST00000522402-3;ENST00000338921-7;ENST00000341377-7
ENSG00000157168,NRG1,8,1,32611992,DONOR,3,2,9,ENST00000338921-9;ENST00000518104-8;ENST00000519301-7;ENST00000523534-9;ENST00000523079-8;ENST00000287842-8;ENST00000521670-8;ENST00000405005-8;ENST00000522569-5;ENST00000522402-4;ENST00000519240-4;ENST00000356819-9;ENST00000287845-7;ENST00000341377-9;ENST00000539990-4
ENSG00000068078,FGFR3,4,1,1801474,ACCEPTOR,3,1,47,ENST00000481110-4;ENST00000260795-3;ENST00000352904-3;ENST00000340107-4;ENST00000440486-4;ENST00000412135-4
ENSG00000068078,FGFR3,4,1,1803263,DONOR,3,2,32,ENST00000481110-5;ENST00000260795-4;ENST00000352904-4;ENST00000340107-5;ENST00000440486-5;ENST00000412135-5;ENST00000507588-1
ENSG00000068078,FGFR3,4,1,1803347,ACCEPTOR,4,0,34,ENST00000481110-6;ENST00000260795-5;ENST00000352904-5;ENST00000507588-2;ENST00000340107-6;ENST00000440486-6;ENST00000412135-6
ENSG00000068078,FGFR3,4,1,1804641,ACCEPTOR,7,0,24,ENST00000474521-3;ENST00000340107-8
ENSG00000068078,FGFR3,4,1,1805419,ACCEPTOR,15,0,19,ENST00000507588-4;ENST00000481110-8;ENST00000260795-7;ENST00000440486-8
ENSG00000068078,FGFR3,4,1,1805563,DONOR,14,0,17,ENST00000481110-8;ENST00000260795-7;ENST00000440486-8
ENSG00000068078,FGFR3,4,1,1806247,DONOR,4,1,43,ENST00000481110-9;ENST00000260795-8;ENST00000340107-9;ENST00000440486-9
ENSG00000068078,FGFR3,4,1,1806696,DONOR,4,1,33,ENST00000469068-1;ENST00000260795-9;ENST00000352904-7;ENST00000340107-10;ENST00000440486-10;ENST00000412135-8;ENST00000481110-10
ENSG00000068078,FGFR3,4,1,1807082,ACCEPTOR,6,0,31,ENST00000481110-11;ENST00000260795-10;ENST00000352904-8;ENST00000469068-2;ENST00000340107-11;ENST00000440486-11;ENST00000412135-9
ENSG00000068078,FGFR3,4,1,1807286,ACCEPTOR,6,1,62,ENST00000481110-12;ENST00000260795-11;ENST00000352904-9;ENST00000469068-3;ENST00000340107-12;ENST00000440486-12;ENST00000412135-10
ENSG00000068078,FGFR3,4,1,1807667,DONOR,4,0,63,ENST00000481110-13;ENST00000260795-12;ENST00000352904-10;ENST00000340107-13;ENST00000440486-13;ENST00000412135-11
ENSG00000068078,FGFR3,4,1,1807778,ACCEPTOR,6,1,63,ENST00000481110-14;ENST00000260795-13;ENST00000352904-11;ENST00000340107-14;ENST00000440486-14;ENST00000412135-12
ENSG00000068078,FGFR3,4,1,1807900,DONOR,7,4,43,ENST00000481110-14;ENST00000260795-13;ENST00000352904-11;ENST00000340107-14;ENST00000440486-14;ENST00000412135-12
ENSG00000068078,FGFR3,4,1,1808410,DONOR,4,2,54,ENST00000481110-15;ENST00000260795-15;ENST00000352904-13;ENST00000340107-16;ENST00000440486-16;ENST00000412135-14
ENSG00000068078,FGFR3,4,1,1808843,ACCEPTOR,3,0,44,ENST00000481110-17;ENST00000260795-17;ENST00000352904-15;ENST00000340107-18;ENST00000440486-18;ENST00000412135-16
ENSG00000122025,FLT3,13,-1,28578311,ACCEPTOR,13,3,117,ENST00000380987-25;ENST00000241453-24;ENST00000380982-24;ENST00000469894-3;ENST00000537084-23
ENSG00000122025,FLT3,13,-1,28588589,DONOR,3,1,115,ENST00000241453-23;ENST00000380987-24;ENST00000380982-23;ENST00000537084-22;ENST00000469894-1
ENSG00000122025,FLT3,13,-1,28589294,DONOR,9,1,123,ENST00000241453-22;ENST00000380987-23;ENST00000380982-22;ENST00000537084-21
ENSG00000122025,FLT3,13,-1,28589393,ACCEPTOR,12,10,90,ENST00000241453-22;ENST00000380987-23;ENST00000380982-22;ENST00000537084-21
ENSG00000122025,FLT3,13,-1,28589727,DONOR,5,1,92,ENST00000241453-21;ENST00000380987-22;ENST00000380982-21;ENST00000537084-20
ENSG00000122025,FLT3,13,-1,28592595,DONOR,10,0,13,ENST00000380982-20
ENSG00000122025,FLT3,13,-1,28592726,ACCEPTOR,12,2,85,ENST00000241453-20;ENST00000380987-21;ENST00000380982-20
ENSG00000122025,FLT3,13,-1,28597487,DONOR,5,0,85,ENST00000241453-19;ENST00000380987-20;ENST00000380982-19;ENST00000537084-19
ENSG00000122025,FLT3,13,-1,28597614,ACCEPTOR,6,5,34,ENST00000241453-19;ENST00000380987-20;ENST00000380982-19;ENST00000537084-19
ENSG00000122025,FLT3,13,-1,28599080,ACCEPTOR,11,5,83,ENST00000241453-18;ENST00000380987-19;ENST00000380982-18;ENST00000537084-18
ENSG00000122025,FLT3,13,-1,28601225,DONOR,15,0,87,ENST00000241453-17;ENST00000380987-17;ENST00000380982-17;ENST00000537084-17
ENSG00000122025,FLT3,13,-1,28601378,ACCEPTOR,12,1,113,ENST00000241453-17;ENST00000380987-17;ENST00000380982-17;ENST00000537084-17
ENSG00000122025,FLT3,13,-1,28602315,DONOR,21,1,130,ENST00000241453-16;ENST00000380987-16;ENST00000380982-16;ENST00000537084-16
ENSG00000122025,FLT3,13,-1,28602425,ACCEPTOR,6,3,83,ENST00000241453-16;ENST00000380987-16;ENST00000380982-16;ENST00000537084-16
ENSG00000122025,FLT3,13,-1,28608024,DONOR,3,0,79,ENST00000241453-15;ENST00000380987-15;ENST00000380982-15;ENST00000537084-15
ENSG00000122025,FLT3,13,-1,28608128,ACCEPTOR,12,6,113,ENST00000241453-15;ENST00000380987-15;ENST00000380982-15;ENST00000537084-15
ENSG00000122025,FLT3,13,-1,28608219,DONOR,13,0,110,ENST00000241453-14;ENST00000380987-14;ENST00000380982-14;ENST00000537084-14
ENSG00000122025,FLT3,13,-1,28608351,ACCEPTOR,10,6,88,ENST00000241453-14;ENST00000380987-14;ENST00000380982-14;ENST00000537084-14
ENSG00000122025,FLT3,13,-1,28608438,DONOR,9,0,96,ENST00000241453-13;ENST00000380987-13;ENST00000380982-13;ENST00000537084-13
ENSG00000122025,FLT3,13,-1,28608544,ACCEPTOR,21,5,136,ENST00000241453-13;ENST00000380987-13;ENST00000380982-13;ENST00000537084-13
ENSG00000122025,FLT3,13,-1,28609632,DONOR,7,0,123,ENST00000241453-12;ENST00000380987-12;ENST00000380982-12;ENST00000537084-12
ENSG00000122025,FLT3,13,-1,28609810,ACCEPTOR,4,4,70,ENST00000241453-12;ENST00000380987-12;ENST00000380982-12;ENST00000537084-12
ENSG00000122025,FLT3,13,-1,28610072,DONOR,4,1,79,ENST00000241453-11;ENST00000380987-11;ENST00000380982-11;ENST00000537084-11
ENSG00000122025,FLT3,13,-1,28610180,ACCEPTOR,5,0,94,ENST00000241453-11;ENST00000380987-11;ENST00000380982-11;ENST00000537084-11
ENSG00000122025,FLT3,13,-1,28611322,DONOR,7,0,90,ENST00000241453-10;ENST00000380987-10;ENST00000380982-10;ENST00000537084-10
ENSG00000122025,FLT3,13,-1,28611425,ACCEPTOR,36,8,202,ENST00000241453-10;ENST00000380987-10;ENST00000380982-10;ENST00000537084-10
ENSG00000122025,FLT3,13,-1,28622412,DONOR,5,0,180,ENST00000241453-9;ENST00000380987-9;ENST00000380982-9;ENST00000537084-9
ENSG00000122025,FLT3,13,-1,28622580,ACCEPTOR,9,8,128,ENST00000241453-9;ENST00000380987-9;ENST00000380982-9;ENST00000537084-9
ENSG00000122025,FLT3,13,-1,28623521,DONOR,8,0,133,ENST00000241453-8;ENST00000380987-8;ENST00000380982-8;ENST00000537084-8
ENSG00000122025,FLT3,13,-1,28623674,ACCEPTOR,19,2,123,ENST00000241453-8;ENST00000380987-8;ENST00000380982-8;ENST00000537084-8
ENSG00000122025,FLT3,13,-1,28623772,DONOR,18,0,129,ENST00000241453-7;ENST00000380987-7;ENST00000380982-7;ENST00000537084-7
ENSG00000122025,FLT3,13,-1,28623911,ACCEPTOR,26,10,169,ENST00000241453-7;ENST00000380987-7;ENST00000380982-7;ENST00000537084-7
ENSG00000122025,FLT3,13,-1,28624232,DONOR,26,1,177,ENST00000241453-6;ENST00000380987-6;ENST00000380982-6;ENST00000537084-6
ENSG00000122025,FLT3,13,-1,28624359,ACCEPTOR,8,5,65,ENST00000241453-6;ENST00000380987-6;ENST00000380982-6;ENST00000537084-6
ENSG00000122025,FLT3,13,-1,28626682,DONOR,23,0,86,ENST00000241453-5;ENST00000380987-5;ENST00000380982-5;ENST00000537084-5
ENSG00000122025,FLT3,13,-1,28626811,ACCEPTOR,15,0,119,ENST00000241453-5;ENST00000380987-5;ENST00000380982-5;ENST00000537084-5
ENSG00000122025,FLT3,13,-1,28631484,DONOR,18,2,118,ENST00000241453-4;ENST00000380987-4;ENST00000380982-4;ENST00000537084-4
ENSG00000122025,FLT3,13,-1,28631599,ACCEPTOR,9,7,98,ENST00000241453-4;ENST00000380987-4;ENST00000380982-4;ENST00000537084-4
ENSG00000122025,FLT3,13,-1,28636004,DONOR,4,0,107,ENST00000241453-3;ENST00000380987-3;ENST00000380982-3;ENST00000537084-3
ENSG00000122025,FLT3,13,-1,28636206,ACCEPTOR,16,12,112,ENST00000241453-3;ENST00000380987-3;ENST00000380982-3;ENST00000537084-3
ENSG00000122025,FLT3,13,-1,28644628,DONOR,5,0,110,ENST00000241453-2;ENST00000380987-2;ENST00000380982-2;ENST00000537084-2
ENSG00000122025,FLT3,13,-1,28644749,ACCEPTOR,3,3,41,ENST00000241453-2;ENST00000380987-2;ENST00000380982-2;ENST00000537084-2
ENSG00000140538,NTRK3,15,-1,88423659,ACCEPTOR,2,1,22,ENST00000394480-18;ENST00000557856-15;ENST00000360948-18;ENST00000357724-17;ENST00000355254-17
ENSG00000140538,NTRK3,15,-1,88472665,ACCEPTOR,2,1,27,ENST00000558676-14;ENST00000394480-17;ENST00000557856-14;ENST00000558576-2;ENST00000542733-15;ENST00000360948-16;ENST00000357724-15;ENST00000355254-16
ENSG00000140538,NTRK3,15,-1,88476415,ACCEPTOR,1,1,18,ENST00000394480-16;ENST00000557856-13;ENST00000542733-14;ENST00000558676-13;ENST00000559680-2;ENST00000360948-15;ENST00000357724-14;ENST00000355254-15
ENSG00000140538,NTRK3,15,-1,88483984,ACCEPTOR,1,1,39,ENST00000394480-15;ENST00000557856-12;ENST00000542733-13;ENST00000558676-12;ENST00000360948-14;ENST00000357724-13;ENST00000355254-14
ENSG00000140538,NTRK3,15,-1,88522694,ACCEPTOR,3,2,41,ENST00000558306-3;ENST00000317501-15;ENST00000540489-14;ENST00000537300-2
ENSG00000140538,NTRK3,15,-1,88524457,DONOR,13,0,40,ENST00000540489-13;ENST00000317501-14
ENSG00000140538,NTRK3,15,-1,88524591,ACCEPTOR,9,0,36,ENST00000540489-13;ENST00000317501-14
ENSG00000140538,NTRK3,15,-1,88576088,DONOR,6,0,80,ENST00000537300-1;ENST00000394480-14;ENST00000557856-11;ENST00000542733-12;ENST00000558676-11;ENST00000558306-2;ENST00000540489-12;ENST00000360948-13;ENST00000357724-12;ENST00000355254-13;ENST00000317501-13
ENSG00000140538,NTRK3,15,-1,88576276,ACCEPTOR,8,5,82,ENST00000394480-14;ENST00000557856-11;ENST00000542733-12;ENST00000558676-11;ENST00000558306-2;ENST00000540489-12;ENST00000360948-13;ENST00000357724-12;ENST00000355254-13;ENST00000317501-13
ENSG00000140538,NTRK3,15,-1,88669502,DONOR,7,1,84,ENST00000394480-13;ENST00000557856-10;ENST00000542733-11;ENST00000558676-10;ENST00000540489-11;ENST00000560017-3;ENST00000360948-12;ENST00000357724-11;ENST00000355254-12;ENST00000317501-12;ENST00000557897-1
ENSG00000140538,NTRK3,15,-1,88669604,ACCEPTOR,1,1,48,ENST00000394480-13;ENST00000557856-10;ENST00000542733-11;ENST00000558676-10;ENST00000540489-11;ENST00000560017-3;ENST00000360948-12;ENST00000357724-11;ENST00000355254-12;ENST00000317501-12
ENSG00000140538,NTRK3,15,-1,88670457,ACCEPTOR,2,2,110,ENST00000394480-12;ENST00000557856-9;ENST00000542733-10;ENST00000558676-9;ENST00000540489-10;ENST00000560017-2;ENST00000360948-11;ENST00000357724-10;ENST00000355254-11;ENST00000317501-11
ENSG00000140538,NTRK3,15,-1,88678332,DONOR,6,0,128,ENST00000394480-10;ENST00000557856-8;ENST00000542733-8;ENST00000558676-8;ENST00000540489-8;ENST00000559764-3;ENST00000360948-9;ENST00000357724-9;ENST00000355254-9;ENST00000317501-9
ENSG00000140538,NTRK3,15,-1,88679271,ACCEPTOR,3,1,82,ENST00000394480-9;ENST00000557856-7;ENST00000542733-7;ENST00000558676-7;ENST00000540489-7;ENST00000559764-2;ENST00000360948-8;ENST00000357724-8;ENST00000355254-8;ENST00000317501-8
ENSG00000140538,NTRK3,15,-1,88679840,ACCEPTOR,15,8,80,ENST00000394480-8;ENST00000557856-6;ENST00000542733-6;ENST00000558676-6;ENST00000540489-6;ENST00000360948-7;ENST00000357724-7;ENST00000355254-7;ENST00000317501-7
ENSG00000140538,NTRK3,15,-1,88680792,ACCEPTOR,3,0,43,ENST00000394480-7;ENST00000557856-5;ENST00000542733-5;ENST00000558676-5;ENST00000540489-5;ENST00000360948-6;ENST00000357724-6;ENST00000355254-6;ENST00000317501-6;ENST00000559188-6
ENSG00000140538,NTRK3,15,-1,88690566,DONOR,4,0,42,ENST00000394480-6;ENST00000557856-4;ENST00000542733-4;ENST00000558676-4;ENST00000540489-4;ENST00000559188-5;ENST00000360948-5;ENST00000357724-5;ENST00000355254-5;ENST00000317501-5
ENSG00000140538,NTRK3,15,-1,88690634,ACCEPTOR,6,0,99,ENST00000394480-6;ENST00000557856-4;ENST00000542733-4;ENST00000558676-4;ENST00000540489-4;ENST00000559188-5;ENST00000360948-5;ENST00000357724-5;ENST00000355254-5;ENST00000317501-5
ENSG00000140538,NTRK3,15,-1,88726649,DONOR,4,1,107,ENST00000394480-5;ENST00000557856-3;ENST00000542733-3;ENST00000558676-3;ENST00000540489-3;ENST00000559188-4;ENST00000360948-4;ENST00000357724-4;ENST00000355254-4;ENST00000317501-4
ENSG00000140538,NTRK3,15,-1,88727456,DONOR,6,0,149,ENST00000394480-4;ENST00000557856-2;ENST00000542733-2;ENST00000558676-2;ENST00000540489-2;ENST00000559188-3;ENST00000360948-3;ENST00000357724-3;ENST00000355254-3;ENST00000317501-3
ENSG00000140538,NTRK3,15,-1,88727530,ACCEPTOR,12,9,157,ENST00000394480-4;ENST00000557856-2;ENST00000542733-2;ENST00000558676-2;ENST00000540489-2;ENST00000559188-3;ENST00000360948-3;ENST00000357724-3;ENST00000355254-3;ENST00000317501-3
ENSG00000140538,NTRK3,15,-1,88799137,DONOR,8,0,162,ENST00000558676-1;ENST00000540489-1;ENST00000394480-3;ENST00000360948-2;ENST00000357724-2;ENST00000355254-2;ENST00000317501-2;ENST00000557856-1
ENSG00000140538,NTRK3,15,-1,88799399,ACCEPTOR,7,0,11,ENST00000394480-3;ENST00000360948-2;ENST00000357724-2;ENST00000355254-2;ENST00000317501-2
ENSG00000140538,NTRK3,15,-1,88799515,DONOR,54,0,72,ENST00000360948-1;ENST00000357724-1;ENST00000355254-1;ENST00000317501-1;ENST00000394480-2;ENST00000559067-2
ENSG00000140538,NTRK3,15,-1,88799717,ACCEPTOR,27,1,40,ENST00000394480-2;ENST00000559067-2
ENSG00000140538,NTRK3,15,-1,88799875,DONOR,28,0,45,ENST00000559067-1;ENST00000394480-1
ENSG00000171791,BCL2,18,-1,60795992,ACCEPTOR,13,6,96,ENST00000590515-2;ENST00000333681-3;ENST00000398117-2
ENSG00000047936,ROS1,6,-1,117609965,ACCEPTOR,7,6,187,ENST00000368508-43;ENST00000368507-44
ENSG00000047936,ROS1,6,-1,117622137,DONOR,8,0,176,ENST00000368508-42;ENST00000368507-43
ENSG00000047936,ROS1,6,-1,117622300,ACCEPTOR,9,0,243,ENST00000368508-42;ENST00000368507-43
ENSG00000047936,ROS1,6,-1,117629957,DONOR,29,0,233,ENST00000368508-41;ENST00000368507-42
ENSG00000047936,ROS1,6,-1,117630091,ACCEPTOR,8,7,124,ENST00000368508-41;ENST00000368507-42
ENSG00000047936,ROS1,6,-1,117631244,DONOR,4,0,122,ENST00000368508-40;ENST00000368507-41
ENSG00000047936,ROS1,6,-1,117631444,ACCEPTOR,8,7,132,ENST00000368508-40;ENST00000368507-41
ENSG00000047936,ROS1,6,-1,117632183,DONOR,3,1,115,ENST00000368508-39;ENST00000368507-40
ENSG00000047936,ROS1,6,-1,117632280,ACCEPTOR,12,5,168,ENST00000368508-39;ENST00000368507-40
ENSG00000047936,ROS1,6,-1,117638306,DONOR,5,0,165,ENST00000368508-38;ENST00000368507-39
ENSG00000047936,ROS1,6,-1,117638435,ACCEPTOR,16,8,257,ENST00000368508-38;ENST00000368507-39
ENSG00000047936,ROS1,6,-1,117639351,DONOR,4,1,256,ENST00000368508-37;ENST00000368507-38
ENSG00000047936,ROS1,6,-1,117639415,ACCEPTOR,13,8,241,ENST00000368508-37;ENST00000368507-38
ENSG00000047936,ROS1,6,-1,117641031,DONOR,5,0,244,ENST00000368508-36;ENST00000368507-37
ENSG00000047936,ROS1,6,-1,117641193,ACCEPTOR,4,0,102,ENST00000368508-36;ENST00000368507-37
ENSG00000047936,ROS1,6,-1,117642422,DONOR,6,0,103,ENST00000368508-35;ENST00000368507-36
ENSG00000047936,ROS1,6,-1,117642557,ACCEPTOR,14,8,185,ENST00000368508-35;ENST00000368507-36
ENSG00000047936,ROS1,6,-1,117645495,DONOR,11,0,194,ENST00000368508-34;ENST00000368507-35
ENSG00000047936,ROS1,6,-1,117645578,ACCEPTOR,4,2,119,ENST00000368508-34;ENST00000368507-35
ENSG00000047936,ROS1,6,-1,117647387,DONOR,7,0,125,ENST00000368508-33;ENST00000368507-34
ENSG00000047936,ROS1,6,-1,117647577,ACCEPTOR,19,10,367,ENST00000368508-33;ENST00000368507-34
ENSG00000047936,ROS1,6,-1,117650609,ACCEPTOR,22,14,317,ENST00000368508-32;ENST00000368507-33;ENST00000403284-2
ENSG00000047936,ROS1,6,-1,117658335,DONOR,24,1,302,ENST00000368508-31;ENST00000368507-32;ENST00000403284-1
ENSG00000047936,ROS1,6,-1,117658503,ACCEPTOR,12,3,196,ENST00000368508-31;ENST00000368507-32;ENST00000403284-1
ENSG00000047936,ROS1,6,-1,117662298,DONOR,11,0,192,ENST00000368508-30;ENST00000368507-31
ENSG00000047936,ROS1,6,-1,117662474,ACCEPTOR,18,5,185,ENST00000368508-30;ENST00000368507-31
ENSG00000047936,ROS1,6,-1,117662563,DONOR,19,0,177,ENST00000368508-29;ENST00000368507-30
ENSG00000047936,ROS1,6,-1,117662795,ACCEPTOR,27,17,225,ENST00000368508-29;ENST00000368507-30
ENSG00000047936,ROS1,6,-1,117663707,ACCEPTOR,11,4,163,ENST00000368508-28;ENST00000368507-29
ENSG00000047936,ROS1,6,-1,117665223,DONOR,15,0,168,ENST00000368508-27;ENST00000368507-28
ENSG00000047936,ROS1,6,-1,117665425,ACCEPTOR,27,12,374,ENST00000368508-27;ENST00000368507-28
ENSG00000047936,ROS1,6,-1,117674153,DONOR,49,0,479,ENST00000368507-27;ENST00000368508-26
ENSG00000047936,ROS1,6,-1,117674332,ACCEPTOR,20,14,234,ENST00000368508-26
ENSG00000047936,ROS1,6,-1,117677792,DONOR,3,0,245,ENST00000368508-25;ENST00000368507-26
ENSG00000047936,ROS1,6,-1,117678078,ACCEPTOR,16,13,428,ENST00000368508-25;ENST00000368507-26
ENSG00000047936,ROS1,6,-1,117679172,ACCEPTOR,25,15,244,ENST00000368508-24;ENST00000368507-25
ENSG00000047936,ROS1,6,-1,117680972,DONOR,18,1,245,ENST00000368508-23;ENST00000368507-24
ENSG00000047936,ROS1,6,-1,117681174,ACCEPTOR,16,14,353,ENST00000368508-23;ENST00000368507-24
ENSG00000047936,ROS1,6,-1,117681505,DONOR,3,0,356,ENST00000368508-22;ENST00000368507-23
ENSG00000047936,ROS1,6,-1,117681568,ACCEPTOR,15,13,326,ENST00000368508-22;ENST00000368507-23
ENSG00000047936,ROS1,6,-1,117683766,DONOR,14,0,330,ENST00000368508-21;ENST00000368507-22
ENSG00000047936,ROS1,6,-1,117684028,ACCEPTOR,25,21,427,ENST00000368508-21;ENST00000368507-22
ENSG00000047936,ROS1,6,-1,117686223,DONOR,24,0,420,ENST00000368508-20;ENST00000368507-21
ENSG00000047936,ROS1,6,-1,117686367,ACCEPTOR,22,17,292,ENST00000368508-20;ENST00000368507-21
ENSG00000047936,ROS1,6,-1,117686904,ACCEPTOR,10,8,146,ENST00000368508-19;ENST00000368507-20
ENSG00000047936,ROS1,6,-1,117687239,DONOR,13,0,161,ENST00000368508-18;ENST00000368507-19
ENSG00000047936,ROS1,6,-1,117687453,ACCEPTOR,42,4,208,ENST00000368508-18;ENST00000368507-19
ENSG00000047936,ROS1,6,-1,117700222,DONOR,6,0,201,ENST00000368508-17;ENST00000368507-18
ENSG00000047936,ROS1,6,-1,117700322,ACCEPTOR,17,6,200,ENST00000368508-17;ENST00000368507-18
ENSG00000047936,ROS1,6,-1,117704480,DONOR,34,0,214,ENST00000368508-16;ENST00000368507-17
ENSG00000047936,ROS1,6,-1,117704671,ACCEPTOR,28,18,248,ENST00000368508-16;ENST00000368507-17
ENSG00000047936,ROS1,6,-1,117707024,ACCEPTOR,61,26,408,ENST00000368508-15;ENST00000368507-16
ENSG00000047936,ROS1,6,-1,117708052,DONOR,24,0,412,ENST00000368508-14;ENST00000368507-15
ENSG00000047936,ROS1,6,-1,117708162,ACCEPTOR,23,10,144,ENST00000368508-14;ENST00000368507-15
ENSG00000047936,ROS1,6,-1,117708943,DONOR,8,0,135,ENST00000368508-13;ENST00000368507-14
ENSG00000047936,ROS1,6,-1,117709197,ACCEPTOR,40,0,66,ENST00000368508-13
ENSG00000047936,ROS1,6,-1,117710513,DONOR,16,0,244,ENST00000368508-12;ENST00000368507-13
ENSG00000047936,ROS1,6,-1,117711009,ACCEPTOR,39,16,322,ENST00000368508-12;ENST00000368507-13
ENSG00000047936,ROS1,6,-1,117714387,DONOR,30,0,312,ENST00000368508-11;ENST00000368507-12
ENSG00000047936,ROS1,6,-1,117714484,ACCEPTOR,33,23,378,ENST00000368508-11;ENST00000368507-12
ENSG00000047936,ROS1,6,-1,117715325,DONOR,18,0,372,ENST00000368508-10;ENST00000368507-11
ENSG00000047936,ROS1,6,-1,117715509,ACCEPTOR,29,21,442,ENST00000368508-10;ENST00000368507-11
ENSG00000047936,ROS1,6,-1,117715779,DONOR,12,0,443,ENST00000368508-9;ENST00000368507-10
ENSG00000047936,ROS1,6,-1,117715901,ACCEPTOR,23,10,269,ENST00000368508-9;ENST00000368507-10
ENSG00000047936,ROS1,6,-1,117717351,DONOR,5,0,252,ENST00000368508-8;ENST00000368507-9
ENSG00000047936,ROS1,6,-1,117717427,ACCEPTOR,44,15,340,ENST00000368508-8;ENST00000368507-9
ENSG00000047936,ROS1,6,-1,117718078,DONOR,49,0,356,ENST00000368508-7;ENST00000368507-8
ENSG00000047936,ROS1,6,-1,117718279,ACCEPTOR,22,4,183,ENST00000368508-7;ENST00000368507-8
ENSG00000047936,ROS1,6,-1,117724302,DONOR,26,0,194,ENST00000368508-6;ENST00000368507-7
ENSG00000047936,ROS1,6,-1,117724440,ACCEPTOR,33,26,432,ENST00000368508-6;ENST00000368507-7
ENSG00000047936,ROS1,6,-1,117725591,ACCEPTOR,9,6,193,ENST00000368508-5;ENST00000368507-6
ENSG00000047936,ROS1,6,-1,117730745,DONOR,5,0,196,ENST00000368508-4;ENST00000368507-5
ENSG00000047936,ROS1,6,-1,117730805,ACCEPTOR,5,1,256,ENST00000368508-4;ENST00000368507-5
ENSG00000047936,ROS1,6,-1,117737480,ACCEPTOR,5,3,251,ENST00000368508-3;ENST00000368507-3
ENSG00000047936,ROS1,6,-1,117739669,ACCEPTOR,16,10,296,ENST00000368508-2;ENST00000368507-2
ENSG00000047936,ROS1,6,-1,117746697,DONOR,15,0,298,ENST00000368508-1;ENST00000368507-1
ENSG00000102755,FLT1,13,-1,28882980,DONOR,11,2,146,ENST00000282397-28;ENST00000540678-15;ENST00000543394-8
ENSG00000102755,FLT1,13,-1,28883064,ACCEPTOR,15,9,146,ENST00000282397-28;ENST00000540678-15;ENST00000543394-8
ENSG00000102755,FLT1,13,-1,28885727,DONOR,3,0,143,ENST00000282397-27;ENST00000540678-14;ENST00000543394-7
ENSG00000102755,FLT1,13,-1,28885869,ACCEPTOR,9,5,91,ENST00000282397-27;ENST00000540678-14;ENST00000543394-7
ENSG00000102755,FLT1,13,-1,28886130,DONOR,6,1,91,ENST00000282397-26;ENST00000540678-13;ENST00000543394-6
ENSG00000102755,FLT1,13,-1,28886235,ACCEPTOR,8,0,113,ENST00000282397-26;ENST00000540678-13;ENST00000543394-6
ENSG00000102755,FLT1,13,-1,28891635,DONOR,3,0,114,ENST00000282397-25;ENST00000540678-12;ENST00000543394-5
ENSG00000102755,FLT1,13,-1,28891734,ACCEPTOR,2,2,44,ENST00000282397-25;ENST00000540678-12;ENST00000543394-5
ENSG00000102755,FLT1,13,-1,28893560,DONOR,5,0,49,ENST00000282397-24;ENST00000540678-11;ENST00000543394-4
ENSG00000102755,FLT1,13,-1,28893671,ACCEPTOR,4,0,98,ENST00000282397-24;ENST00000540678-11;ENST00000543394-4
ENSG00000102755,FLT1,13,-1,28895600,DONOR,3,0,96,ENST00000282397-23;ENST00000540678-10;ENST00000543394-3
ENSG00000102755,FLT1,13,-1,28895722,ACCEPTOR,7,5,142,ENST00000282397-23;ENST00000540678-10;ENST00000543394-3
ENSG00000102755,FLT1,13,-1,28896399,DONOR,5,0,143,ENST00000282397-22;ENST00000540678-9;ENST00000543394-2
ENSG00000102755,FLT1,13,-1,28896496,ACCEPTOR,7,6,112,ENST00000282397-22;ENST00000540678-9;ENST00000543394-2
ENSG00000102755,FLT1,13,-1,28897083,ACCEPTOR,19,15,161,ENST00000282397-21;ENST00000540678-8
ENSG00000102755,FLT1,13,-1,28901599,DONOR,8,0,166,ENST00000282397-20;ENST00000540678-7
ENSG00000102755,FLT1,13,-1,28901687,ACCEPTOR,13,6,153,ENST00000282397-20;ENST00000540678-7
ENSG00000102755,FLT1,13,-1,28903752,DONOR,8,0,150,ENST00000282397-19;ENST00000540678-6
ENSG00000102755,FLT1,13,-1,28903865,ACCEPTOR,7,5,93,ENST00000282397-19;ENST00000540678-6
ENSG00000102755,FLT1,13,-1,28908162,DONOR,7,0,110,ENST00000282397-18;ENST00000540678-5
ENSG00000102755,FLT1,13,-1,28908266,ACCEPTOR,8,5,80,ENST00000282397-18;ENST00000540678-5
ENSG00000102755,FLT1,13,-1,28913305,DONOR,11,0,85,ENST00000282397-17;ENST00000540678-4
ENSG00000102755,FLT1,13,-1,28913437,ACCEPTOR,12,8,148,ENST00000282397-17;ENST00000540678-4
ENSG00000102755,FLT1,13,-1,28919582,DONOR,5,0,151,ENST00000282397-16;ENST00000540678-3
ENSG00000102755,FLT1,13,-1,28919688,ACCEPTOR,8,3,142,ENST00000282397-16;ENST00000540678-3
ENSG00000102755,FLT1,13,-1,28931691,DONOR,7,0,141,ENST00000282397-15
ENSG00000102755,FLT1,13,-1,28931822,ACCEPTOR,12,10,112,ENST00000282397-15
ENSG00000102755,FLT1,13,-1,28942800,ACCEPTOR,11,2,37,ENST00000541932-15
ENSG00000102755,FLT1,13,-1,28959022,DONOR,12,0,139,ENST00000282397-14;ENST00000541932-14
ENSG00000102755,FLT1,13,-1,28959168,ACCEPTOR,13,9,156,ENST00000282397-14;ENST00000541932-14
ENSG00000102755,FLT1,13,-1,28963933,DONOR,212,0,417,ENST00000282397-13;ENST00000541932-13
ENSG00000102755,FLT1,13,-1,28964241,ACCEPTOR,49,25,398,ENST00000282397-13;ENST00000541932-13
ENSG00000102755,FLT1,13,-1,28971097,DONOR,18,1,401,ENST00000282397-12;ENST00000541932-12
ENSG00000102755,FLT1,13,-1,28971205,ACCEPTOR,20,10,211,ENST00000282397-12;ENST00000541932-12
ENSG00000102755,FLT1,13,-1,28973255,ACCEPTOR,51,0,70,ENST00000539099-12
ENSG00000102755,FLT1,13,-1,28979917,DONOR,34,1,254,ENST00000282397-11;ENST00000541932-11;ENST00000539099-11
ENSG00000102755,FLT1,13,-1,28980031,ACCEPTOR,32,12,468,ENST00000282397-11;ENST00000541932-11;ENST00000539099-11
ENSG00000102755,FLT1,13,-1,29001296,DONOR,66,2,511,ENST00000282397-10;ENST00000541932-10;ENST00000539099-10
ENSG00000102755,FLT1,13,-1,29001455,ACCEPTOR,60,33,568,ENST00000282397-10;ENST00000541932-10;ENST00000539099-10
ENSG00000102755,FLT1,13,-1,29001889,DONOR,28,0,555,ENST00000282397-9;ENST00000541932-9;ENST00000539099-9
ENSG00000102755,FLT1,13,-1,29002058,ACCEPTOR,54,10,308,ENST00000282397-9;ENST00000541932-9;ENST00000539099-9
ENSG00000102755,FLT1,13,-1,29004187,DONOR,34,1,273,ENST00000282397-8;ENST00000541932-8;ENST00000539099-8
ENSG00000102755,FLT1,13,-1,29004304,ACCEPTOR,29,12,335,ENST00000282397-8;ENST00000541932-8;ENST00000539099-8
ENSG00000102755,FLT1,13,-1,29005273,DONOR,25,0,322,ENST00000282397-7;ENST00000541932-7;ENST00000539099-7
ENSG00000102755,FLT1,13,-1,29005447,ACCEPTOR,5,0,308,ENST00000282397-7;ENST00000541932-7;ENST00000539099-7
ENSG00000102755,FLT1,13,-1,29007956,DONOR,3,0,309,ENST00000282397-6;ENST00000541932-6;ENST00000539099-6
ENSG00000102755,FLT1,13,-1,29008092,ACCEPTOR,16,0,770,ENST00000282397-6;ENST00000541932-6;ENST00000539099-6
ENSG00000102755,FLT1,13,-1,29008195,DONOR,6,0,761,ENST00000282397-5;ENST00000541932-5;ENST00000539099-5
ENSG00000102755,FLT1,13,-1,29008357,ACCEPTOR,90,24,548,ENST00000282397-5;ENST00000541932-5;ENST00000539099-5
ENSG00000102755,FLT1,13,-1,29012358,DONOR,98,1,605,ENST00000282397-4;ENST00000541932-4;ENST00000539099-4
ENSG00000102755,FLT1,13,-1,29012482,ACCEPTOR,53,21,400,ENST00000282397-4;ENST00000541932-4;ENST00000539099-4
ENSG00000102755,FLT1,13,-1,29041040,DONOR,76,0,435,ENST00000282397-3;ENST00000541932-3;ENST00000539099-3
ENSG00000102755,FLT1,13,-1,29041266,ACCEPTOR,53,10,276,ENST00000282397-3;ENST00000541932-3;ENST00000539099-3
ENSG00000102755,FLT1,13,-1,29041658,DONOR,69,0,309,ENST00000282397-2;ENST00000541932-2;ENST00000539099-2
ENSG00000102755,FLT1,13,-1,29041754,ACCEPTOR,90,15,325,ENST00000282397-2;ENST00000541932-2;ENST00000539099-2
ENSG00000102755,FLT1,13,-1,29068917,DONOR,14,0,250,ENST00000282397-1;ENST00000541932-1;ENST00000539099-1
ENSG00000091831,ESR1,6,1,152011799,DONOR,4,2,67,ENST00000404742-1;ENST00000440973-1
ENSG00000091831,ESR1,6,1,152023010,ACCEPTOR,4,0,72,ENST00000473497-2;ENST00000404742-2;ENST00000440973-2
ENSG00000091831,ESR1,6,1,152023140,DONOR,9,3,62,ENST00000473497-2;ENST00000404742-2;ENST00000440973-2
ENSG00000091831,ESR1,6,1,152129499,DONOR,6,4,36,ENST00000406599-1;ENST00000488573-1;ENST00000338799-2;ENST00000440973-3;ENST00000456483-2;ENST00000443427-2;ENST00000206249-1
ENSG00000091831,ESR1,6,1,152163732,ACCEPTOR,6,0,33,ENST00000338799-3;ENST00000206249-2;ENST00000427531-2;ENST00000440973-4;ENST00000456483-3;ENST00000443427-3
ENSG00000091831,ESR1,6,1,152163922,DONOR,8,2,57,ENST00000338799-3;ENST00000206249-2;ENST00000427531-2;ENST00000440973-4;ENST00000456483-3;ENST00000443427-3
ENSG00000091831,ESR1,6,1,152201790,ACCEPTOR,7,0,62,ENST00000338799-4;ENST00000206249-3;ENST00000427531-3;ENST00000440973-5;ENST00000456483-4;ENST00000443427-4
ENSG00000091831,ESR1,6,1,152201906,DONOR,6,5,52,ENST00000338799-4;ENST00000206249-3;ENST00000427531-3;ENST00000440973-5;ENST00000456483-4;ENST00000443427-4;ENST00000415488-1
ENSG00000091831,ESR1,6,1,152265643,DONOR,4,0,18,ENST00000482101-1;ENST00000338799-5;ENST00000206249-4;ENST00000427531-4;ENST00000440973-6;ENST00000443427-5
ENSG00000091831,ESR1,6,1,152382259,DONOR,3,0,27,ENST00000338799-7;ENST00000206249-6;ENST00000406599-2;ENST00000427531-6;ENST00000440973-8;ENST00000456483-6;ENST00000443427-7
ENSG00000091831,ESR1,6,1,152415520,ACCEPTOR,6,0,21,ENST00000338799-8;ENST00000206249-7;ENST00000406599-3;ENST00000440973-9;ENST00000456483-7;ENST00000443427-8
ENSG00000096968,JAK2,9,1,4985173,DONOR,19,5,88,ENST00000476574-1;ENST00000539801-1
ENSG00000096968,JAK2,9,1,4985630,DONOR,28,6,279,ENST00000381652-1
ENSG00000096968,JAK2,9,1,4985940,ACCEPTOR,56,1,388,ENST00000476574-2;ENST00000381652-2
ENSG00000096968,JAK2,9,1,4986022,DONOR,66,21,385,ENST00000476574-2;ENST00000381652-2
ENSG00000096968,JAK2,9,1,5021963,ACCEPTOR,61,0,427,ENST00000381652-3;ENST00000539801-2;ENST00000476574-3
ENSG00000096968,JAK2,9,1,5022213,DONOR,13,3,473,ENST00000381652-3;ENST00000539801-2
ENSG00000096968,JAK2,9,1,5029783,ACCEPTOR,39,0,519,ENST00000381652-4;ENST00000539801-3
ENSG00000096968,JAK2,9,1,5029906,DONOR,60,1,673,ENST00000381652-4;ENST00000539801-3
ENSG00000096968,JAK2,9,1,5044403,ACCEPTOR,54,4,643,ENST00000381652-5;ENST00000539801-4;ENST00000544510-2
ENSG00000096968,JAK2,9,1,5044520,DONOR,13,0,596,ENST00000381652-5;ENST00000539801-4;ENST00000544510-2
ENSG00000096968,JAK2,9,1,5050686,ACCEPTOR,66,3,615,ENST00000381652-6;ENST00000539801-5;ENST00000544510-3
ENSG00000096968,JAK2,9,1,5050831,DONOR,66,43,857,ENST00000381652-6;ENST00000539801-5;ENST00000544510-3
ENSG00000096968,JAK2,9,1,5054563,ACCEPTOR,36,1,850,ENST00000381652-7;ENST00000539801-6;ENST00000544510-4
ENSG00000096968,JAK2,9,1,5054884,DONOR,60,30,493,ENST00000381652-7;ENST00000539801-6;ENST00000544510-4
ENSG00000096968,JAK2,9,1,5055669,ACCEPTOR,78,3,588,ENST00000381652-8;ENST00000539801-7;ENST00000544510-5
ENSG00000096968,JAK2,9,1,5055788,DONOR,28,12,489,ENST00000381652-8;ENST00000539801-7;ENST00000544510-5
ENSG00000096968,JAK2,9,1,5064883,ACCEPTOR,34,2,497,ENST00000381652-9;ENST00000539801-8;ENST00000544510-6
ENSG00000096968,JAK2,9,1,5065040,DONOR,94,17,398,ENST00000381652-9;ENST00000539801-8;ENST00000544510-6
ENSG00000096968,JAK2,9,1,5066678,ACCEPTOR,89,0,441,ENST00000381652-10;ENST00000539801-9;ENST00000544510-7
ENSG00000096968,JAK2,9,1,5066789,DONOR,183,10,536,ENST00000381652-10;ENST00000539801-9;ENST00000544510-7
ENSG00000096968,JAK2,9,1,5069022,ACCEPTOR,237,0,534,ENST00000381652-11;ENST00000539801-10;ENST00000544510-8
ENSG00000096968,JAK2,9,1,5069208,DONOR,108,42,869,ENST00000381652-11;ENST00000539801-10;ENST00000544510-8
ENSG00000096968,JAK2,9,1,5069925,ACCEPTOR,81,4,861,ENST00000381652-12;ENST00000539801-11;ENST00000544510-9
ENSG00000096968,JAK2,9,1,5070052,DONOR,13,0,561,ENST00000381652-12;ENST00000539801-11;ENST00000544510-9
ENSG00000096968,JAK2,9,1,5072492,ACCEPTOR,10,0,551,ENST00000381652-13;ENST00000539801-12;ENST00000544510-10
ENSG00000096968,JAK2,9,1,5072626,DONOR,26,0,587,ENST00000381652-13;ENST00000539801-12;ENST00000544510-10
ENSG00000096968,JAK2,9,1,5073698,ACCEPTOR,53,1,598,ENST00000381652-14;ENST00000539801-13;ENST00000544510-11
ENSG00000096968,JAK2,9,1,5073785,DONOR,63,14,359,ENST00000381652-14;ENST00000539801-13;ENST00000544510-11
ENSG00000096968,JAK2,9,1,5077453,ACCEPTOR,14,0,303,ENST00000381652-15;ENST00000539801-14;ENST00000544510-12
ENSG00000096968,JAK2,9,1,5077580,DONOR,52,22,370,ENST00000381652-15;ENST00000539801-14;ENST00000544510-12
ENSG00000096968,JAK2,9,1,5078306,ACCEPTOR,73,0,442,ENST00000381652-16;ENST00000539801-15;ENST00000544510-13
ENSG00000096968,JAK2,9,1,5078444,DONOR,162,3,454,ENST00000381652-16;ENST00000539801-15;ENST00000544510-13
ENSG00000096968,JAK2,9,1,5080229,ACCEPTOR,66,2,337,ENST00000381652-17;ENST00000539801-16;ENST00000544510-14
ENSG00000096968,JAK2,9,1,5080380,DONOR,16,0,433,ENST00000381652-17;ENST00000539801-16;ENST00000544510-14
ENSG00000096968,JAK2,9,1,5080533,ACCEPTOR,25,0,446,ENST00000381652-18;ENST00000539801-17;ENST00000544510-15
ENSG00000096968,JAK2,9,1,5080683,DONOR,31,0,773,ENST00000381652-18;ENST00000539801-17;ENST00000544510-15
ENSG00000096968,JAK2,9,1,5081725,ACCEPTOR,87,6,766,ENST00000381652-19;ENST00000539801-18;ENST00000544510-16
ENSG00000096968,JAK2,9,1,5081861,DONOR,75,24,459,ENST00000381652-19;ENST00000539801-18;ENST00000544510-16
ENSG00000096968,JAK2,9,1,5089674,ACCEPTOR,77,1,457,ENST00000381652-20;ENST00000539801-19;ENST00000544510-17
ENSG00000096968,JAK2,9,1,5089863,DONOR,68,16,487,ENST00000381652-20;ENST00000539801-19;ENST00000544510-17
ENSG00000096968,JAK2,9,1,5090446,ACCEPTOR,36,2,451,ENST00000381652-21;ENST00000539801-20;ENST00000544510-18
ENSG00000096968,JAK2,9,1,5090570,DONOR,78,23,825,ENST00000381652-21;ENST00000539801-20;ENST00000544510-18
ENSG00000096968,JAK2,9,1,5090739,ACCEPTOR,71,0,802,ENST00000381652-22;ENST00000539801-21;ENST00000544510-19
ENSG00000096968,JAK2,9,1,5090911,DONOR,49,16,323,ENST00000381652-22;ENST00000539801-21;ENST00000544510-19
ENSG00000096968,JAK2,9,1,5123004,ACCEPTOR,19,0,301,ENST00000381652-23;ENST00000539801-22;ENST00000544510-20
ENSG00000096968,JAK2,9,1,5123121,DONOR,49,27,631,ENST00000381652-23;ENST00000539801-22;ENST00000544510-20
ENSG00000096968,JAK2,9,1,5126446,DONOR,50,0,447,ENST00000487310-1;ENST00000381652-24;ENST00000539801-23;ENST00000544510-21
ENSG00000096968,JAK2,9,1,5126684,ACCEPTOR,59,3,431,ENST00000544510-22;ENST00000539801-24;ENST00000487310-2;ENST00000381652-25
ENSG00000135446,CDK4,12,-1,58142400,ACCEPTOR,74,32,770,ENST00000553237-7;ENST00000540325-7;ENST00000312990-7;ENST00000257904-8;ENST00000552713-3;ENST00000549606-4;ENST00000546489-7
ENSG00000135446,CDK4,12,-1,58142965,DONOR,125,0,807,ENST00000257904-7;ENST00000552713-2;ENST00000549606-3;ENST00000553237-6;ENST00000546489-6;ENST00000540325-6;ENST00000312990-6
ENSG00000135446,CDK4,12,-1,58143100,ACCEPTOR,22,0,667,ENST00000257904-7;ENST00000552713-2;ENST00000549606-3;ENST00000553237-6;ENST00000546489-6;ENST00000540325-6;ENST00000312990-6;ENST00000550419-7;ENST00000551888-6;ENST00000547281-7
ENSG00000135446,CDK4,12,-1,58143237,DONOR,18,0,709,ENST00000552713-1;ENST00000257904-6;ENST00000549606-2;ENST00000553237-5;ENST00000546489-5;ENST00000551888-5;ENST00000547281-6;ENST00000550419-6;ENST00000540325-5;ENST00000312990-5
ENSG00000135446,CDK4,12,-1,58143287,ACCEPTOR,40,0,534,ENST00000257904-6;ENST00000549606-2;ENST00000553237-5;ENST00000546489-5;ENST00000551888-5;ENST00000547281-6;ENST00000550419-6;ENST00000540325-5;ENST00000312990-5
ENSG00000135446,CDK4,12,-1,58144225,DONOR,72,0,100,ENST00000550419-5
ENSG00000135446,CDK4,12,-1,58144346,ACCEPTOR,57,0,90,ENST00000550419-5
ENSG00000135446,CDK4,12,-1,58144439,DONOR,127,7,605,ENST00000551888-4;ENST00000312990-4;ENST00000257904-5;ENST00000553237-4;ENST00000546489-4;ENST00000547281-5;ENST00000540325-4
ENSG00000135446,CDK4,12,-1,58144548,ACCEPTOR,76,47,684,ENST00000257904-5;ENST00000553237-4;ENST00000546489-4;ENST00000547281-5;ENST00000540325-4;ENST00000551800-5;ENST00000552254-4
ENSG00000135446,CDK4,12,-1,58144873,ACCEPTOR,99,66,917,ENST00000552388-4;ENST00000257904-4;ENST00000553237-3;ENST00000546489-3;ENST00000547281-4;ENST00000550419-4;ENST00000551800-4;ENST00000552254-3;ENST00000540325-3;ENST00000551706-3
ENSG00000135446,CDK4,12,-1,58144990,DONOR,65,0,908,ENST00000257904-3;ENST00000546489-2;ENST00000547281-3;ENST00000550419-3;ENST00000551800-3;ENST00000552254-2;ENST00000552388-3;ENST00000551706-2
ENSG00000135446,CDK4,12,-1,58145696,DONOR,16,0,22,ENST00000547853-1
ENSG00000135446,CDK4,12,-1,58145958,DONOR,31,1,479,ENST00000549606-1;ENST00000551888-1;ENST00000551800-1;ENST00000312990-1;ENST00000553237-1;ENST00000540325-1;ENST00000550419-1;ENST00000547281-1;ENST00000546489-1;ENST00000552388-1;ENST00000551706-1;ENST00000257904-1
ENSG00000139618,BRCA2,13,1,32890559,ACCEPTOR,3,0,58,ENST00000530893-2;ENST00000380152-2;ENST00000544455-2
ENSG00000139618,BRCA2,13,1,32890664,DONOR,4,0,69,ENST00000380152-2;ENST00000544455-2
ENSG00000139618,BRCA2,13,1,32893462,DONOR,9,2,42,ENST00000380152-3;ENST00000530893-3;ENST00000544455-3
ENSG00000139618,BRCA2,13,1,32899213,ACCEPTOR,13,0,47,ENST00000380152-4;ENST00000530893-4;ENST00000544455-4
ENSG00000139618,BRCA2,13,1,32900287,DONOR,5,0,28,ENST00000380152-5;ENST00000530893-5;ENST00000544455-5
ENSG00000139618,BRCA2,13,1,32900379,ACCEPTOR,7,0,35,ENST00000380152-6;ENST00000530893-6;ENST00000544455-6
ENSG00000139618,BRCA2,13,1,32900419,DONOR,13,1,32,ENST00000380152-6;ENST00000530893-6;ENST00000544455-6
ENSG00000139618,BRCA2,13,1,32900636,ACCEPTOR,8,0,23,ENST00000380152-7;ENST00000530893-7;ENST00000544455-7
ENSG00000139618,BRCA2,13,1,32900750,DONOR,11,1,27,ENST00000380152-7;ENST00000530893-7;ENST00000544455-7
ENSG00000139618,BRCA2,13,1,32903629,DONOR,3,0,24,ENST00000380152-8;ENST00000530893-8;ENST00000544455-8
ENSG00000139618,BRCA2,13,1,32905056,ACCEPTOR,4,0,23,ENST00000380152-9;ENST00000530893-9;ENST00000544455-9
ENSG00000139618,BRCA2,13,1,32905167,DONOR,1,1,45,ENST00000380152-9;ENST00000530893-9;ENST00000544455-9
ENSG00000139618,BRCA2,13,1,32907524,DONOR,4,0,26,ENST00000380152-10;ENST00000544455-10
ENSG00000139618,BRCA2,13,1,32910402,ACCEPTOR,4,0,22,ENST00000380152-11;ENST00000544455-11
ENSG00000139618,BRCA2,13,1,32918790,DONOR,8,2,45,ENST00000380152-12;ENST00000544455-12
ENSG00000139618,BRCA2,13,1,32920964,ACCEPTOR,3,1,51,ENST00000380152-13;ENST00000544455-13
ENSG00000139618,BRCA2,13,1,32921033,DONOR,3,0,51,ENST00000380152-13;ENST00000544455-13
ENSG00000139618,BRCA2,13,1,32928998,ACCEPTOR,4,0,45,ENST00000380152-14;ENST00000544455-14
ENSG00000139618,BRCA2,13,1,32930565,ACCEPTOR,6,0,55,ENST00000380152-15;ENST00000544455-15
ENSG00000139618,BRCA2,13,1,32932066,DONOR,5,0,25,ENST00000380152-16;ENST00000544455-16
ENSG00000139618,BRCA2,13,1,32937670,DONOR,3,0,36,ENST00000380152-18;ENST00000544455-18
ENSG00000139618,BRCA2,13,1,32944539,ACCEPTOR,12,0,49,ENST00000380152-19;ENST00000544455-19
ENSG00000139618,BRCA2,13,1,32945093,ACCEPTOR,11,0,33,ENST00000380152-20;ENST00000544455-20
ENSG00000139618,BRCA2,13,1,32945237,DONOR,7,1,39,ENST00000528762-1;ENST00000380152-20;ENST00000544455-20
ENSG00000139618,BRCA2,13,1,32950807,ACCEPTOR,6,0,45,ENST00000380152-21;ENST00000528762-3;ENST00000544455-21
ENSG00000139618,BRCA2,13,1,32953454,ACCEPTOR,3,0,28,ENST00000528762-4;ENST00000380152-22;ENST00000544455-22
ENSG00000139618,BRCA2,13,1,32953652,DONOR,5,1,20,ENST00000380152-22;ENST00000544455-22
ENSG00000139618,BRCA2,13,1,32954050,DONOR,3,3,40,ENST00000380152-23;ENST00000544455-23;ENST00000470094-1
ENSG00000139618,BRCA2,13,1,32954144,ACCEPTOR,3,0,39,ENST00000380152-24;ENST00000470094-2;ENST00000544455-24
ENSG00000139618,BRCA2,13,1,32954282,DONOR,3,2,39,ENST00000380152-24;ENST00000470094-2;ENST00000544455-24
ENSG00000139618,BRCA2,13,1,32968826,ACCEPTOR,5,1,36,ENST00000380152-25;ENST00000470094-3;ENST00000544455-25
ENSG00000139618,BRCA2,13,1,32969070,DONOR,4,0,50,ENST00000380152-25;ENST00000470094-3;ENST00000544455-25
ENSG00000139618,BRCA2,13,1,32971181,DONOR,6,0,32,ENST00000533776-1;ENST00000380152-26;ENST00000470094-5;ENST00000544455-26
ENSG00000139618,BRCA2,13,1,32972299,ACCEPTOR,4,0,32,ENST00000380152-27;ENST00000544455-27;ENST00000533776-2;ENST00000470094-6
ENSG00000139618,BRCA2,13,1,32973347,DONOR,21,0,22,ENST00000380152-27;ENST00000544455-27
ENSG00000157554,ERG,21,-1,39755845,ACCEPTOR,11,2,96,ENST00000398919-12;ENST00000398905-9;ENST00000398907-9;ENST00000288319-10;ENST00000398897-9;ENST00000398911-10;ENST00000417133-12;ENST00000398910-11;ENST00000442448-11;ENST00000453032-9
ENSG00000157554,ERG,21,-1,39762964,ACCEPTOR,18,3,165,ENST00000398905-8;ENST00000398907-8;ENST00000288319-9;ENST00000398897-8;ENST00000398911-9;ENST00000417133-11;ENST00000398910-10;ENST00000453032-8;ENST00000398919-11;ENST00000442448-10
ENSG00000157554,ERG,21,-1,39763581,DONOR,5,0,159,ENST00000398905-7;ENST00000398907-7;ENST00000288319-8;ENST00000398897-7;ENST00000398911-8;ENST00000417133-10;ENST00000398910-9;ENST00000453032-7;ENST00000398919-10;ENST00000481609-8;ENST00000442448-9
ENSG00000157554,ERG,21,-1,39763637,ACCEPTOR,29,7,278,ENST00000398905-7;ENST00000398907-7;ENST00000288319-8;ENST00000398897-7;ENST00000398911-8;ENST00000417133-10;ENST00000398910-9;ENST00000453032-7;ENST00000398919-10;ENST00000481609-8;ENST00000442448-9
ENSG00000157554,ERG,21,-1,39764366,ACCEPTOR,35,11,285,ENST00000398905-6;ENST00000288319-7;ENST00000398897-6;ENST00000398911-7;ENST00000417133-9;ENST00000453032-6;ENST00000398919-9;ENST00000481609-7;ENST00000442448-8;ENST00000429727-4
ENSG00000157554,ERG,21,-1,39772567,ACCEPTOR,46,5,161,ENST00000398907-6;ENST00000288319-6;ENST00000417133-8;ENST00000398910-8;ENST00000453032-5;ENST00000398919-8;ENST00000492833-5
ENSG00000157554,ERG,21,-1,39774479,DONOR,28,0,250,ENST00000398905-5;ENST00000398907-5;ENST00000288319-5;ENST00000398897-5;ENST00000398911-6;ENST00000417133-7;ENST00000398910-7;ENST00000453032-4;ENST00000398919-7;ENST00000481609-6;ENST00000492833-4;ENST00000468474-7;ENST00000442448-7
ENSG00000157554,ERG,21,-1,39774559,ACCEPTOR,7,0,263,ENST00000398905-5;ENST00000398907-5;ENST00000288319-5;ENST00000398897-5;ENST00000398911-6;ENST00000417133-7;ENST00000398910-7;ENST00000453032-4;ENST00000398919-7;ENST00000481609-6;ENST00000492833-4;ENST00000468474-7;ENST00000442448-7
ENSG00000157554,ERG,21,-1,39775428,DONOR,16,0,287,ENST00000398905-4;ENST00000398907-4;ENST00000288319-4;ENST00000398897-4;ENST00000398911-5;ENST00000417133-6;ENST00000398910-6;ENST00000453032-3;ENST00000398919-6;ENST00000481609-5;ENST00000492833-3;ENST00000468474-6;ENST00000442448-6
ENSG00000157554,ERG,21,-1,39775631,ACCEPTOR,4,1,132,ENST00000473107-4;ENST00000398905-4;ENST00000398907-4;ENST00000288319-4;ENST00000398897-4;ENST00000398911-5;ENST00000417133-6;ENST00000398910-6;ENST00000453032-3;ENST00000398919-6;ENST00000481609-5;ENST00000492833-3;ENST00000468474-6;ENST00000442448-6
ENSG00000157554,ERG,21,-1,39795332,DONOR,17,0,175,ENST00000398905-3;ENST00000398907-3;ENST00000288319-3;ENST00000398897-3;ENST00000398911-4;ENST00000417133-5;ENST00000398910-5;ENST00000453032-2;ENST00000398919-5;ENST00000481609-4;ENST00000492833-2;ENST00000468474-5;ENST00000473107-3;ENST00000442448-5;ENST00000429727-3
ENSG00000157554,ERG,21,-1,39795483,ACCEPTOR,21,6,214,ENST00000398905-3;ENST00000398907-3;ENST00000288319-3;ENST00000398897-3;ENST00000398911-4;ENST00000417133-5;ENST00000398910-5;ENST00000453032-2;ENST00000398919-5;ENST00000481609-4;ENST00000492833-2;ENST00000468474-5;ENST00000473107-3;ENST00000442448-5;ENST00000429727-3
ENSG00000157554,ERG,21,-1,39817327,DONOR,33,0,156,ENST00000398905-2;ENST00000398907-2;ENST00000288319-2;ENST00000398911-3;ENST00000417133-4;ENST00000398910-4;ENST00000398919-4;ENST00000481609-3;ENST00000492833-1;ENST00000468474-4;ENST00000473107-2;ENST00000442448-4;ENST00000429727-2
ENSG00000157554,ERG,21,-1,39817544,ACCEPTOR,27,12,230,ENST00000398905-2;ENST00000398907-2;ENST00000288319-2;ENST00000398911-3;ENST00000417133-4;ENST00000398910-4;ENST00000398919-4;ENST00000481609-3;ENST00000492833-1;ENST00000468474-4;ENST00000473107-2;ENST00000442448-4;ENST00000429727-2
ENSG00000157554,ERG,21,-1,39844003,ACCEPTOR,40,0,78,ENST00000485493-5
ENSG00000157554,ERG,21,-1,39845950,DONOR,11,0,55,ENST00000481609-2;ENST00000485493-4
ENSG00000157554,ERG,21,-1,39846044,ACCEPTOR,17,0,60,ENST00000481609-2;ENST00000485493-4
ENSG00000157554,ERG,21,-1,39870287,DONOR,20,0,212,ENST00000481609-1;ENST00000398905-1;ENST00000398907-1;ENST00000453032-1;ENST00000288319-1;ENST00000429727-1
ENSG00000157554,ERG,21,-1,39947586,DONOR,24,1,150,ENST00000398897-2;ENST00000398911-2;ENST00000417133-3;ENST00000398910-3;ENST00000398919-3;ENST00000468474-3;ENST00000485493-3;ENST00000442448-3
ENSG00000157554,ERG,21,-1,39947671,ACCEPTOR,6,0,60,ENST00000398897-2;ENST00000398911-2;ENST00000417133-3;ENST00000398910-3;ENST00000398919-3;ENST00000468474-3;ENST00000485493-3;ENST00000442448-3
ENSG00000157554,ERG,21,-1,39956768,DONOR,17,0,75,ENST00000398897-1;ENST00000398911-1;ENST00000417133-2;ENST00000398910-2;ENST00000398919-2;ENST00000468474-2;ENST00000485493-2;ENST00000442448-2
ENSG00000157554,ERG,21,-1,39956869,ACCEPTOR,21,3,114,ENST00000398911-1;ENST00000417133-2;ENST00000398910-2;ENST00000398919-2;ENST00000468474-2;ENST00000485493-2;ENST00000442448-2
ENSG00000157554,ERG,21,-1,40032446,DONOR,10,0,46,ENST00000398919-1
ENSG00000157554,ERG,21,-1,40033582,DONOR,9,0,61,ENST00000417133-1;ENST00000398910-1;ENST00000468474-1;ENST00000485493-1;ENST00000442448-1
ENSG00000006468,ETV1,7,-1,13935712,ACCEPTOR,15,9,247,ENST00000405192-12;ENST00000403685-12;ENST00000443137-15;ENST00000403527-10;ENST00000405218-13;ENST00000242066-13;ENST00000343495-13;ENST00000420159-9;ENST00000399357-9;ENST00000430479-14;ENST00000405358-12
ENSG00000006468,ETV1,7,-1,13940464,ACCEPTOR,45,19,353,ENST00000430479-13;ENST00000405192-11;ENST00000405358-11;ENST00000403527-9;ENST00000405218-12;ENST00000443137-14;ENST00000403685-11;ENST00000242066-12;ENST00000343495-12;ENST00000420159-8;ENST00000399357-8;ENST00000493831-2
ENSG00000006468,ETV1,7,-1,13946224,ACCEPTOR,35,22,512,ENST00000472931-8;ENST00000438956-7;ENST00000430479-12;ENST00000405192-10;ENST00000405358-10;ENST00000403527-8;ENST00000405218-11;ENST00000443137-13;ENST00000403685-10;ENST00000242066-11;ENST00000343495-11;ENST00000420159-7;ENST00000399357-7
ENSG00000006468,ETV1,7,-1,13947418,DONOR,4,0,10,ENST00000443137-12
ENSG00000006468,ETV1,7,-1,13947481,ACCEPTOR,14,0,17,ENST00000443137-12
ENSG00000006468,ETV1,7,-1,13949257,DONOR,34,1,484,ENST00000430479-11;ENST00000405192-9;ENST00000405358-9;ENST00000403527-7;ENST00000405218-10;ENST00000443137-11;ENST00000403685-9;ENST00000472931-7;ENST00000438956-6;ENST00000242066-10;ENST00000343495-10;ENST00000420159-6;ENST00000399357-6
ENSG00000006468,ETV1,7,-1,13949325,ACCEPTOR,42,21,471,ENST00000430479-11;ENST00000405192-9;ENST00000405358-9;ENST00000403527-7;ENST00000405218-10;ENST00000443137-11;ENST00000403685-9;ENST00000472931-7;ENST00000438956-6;ENST00000242066-10;ENST00000343495-10;ENST00000420159-6;ENST00000399357-6
ENSG00000006468,ETV1,7,-1,13950864,DONOR,27,1,523,ENST00000430479-10;ENST00000405358-8;ENST00000403527-6;ENST00000405218-9;ENST00000443137-10;ENST00000403685-8;ENST00000472931-6;ENST00000438956-5;ENST00000242066-9;ENST00000343495-9;ENST00000420159-5;ENST00000399357-5
ENSG00000006468,ETV1,7,-1,13950932,ACCEPTOR,54,18,514,ENST00000430479-10;ENST00000405358-8;ENST00000403527-6;ENST00000405218-9;ENST00000443137-10;ENST00000403685-8;ENST00000472931-6;ENST00000438956-5;ENST00000242066-9;ENST00000343495-9;ENST00000420159-5;ENST00000399357-5;ENST00000476720-6
ENSG00000006468,ETV1,7,-1,13971127,DONOR,39,0,509,ENST00000430479-9;ENST00000405192-8;ENST00000405358-7;ENST00000403527-5;ENST00000405218-8;ENST00000443137-9;ENST00000403685-7;ENST00000472931-5;ENST00000438956-4;ENST00000476720-5;ENST00000443608-4;ENST00000242066-8;ENST00000343495-8;ENST00000420159-4;ENST00000399357-4
ENSG00000006468,ETV1,7,-1,13971374,ACCEPTOR,43,24,944,ENST00000497115-6;ENST00000430479-9;ENST00000405192-8;ENST00000405358-7;ENST00000403527-5;ENST00000405218-8;ENST00000443137-9;ENST00000403685-7;ENST00000472931-5;ENST00000438956-4;ENST00000476720-5;ENST00000443608-4;ENST00000242066-8;ENST00000343495-8;ENST00000420159-4;ENST00000399357-4
ENSG00000006468,ETV1,7,-1,13975333,DONOR,10,0,784,ENST00000430479-8;ENST00000405192-7;ENST00000405358-6;ENST00000403527-4;ENST00000405218-7;ENST00000443137-8;ENST00000403685-6;ENST00000472931-4;ENST00000438956-3;ENST00000476720-4;ENST00000497115-5;ENST00000242066-7;ENST00000343495-7;ENST00000420159-3
ENSG00000006468,ETV1,7,-1,13975521,ACCEPTOR,62,35,793,ENST00000421381-7;ENST00000476355-5;ENST00000430479-8;ENST00000405192-7;ENST00000405358-6;ENST00000403527-4;ENST00000405218-7;ENST00000443137-8;ENST00000403685-6;ENST00000472931-4;ENST00000438956-3;ENST00000476720-4;ENST00000497115-5;ENST00000242066-7;ENST00000343495-7;ENST00000420159-3
ENSG00000006468,ETV1,7,-1,13978742,DONOR,6,0,937,ENST00000430479-7;ENST00000405192-6;ENST00000405358-5;ENST00000403527-3;ENST00000405218-6;ENST00000443137-7;ENST00000403685-5;ENST00000472931-3;ENST00000438956-2;ENST00000476720-3;ENST00000443608-3;ENST00000497115-4;ENST00000476355-4;ENST00000421381-6;ENST00000242066-6;ENST00000343495-6;ENST00000420159-2;ENST00000399357-3
ENSG00000006468,ETV1,7,-1,13978871,ACCEPTOR,10,0,505,ENST00000430479-7;ENST00000405192-6;ENST00000405358-5;ENST00000403527-3;ENST00000405218-6;ENST00000443137-7;ENST00000403685-5;ENST00000472931-3;ENST00000438956-2;ENST00000476720-3;ENST00000443608-3;ENST00000497115-4;ENST00000476355-4;ENST00000421381-6;ENST00000242066-6;ENST00000343495-6;ENST00000420159-2;ENST00000399357-3;ENST00000431887-7
ENSG00000006468,ETV1,7,-1,14017052,DONOR,4,0,488,ENST00000430479-6;ENST00000405192-5;ENST00000405358-4;ENST00000403527-2;ENST00000405218-5;ENST00000443137-6;ENST00000472931-2;ENST00000476720-2;ENST00000443608-2;ENST00000497115-3;ENST00000476355-3;ENST00000421381-5;ENST00000431887-6;ENST00000460438-4;ENST00000483075-5;ENST00000399357-2
ENSG00000006468,ETV1,7,-1,14017105,ACCEPTOR,11,6,390,ENST00000430479-6;ENST00000405192-5;ENST00000405358-4;ENST00000403527-2;ENST00000405218-5;ENST00000443137-6;ENST00000472931-2;ENST00000476720-2;ENST00000443608-2;ENST00000497115-3;ENST00000476355-3;ENST00000421381-5;ENST00000431887-6;ENST00000460438-4;ENST00000483075-5;ENST00000399357-2
ENSG00000006468,ETV1,7,-1,14025741,DONOR,15,0,28,ENST00000443608-1;ENST00000403527-1;ENST00000420159-1;ENST00000399357-1;ENST00000438956-1
ENSG00000006468,ETV1,7,-1,14026263,DONOR,13,0,390,ENST00000430479-5;ENST00000405192-4;ENST00000405358-3;ENST00000405218-4;ENST00000443137-5;ENST00000403685-4;ENST00000497115-2;ENST00000476355-2;ENST00000421381-4;ENST00000431887-5;ENST00000460438-3;ENST00000483075-4;ENST00000242066-5;ENST00000343495-5
ENSG00000006468,ETV1,7,-1,14026310,ACCEPTOR,26,12,433,ENST00000430479-5;ENST00000405192-4;ENST00000405358-3;ENST00000405218-4;ENST00000443137-5;ENST00000403685-4;ENST00000497115-2;ENST00000476355-2;ENST00000421381-4;ENST00000431887-5;ENST00000460438-3;ENST00000483075-4;ENST00000242066-5;ENST00000343495-5
ENSG00000006468,ETV1,7,-1,14027711,DONOR,16,2,434,ENST00000430479-4;ENST00000405192-3;ENST00000405358-2;ENST00000405218-3;ENST00000443137-4;ENST00000403685-3;ENST00000421381-3;ENST00000431887-4;ENST00000460438-2;ENST00000483075-3;ENST00000242066-4;ENST00000343495-4;ENST00000476355-1
ENSG00000006468,ETV1,7,-1,14028764,ACCEPTOR,41,19,316,ENST00000430479-3;ENST00000405192-2;ENST00000405218-2;ENST00000443137-3;ENST00000403685-2;ENST00000421381-2;ENST00000431887-3;ENST00000483075-2;ENST00000433547-2;ENST00000242066-3;ENST00000343495-3
ENSG00000006468,ETV1,7,-1,14028893,DONOR,14,0,95,ENST00000430479-2;ENST00000443137-2;ENST00000343495-2;ENST00000433547-1
ENSG00000006468,ETV1,7,-1,14030327,ACCEPTOR,6,0,7,ENST00000431887-2;ENST00000242066-2
ENSG00000006468,ETV1,7,-1,14030953,DONOR,4,0,11,ENST00000431887-1;ENST00000421381-1;ENST00000242066-1
ENSG00000169083,AR,X,1,66766604,DONOR,8,0,141,ENST00000374690-1;ENST00000396044-1;ENST00000513847-1;ENST00000504326-1;ENST00000514029-1
ENSG00000169083,AR,X,1,66788864,DONOR,21,0,24,ENST00000396043-1
ENSG00000169083,AR,X,1,66863098,ACCEPTOR,10,0,140,ENST00000374690-2;ENST00000513847-2;ENST00000504326-2;ENST00000514029-2;ENST00000396043-2;ENST00000396044-2
ENSG00000169083,AR,X,1,66863249,DONOR,22,2,104,ENST00000374690-2;ENST00000513847-2;ENST00000504326-2;ENST00000514029-2;ENST00000396043-2;ENST00000396044-2
ENSG00000169083,AR,X,1,66905852,ACCEPTOR,16,0,97,ENST00000374690-3;ENST00000513847-3;ENST00000504326-3;ENST00000514029-4;ENST00000396043-3;ENST00000396044-3
ENSG00000169083,AR,X,1,66905968,DONOR,5,0,124,ENST00000374690-3;ENST00000513847-3;ENST00000504326-3;ENST00000514029-4;ENST00000396043-3;ENST00000396044-3
ENSG00000169083,AR,X,1,66931244,ACCEPTOR,6,1,111,ENST00000374690-4;ENST00000396043-4;ENST00000396044-4
ENSG00000169083,AR,X,1,66931531,DONOR,4,0,45,ENST00000374690-4;ENST00000396043-4;ENST00000396044-4
ENSG00000169083,AR,X,1,66937320,ACCEPTOR,3,0,44,ENST00000374690-5;ENST00000396043-5
ENSG00000169083,AR,X,1,66937464,DONOR,20,14,170,ENST00000374690-5;ENST00000396043-5
ENSG00000169083,AR,X,1,66941675,ACCEPTOR,3,0,168,ENST00000374690-6;ENST00000396043-6
ENSG00000169083,AR,X,1,66942669,ACCEPTOR,6,0,148,ENST00000374690-7;ENST00000396043-7
ENSG00000169083,AR,X,1,66943528,ACCEPTOR,4,0,115,ENST00000396043-8;ENST00000374690-8;ENST00000396044-5
ENSG00000171843,MLLT3,9,-1,20346572,ACCEPTOR,43,13,428,ENST00000355930-10;ENST00000380321-7;ENST00000488705-4;ENST00000429426-11;ENST00000469261-3;ENST00000380338-11;ENST00000380323-6
ENSG00000171843,MLLT3,9,-1,20353523,DONOR,25,2,385,ENST00000380338-10;ENST00000488705-3;ENST00000380321-6;ENST00000429426-10
ENSG00000171843,MLLT3,9,-1,20353594,ACCEPTOR,32,8,322,ENST00000380338-10;ENST00000488705-3;ENST00000380321-6;ENST00000429426-10
ENSG00000171843,MLLT3,9,-1,20354806,DONOR,89,1,369,ENST00000380338-9;ENST00000380323-5;ENST00000488705-2;ENST00000380321-5;ENST00000429426-9;ENST00000355930-9
ENSG00000171843,MLLT3,9,-1,20354877,ACCEPTOR,65,7,372,ENST00000380338-9;ENST00000380323-5;ENST00000488705-2;ENST00000380321-5;ENST00000429426-9;ENST00000355930-9
ENSG00000171843,MLLT3,9,-1,20360740,DONOR,47,1,422,ENST00000380338-8;ENST00000380323-4;ENST00000469261-2;ENST00000380321-4;ENST00000468513-5;ENST00000429426-8;ENST00000355930-8
ENSG00000171843,MLLT3,9,-1,20360839,ACCEPTOR,62,10,329,ENST00000380338-8;ENST00000380323-4;ENST00000469261-2;ENST00000380321-4;ENST00000468513-5;ENST00000429426-8;ENST00000355930-8;ENST00000491137-5
ENSG00000171843,MLLT3,9,-1,20363603,ACCEPTOR,24,4,195,ENST00000475957-5;ENST00000380338-7;ENST00000380323-3;ENST00000380321-3;ENST00000468513-4;ENST00000491137-4;ENST00000429426-7;ENST00000355930-7
ENSG00000171843,MLLT3,9,-1,20365667,DONOR,21,1,189,ENST00000380338-6;ENST00000380323-2;ENST00000380321-2;ENST00000468513-3;ENST00000491137-3;ENST00000475957-4;ENST00000429426-6;ENST00000355930-6
ENSG00000171843,MLLT3,9,-1,20365742,ACCEPTOR,51,0,597,ENST00000380338-6;ENST00000380323-2;ENST00000380321-2;ENST00000468513-3;ENST00000491137-3;ENST00000475957-4;ENST00000429426-6;ENST00000355930-6
ENSG00000171843,MLLT3,9,-1,20413719,DONOR,23,0,550,ENST00000380338-5;ENST00000475957-3;ENST00000429426-5;ENST00000355930-5
ENSG00000171843,MLLT3,9,-1,20414423,ACCEPTOR,33,14,741,ENST00000380338-5;ENST00000475957-3;ENST00000429426-5;ENST00000355930-5
ENSG00000171843,MLLT3,9,-1,20448121,DONOR,42,0,698,ENST00000380338-4;ENST00000429426-4;ENST00000355930-4
ENSG00000171843,MLLT3,9,-1,20448264,ACCEPTOR,45,26,357,ENST00000380338-4;ENST00000429426-4;ENST00000355930-4
ENSG00000171843,MLLT3,9,-1,20456702,DONOR,50,9,379,ENST00000380338-3;ENST00000429426-3;ENST00000355930-3
ENSG00000171843,MLLT3,9,-1,20456784,ACCEPTOR,8,5,229,ENST00000380338-3;ENST00000429426-3;ENST00000355930-3
ENSG00000171843,MLLT3,9,-1,20620653,DONOR,57,1,291,ENST00000380338-2;ENST00000475957-2;ENST00000429426-2;ENST00000355930-2
ENSG00000171843,MLLT3,9,-1,20620833,ACCEPTOR,15,5,128,ENST00000380338-2;ENST00000475957-2;ENST00000429426-2;ENST00000355930-2
ENSG00000171843,MLLT3,9,-1,20622244,DONOR,4,0,113,ENST00000380338-1;ENST00000475957-1;ENST00000355930-1
ENSG00000132170,PPARG,3,1,12330633,DONOR,360,0,1275,ENST00000455517-1;ENST00000397012-1;ENST00000497594-1;ENST00000397026-1
ENSG00000132170,PPARG,3,1,12353879,ACCEPTOR,501,7,1485,ENST00000397010-2;ENST00000309576-2;ENST00000397012-2;ENST00000397026-2;ENST00000497594-2;ENST00000438682-2
ENSG00000132170,PPARG,3,1,12353952,DONOR,156,4,1454,ENST00000397010-2;ENST00000309576-2;ENST00000397012-2;ENST00000397026-2;ENST00000497594-2;ENST00000438682-2;ENST00000397000-1;ENST00000539812-1
ENSG00000132170,PPARG,3,1,12393173,DONOR,425,0,564,ENST00000477039-1;ENST00000287820-1;ENST00000397023-1
ENSG00000132170,PPARG,3,1,12421203,ACCEPTOR,175,2,2295,ENST00000455517-2;ENST00000397010-3;ENST00000397029-2;ENST00000309576-3;ENST00000397015-2;ENST00000397012-3;ENST00000397026-4;ENST00000497594-3;ENST00000438682-3;ENST00000397000-2;ENST00000477039-2;ENST00000287820-2;ENST00000397023-3;ENST00000539812-2
ENSG00000132170,PPARG,3,1,12421430,DONOR,270,43,1129,ENST00000396999-1;ENST00000397010-3;ENST00000397029-2;ENST00000309576-3;ENST00000397015-2;ENST00000397012-3;ENST00000397026-4;ENST00000497594-3;ENST00000438682-3;ENST00000397000-2;ENST00000477039-2;ENST00000287820-2;ENST00000397023-3;ENST00000539812-2
ENSG00000132170,PPARG,3,1,12422821,ACCEPTOR,67,1,935,ENST00000438682-4;ENST00000397010-4;ENST00000397029-3;ENST00000309576-4;ENST00000397015-3;ENST00000397012-4;ENST00000397026-5;ENST00000497594-4;ENST00000397000-3;ENST00000477039-3;ENST00000287820-3;ENST00000397023-4;ENST00000396999-2;ENST00000539812-3
ENSG00000132170,PPARG,3,1,12422990,DONOR,84,29,755,ENST00000397010-4;ENST00000397029-3;ENST00000309576-4;ENST00000397015-3;ENST00000397012-4;ENST00000397026-5;ENST00000497594-4;ENST00000397000-3;ENST00000477039-3;ENST00000287820-3;ENST00000397023-4;ENST00000396999-2;ENST00000539812-3
ENSG00000132170,PPARG,3,1,12434113,ACCEPTOR,59,1,742,ENST00000397010-5;ENST00000309576-5;ENST00000397015-4;ENST00000397012-5;ENST00000397026-6;ENST00000497594-5;ENST00000397000-4;ENST00000477039-4;ENST00000287820-4;ENST00000397023-5;ENST00000396999-3;ENST00000539812-4
ENSG00000132170,PPARG,3,1,12434251,DONOR,291,9,1147,ENST00000397010-5;ENST00000309576-5;ENST00000397015-4;ENST00000397012-5;ENST00000397026-6;ENST00000497594-5;ENST00000397000-4;ENST00000477039-4;ENST00000287820-4;ENST00000397023-5;ENST00000396999-3;ENST00000539812-4
ENSG00000132170,PPARG,3,1,12447381,ACCEPTOR,126,2,827,ENST00000397010-6;ENST00000309576-6;ENST00000397015-5;ENST00000397012-6;ENST00000397026-7;ENST00000397000-5;ENST00000287820-5;ENST00000397023-6;ENST00000396999-5;ENST00000539812-5;ENST00000497594-6;ENST00000477039-5
ENSG00000132170,PPARG,3,1,12458203,ACCEPTOR,37,0,1082,ENST00000397010-7;ENST00000309576-7;ENST00000397015-6;ENST00000397012-7;ENST00000397026-8;ENST00000287820-6;ENST00000397023-7;ENST00000396999-6
ENSG00000132170,PPARG,3,1,12458653,DONOR,9,0,1023,ENST00000397010-7;ENST00000309576-7;ENST00000397015-6;ENST00000397012-7;ENST00000397026-8;ENST00000287820-6;ENST00000397023-7;ENST00000396999-6
ENSG00000132170,PPARG,3,1,12475397,ACCEPTOR,75,2,1034,ENST00000397026-9;ENST00000397000-6;ENST00000539812-6;ENST00000397015-7;ENST00000397010-8;ENST00000309576-8;ENST00000397012-8;ENST00000397023-8;ENST00000287820-7
ENSG00000184012,TMPRSS2,21,-1,42838080,ACCEPTOR,24,7,263,ENST00000488556-2;ENST00000458356-14;ENST00000398585-14;ENST00000332149-14
ENSG00000184012,TMPRSS2,21,-1,42839661,DONOR,22,0,278,ENST00000488556-1;ENST00000332149-13;ENST00000458356-13;ENST00000454499-14;ENST00000398585-13
ENSG00000184012,TMPRSS2,21,-1,42840323,DONOR,22,0,215,ENST00000332149-12;ENST00000458356-12;ENST00000454499-13;ENST00000398585-12;ENST00000469395-1
ENSG00000184012,TMPRSS2,21,-1,42842575,DONOR,27,1,294,ENST00000332149-11;ENST00000458356-11;ENST00000454499-12;ENST00000398585-11
ENSG00000184012,TMPRSS2,21,-1,42842670,ACCEPTOR,14,7,216,ENST00000332149-11;ENST00000458356-11;ENST00000454499-12;ENST00000398585-11
ENSG00000184012,TMPRSS2,21,-1,42843733,DONOR,11,0,215,ENST00000332149-10;ENST00000458356-10;ENST00000454499-11;ENST00000398585-10
ENSG00000184012,TMPRSS2,21,-1,42843908,ACCEPTOR,18,0,259,ENST00000332149-10;ENST00000458356-10;ENST00000454499-11;ENST00000398585-10
ENSG00000184012,TMPRSS2,21,-1,42845252,DONOR,3,0,245,ENST00000332149-9;ENST00000458356-9;ENST00000454499-10;ENST00000398585-9
ENSG00000184012,TMPRSS2,21,-1,42845423,ACCEPTOR,11,5,265,ENST00000332149-9;ENST00000458356-9;ENST00000454499-10;ENST00000398585-9;ENST00000424093-8
ENSG00000184012,TMPRSS2,21,-1,42848504,DONOR,5,0,278,ENST00000332149-8;ENST00000458356-8;ENST00000454499-9;ENST00000424093-7;ENST00000398585-8
ENSG00000184012,TMPRSS2,21,-1,42848547,ACCEPTOR,20,6,259,ENST00000332149-8;ENST00000458356-8;ENST00000454499-9;ENST00000424093-7;ENST00000398585-8
ENSG00000184012,TMPRSS2,21,-1,42851099,DONOR,31,0,289,ENST00000332149-7;ENST00000458356-7;ENST00000454499-8;ENST00000424093-6;ENST00000398585-7
ENSG00000184012,TMPRSS2,21,-1,42851209,ACCEPTOR,49,14,332,ENST00000332149-7;ENST00000458356-7;ENST00000454499-8;ENST00000424093-6;ENST00000398585-7
ENSG00000184012,TMPRSS2,21,-1,42852403,DONOR,39,1,310,ENST00000332149-6;ENST00000458356-6;ENST00000454499-7;ENST00000424093-5;ENST00000398585-6
ENSG00000184012,TMPRSS2,21,-1,42852529,ACCEPTOR,30,14,252,ENST00000332149-6;ENST00000458356-6;ENST00000454499-7;ENST00000424093-5;ENST00000398585-6
ENSG00000184012,TMPRSS2,21,-1,42860321,DONOR,19,0,217,ENST00000332149-5;ENST00000458356-5;ENST00000454499-6;ENST00000398585-5
ENSG00000184012,TMPRSS2,21,-1,42860440,ACCEPTOR,25,0,234,ENST00000463138-4;ENST00000332149-5;ENST00000458356-5;ENST00000454499-6;ENST00000398585-5
ENSG00000184012,TMPRSS2,21,-1,42861434,DONOR,37,6,282,ENST00000332149-4;ENST00000458356-4;ENST00000454499-5;ENST00000424093-4;ENST00000463138-3;ENST00000398585-4
ENSG00000184012,TMPRSS2,21,-1,42861520,ACCEPTOR,33,13,247,ENST00000332149-4;ENST00000458356-4;ENST00000454499-5;ENST00000424093-4;ENST00000463138-3;ENST00000398585-4
ENSG00000184012,TMPRSS2,21,-1,42866283,DONOR,60,0,279,ENST00000332149-3;ENST00000458356-3;ENST00000454499-4;ENST00000424093-3;ENST00000455813-3;ENST00000398585-3
ENSG00000184012,TMPRSS2,21,-1,42866505,ACCEPTOR,52,0,998,ENST00000332149-3;ENST00000458356-3;ENST00000454499-4;ENST00000424093-3;ENST00000455813-3;ENST00000398585-3
ENSG00000184012,TMPRSS2,21,-1,42870046,DONOR,28,0,984,ENST00000332149-2;ENST00000458356-2;ENST00000454499-3;ENST00000424093-2;ENST00000497881-2;ENST00000463138-2;ENST00000455813-2;ENST00000398585-2
ENSG00000184012,TMPRSS2,21,-1,42870116,ACCEPTOR,36,9,673,ENST00000332149-2;ENST00000458356-2;ENST00000454499-3;ENST00000424093-2;ENST00000497881-2;ENST00000463138-2;ENST00000455813-2;ENST00000398585-2
ENSG00000184012,TMPRSS2,21,-1,42879877,DONOR,3,0,133,ENST00000458356-1;ENST00000398585-1
ENSG00000184012,TMPRSS2,21,-1,42880008,DONOR,11,0,481,ENST00000463138-1;ENST00000332149-1;ENST00000424093-1;ENST00000497881-1
ENSG00000182578,CSF1R,5,-1,149433787,ACCEPTOR,55,35,477,ENST00000504875-20;ENST00000286301-22;ENST00000509861-2
ENSG00000182578,CSF1R,5,-1,149433885,DONOR,33,1,538,ENST00000509861-1;ENST00000504875-19;ENST00000286301-21
ENSG00000182578,CSF1R,5,-1,149434800,DONOR,62,3,782,ENST00000504875-18;ENST00000286301-20
ENSG00000182578,CSF1R,5,-1,149434899,ACCEPTOR,88,43,809,ENST00000504875-18;ENST00000286301-20
ENSG00000182578,CSF1R,5,-1,149435589,DONOR,48,1,780,ENST00000504875-17;ENST00000286301-19;ENST00000515068-7
ENSG00000182578,CSF1R,5,-1,149435700,ACCEPTOR,8,0,493,ENST00000504875-17;ENST00000286301-19;ENST00000515068-7
ENSG00000182578,CSF1R,5,-1,149435782,DONOR,48,2,502,ENST00000504875-16;ENST00000286301-18;ENST00000515068-6
ENSG00000182578,CSF1R,5,-1,149435904,ACCEPTOR,30,2,900,ENST00000504875-16;ENST00000286301-18;ENST00000515068-6
ENSG00000182578,CSF1R,5,-1,149436850,DONOR,6,0,884,ENST00000504875-15;ENST00000286301-17;ENST00000515068-5
ENSG00000182578,CSF1R,5,-1,149436947,ACCEPTOR,77,59,863,ENST00000504875-15;ENST00000286301-17;ENST00000515068-5
ENSG00000182578,CSF1R,5,-1,149437067,DONOR,11,1,876,ENST00000504875-14;ENST00000286301-16;ENST00000515068-4
ENSG00000182578,CSF1R,5,-1,149437155,ACCEPTOR,27,11,415,ENST00000504875-14;ENST00000286301-16;ENST00000515068-4
ENSG00000182578,CSF1R,5,-1,149439263,DONOR,25,2,390,ENST00000286301-15
ENSG00000182578,CSF1R,5,-1,149439425,ACCEPTOR,37,17,443,ENST00000515239-5;ENST00000513609-4;ENST00000286301-15
ENSG00000182578,CSF1R,5,-1,149440425,DONOR,32,4,444,ENST00000504875-13;ENST00000286301-14;ENST00000515068-2;ENST00000515239-4;ENST00000513609-3
ENSG00000182578,CSF1R,5,-1,149440535,ACCEPTOR,13,0,547,ENST00000504875-13;ENST00000286301-14;ENST00000515068-2;ENST00000515239-4;ENST00000513609-3
ENSG00000182578,CSF1R,5,-1,149441054,DONOR,4,0,521,ENST00000504875-12;ENST00000286301-13;ENST00000515239-3;ENST00000513609-2
ENSG00000182578,CSF1R,5,-1,149441412,ACCEPTOR,78,34,776,ENST00000513609-2;ENST00000504875-11;ENST00000286301-12;ENST00000515239-2
ENSG00000182578,CSF1R,5,-1,149447778,DONOR,12,0,754,ENST00000504875-10;ENST00000286301-11
ENSG00000182578,CSF1R,5,-1,149447893,ACCEPTOR,43,31,415,ENST00000504875-10;ENST00000286301-11
ENSG00000182578,CSF1R,5,-1,149449436,DONOR,22,0,418,ENST00000504875-9;ENST00000286301-10
ENSG00000182578,CSF1R,5,-1,149449626,ACCEPTOR,29,23,505,ENST00000504875-9;ENST00000286301-10
ENSG00000182578,CSF1R,5,-1,149449745,DONOR,30,0,501,ENST00000504875-8;ENST00000286301-9
ENSG00000182578,CSF1R,5,-1,149449865,ACCEPTOR,16,0,1070,ENST00000504875-8;ENST00000286301-9
ENSG00000182578,CSF1R,5,-1,149450134,ACCEPTOR,142,90,1161,ENST00000504875-7;ENST00000286301-8;ENST00000543093-6
ENSG00000182578,CSF1R,5,-1,149452864,DONOR,179,2,1257,ENST00000504875-6;ENST00000286301-7
ENSG00000182578,CSF1R,5,-1,149453056,ACCEPTOR,50,18,354,ENST00000504875-6;ENST00000286301-7
ENSG00000182578,CSF1R,5,-1,149456998,ACCEPTOR,286,152,2041,ENST00000502660-5;ENST00000504875-5;ENST00000286301-6;ENST00000543093-5
ENSG00000182578,CSF1R,5,-1,149457675,DONOR,95,6,2022,ENST00000504875-4;ENST00000286301-5;ENST00000502660-4;ENST00000543093-4
ENSG00000182578,CSF1R,5,-1,149457811,ACCEPTOR,62,35,690,ENST00000504875-4;ENST00000286301-5;ENST00000502660-4;ENST00000543093-4
ENSG00000182578,CSF1R,5,-1,149459615,DONOR,18,0,679,ENST00000504875-3;ENST00000286301-4;ENST00000502660-3;ENST00000511344-3;ENST00000543093-3
ENSG00000182578,CSF1R,5,-1,149459899,ACCEPTOR,67,52,758,ENST00000504875-3;ENST00000286301-4;ENST00000502660-3;ENST00000511344-3;ENST00000543093-3
ENSG00000182578,CSF1R,5,-1,149460330,DONOR,23,0,811,ENST00000504875-2;ENST00000286301-3;ENST00000502660-2;ENST00000511344-2;ENST00000543093-2
ENSG00000182578,CSF1R,5,-1,149460587,ACCEPTOR,44,34,465,ENST00000504875-2;ENST00000286301-3;ENST00000502660-2;ENST00000511344-2;ENST00000543093-2
ENSG00000182578,CSF1R,5,-1,149465942,DONOR,13,0,439,ENST00000502660-1;ENST00000286301-2;ENST00000504875-1;ENST00000543093-1
ENSG00000182578,CSF1R,5,-1,149466170,ACCEPTOR,9,0,18,ENST00000286301-2
ENSG00000182578,CSF1R,5,-1,149492824,DONOR,18,0,30,ENST00000286301-1;ENST00000511344-1
ENSG00000148053,NTRK2,9,1,87284595,ACCEPTOR,7,0,12,ENST00000376214-3;ENST00000376213-3
ENSG00000148053,NTRK2,9,1,87285292,ACCEPTOR,6,0,61,ENST00000376208-2;ENST00000304053-2;ENST00000277120-2;ENST00000376214-4;ENST00000376213-4;ENST00000395882-2
ENSG00000148053,NTRK2,9,1,87317074,ACCEPTOR,2,1,277,ENST00000376208-3;ENST00000304053-3;ENST00000277120-3;ENST00000323115-2;ENST00000359847-2;ENST00000376214-5;ENST00000376213-5;ENST00000395882-3;ENST00000395866-2
ENSG00000148053,NTRK2,9,1,87317148,DONOR,10,8,388,ENST00000376208-3;ENST00000304053-3;ENST00000277120-3;ENST00000323115-2;ENST00000359847-2;ENST00000376214-5;ENST00000376213-5;ENST00000395882-3;ENST00000395866-2
ENSG00000148053,NTRK2,9,1,87317334,DONOR,14,0,320,ENST00000376208-4;ENST00000304053-4;ENST00000277120-4;ENST00000323115-3;ENST00000359847-3;ENST00000376214-6;ENST00000376213-6;ENST00000395882-4;ENST00000395866-3
ENSG00000148053,NTRK2,9,1,87322759,ACCEPTOR,5,0,301,ENST00000376208-5;ENST00000304053-5;ENST00000277120-5;ENST00000323115-4;ENST00000359847-4;ENST00000376214-7;ENST00000376213-7;ENST00000395882-5;ENST00000395866-4
ENSG00000148053,NTRK2,9,1,87322827,DONOR,8,7,279,ENST00000376208-5;ENST00000304053-5;ENST00000277120-5;ENST00000323115-4;ENST00000359847-4;ENST00000376214-7;ENST00000376213-7;ENST00000395882-5;ENST00000395866-4
ENSG00000148053,NTRK2,9,1,87325552,ACCEPTOR,6,1,283,ENST00000376208-6;ENST00000304053-6;ENST00000277120-6;ENST00000323115-5;ENST00000359847-5;ENST00000376214-8;ENST00000376213-8;ENST00000395882-6;ENST00000395866-5
ENSG00000148053,NTRK2,9,1,87325706,DONOR,21,16,239,ENST00000376208-6;ENST00000304053-6;ENST00000277120-6;ENST00000323115-5;ENST00000359847-5;ENST00000376214-8;ENST00000376213-8;ENST00000395882-6;ENST00000395866-5
ENSG00000148053,NTRK2,9,1,87338488,ACCEPTOR,16,0,234,ENST00000376208-7;ENST00000304053-7;ENST00000277120-7;ENST00000323115-6;ENST00000359847-6;ENST00000376214-9;ENST00000376213-9;ENST00000395882-7;ENST00000395866-6
ENSG00000148053,NTRK2,9,1,87338624,DONOR,5,0,173,ENST00000376208-7;ENST00000304053-7;ENST00000277120-7;ENST00000323115-6;ENST00000359847-6;ENST00000376214-9;ENST00000376213-9;ENST00000395882-7;ENST00000395866-6
ENSG00000148053,NTRK2,9,1,87339139,ACCEPTOR,12,2,184,ENST00000376208-8;ENST00000304053-8;ENST00000277120-8;ENST00000323115-7;ENST00000359847-7;ENST00000376214-10;ENST00000376213-10;ENST00000395882-8;ENST00000395866-7
ENSG00000148053,NTRK2,9,1,87339271,DONOR,14,0,592,ENST00000376208-8;ENST00000304053-8;ENST00000277120-8;ENST00000323115-7;ENST00000359847-7;ENST00000376214-10;ENST00000376213-10;ENST00000395882-8;ENST00000395866-7
ENSG00000148053,NTRK2,9,1,87342569,ACCEPTOR,5,0,586,ENST00000376208-9;ENST00000304053-9;ENST00000277120-9;ENST00000323115-8;ENST00000359847-8;ENST00000376214-11;ENST00000376213-11;ENST00000395882-9;ENST00000395866-8
ENSG00000148053,NTRK2,9,1,87342874,DONOR,8,4,307,ENST00000376208-9;ENST00000304053-9;ENST00000277120-9;ENST00000323115-8;ENST00000359847-8;ENST00000376214-11;ENST00000376213-11;ENST00000395882-9;ENST00000395866-8
ENSG00000148053,NTRK2,9,1,87356842,DONOR,4,0,323,ENST00000376208-10;ENST00000304053-10;ENST00000277120-10;ENST00000323115-9;ENST00000359847-9;ENST00000376214-12;ENST00000376213-12;ENST00000395882-10;ENST00000395866-9
ENSG00000148053,NTRK2,9,1,87359888,ACCEPTOR,15,5,330,ENST00000376208-11;ENST00000304053-11;ENST00000277120-11;ENST00000323115-10;ENST00000359847-10;ENST00000376214-13;ENST00000376213-13;ENST00000395882-11;ENST00000395866-10
ENSG00000148053,NTRK2,9,1,87359988,DONOR,4,2,106,ENST00000376208-11;ENST00000304053-11;ENST00000277120-11;ENST00000323115-10;ENST00000359847-10;ENST00000376214-13;ENST00000376213-13;ENST00000395882-11;ENST00000395866-10
ENSG00000148053,NTRK2,9,1,87366901,ACCEPTOR,2,1,106,ENST00000376208-12;ENST00000304053-12;ENST00000277120-12;ENST00000323115-11;ENST00000359847-11;ENST00000376214-14;ENST00000376213-14;ENST00000395882-12;ENST00000395866-11
ENSG00000148053,NTRK2,9,1,87367000,DONOR,26,17,326,ENST00000376208-12;ENST00000304053-12;ENST00000277120-12;ENST00000323115-11;ENST00000359847-11;ENST00000376214-14;ENST00000376213-14;ENST00000395882-12;ENST00000395866-11
ENSG00000148053,NTRK2,9,1,87425457,ACCEPTOR,12,0,298,ENST00000359847-12;ENST00000395866-12;ENST00000395882-13
ENSG00000148053,NTRK2,9,1,87482158,ACCEPTOR,3,0,23,ENST00000376208-13;ENST00000304053-14;ENST00000277120-14;ENST00000323115-12;ENST00000376214-16;ENST00000376213-15
ENSG00000148053,NTRK2,9,1,87482346,DONOR,5,0,17,ENST00000376208-13;ENST00000304053-14;ENST00000277120-14;ENST00000323115-12;ENST00000376214-16;ENST00000376213-15
ENSG00000148053,NTRK2,9,1,87549207,DONOR,4,0,13,ENST00000277120-15;ENST00000323115-13;ENST00000376214-17;ENST00000376213-16
ENSG00000148053,NTRK2,9,1,87563377,ACCEPTOR,3,0,12,ENST00000277120-16;ENST00000323115-14;ENST00000376214-18;ENST00000376213-17
ENSG00000148053,NTRK2,9,1,87635279,DONOR,2,1,6,ENST00000277120-18;ENST00000323115-16;ENST00000376214-20;ENST00000376213-19
ENSG00000143924,EML4,2,1,42396776,DONOR,60,31,512,ENST00000318522-1;ENST00000482660-1;ENST00000402711-1;ENST00000401738-1;ENST00000409040-1
ENSG00000143924,EML4,2,1,42472645,ACCEPTOR,17,0,452,ENST00000482660-3;ENST00000318522-2;ENST00000402711-2;ENST00000409040-2;ENST00000401738-2
ENSG00000143924,EML4,2,1,42472827,DONOR,30,0,1227,ENST00000318522-2;ENST00000402711-2;ENST00000409040-2;ENST00000401738-2
ENSG00000143924,EML4,2,1,42483641,ACCEPTOR,143,1,1292,ENST00000318522-3;ENST00000402711-3;ENST00000409040-3;ENST00000401738-3
ENSG00000143924,EML4,2,1,42483770,DONOR,131,5,767,ENST00000318522-3;ENST00000402711-3;ENST00000409040-3;ENST00000401738-3
ENSG00000143924,EML4,2,1,42488261,ACCEPTOR,88,1,486,ENST00000318522-4;ENST00000401738-4;ENST00000409040-4
ENSG00000143924,EML4,2,1,42490318,ACCEPTOR,292,5,1774,ENST00000318522-5;ENST00000402711-4;ENST00000401738-5
ENSG00000143924,EML4,2,1,42490446,DONOR,32,5,998,ENST00000318522-5;ENST00000402711-4;ENST00000401738-5
ENSG00000143924,EML4,2,1,42491846,ACCEPTOR,23,0,968,ENST00000318522-6;ENST00000402711-5;ENST00000401738-6
ENSG00000143924,EML4,2,1,42491871,DONOR,12,0,1266,ENST00000318522-6;ENST00000402711-5;ENST00000401738-6
ENSG00000143924,EML4,2,1,42507990,ACCEPTOR,117,5,1310,ENST00000318522-7;ENST00000402711-6;ENST00000401738-8
ENSG00000143924,EML4,2,1,42508113,DONOR,113,47,1369,ENST00000318522-7;ENST00000402711-6;ENST00000401738-8
ENSG00000143924,EML4,2,1,42509963,ACCEPTOR,150,0,1438,ENST00000318522-8;ENST00000402711-7;ENST00000401738-9
ENSG00000143924,EML4,2,1,42510112,DONOR,105,5,871,ENST00000480320-1;ENST00000318522-8;ENST00000402711-7;ENST00000401738-9
ENSG00000143924,EML4,2,1,42511774,ACCEPTOR,302,6,1168,ENST00000318522-9;ENST00000402711-8;ENST00000401738-10;ENST00000480320-2
ENSG00000143924,EML4,2,1,42511843,DONOR,201,2,957,ENST00000318522-9;ENST00000402711-8;ENST00000401738-10;ENST00000480320-2
ENSG00000143924,EML4,2,1,42513519,DONOR,130,35,821,ENST00000318522-10;ENST00000402711-9;ENST00000401738-11;ENST00000480320-3;ENST00000406175-1
ENSG00000143924,EML4,2,1,42515367,ACCEPTOR,129,0,857,ENST00000318522-11;ENST00000402711-10;ENST00000401738-12;ENST00000406175-2;ENST00000480320-4
ENSG00000143924,EML4,2,1,42522265,ACCEPTOR,133,3,983,ENST00000318522-12;ENST00000402711-11;ENST00000401738-13;ENST00000406175-3
ENSG00000143924,EML4,2,1,42522399,DONOR,14,1,800,ENST00000318522-12;ENST00000402711-11;ENST00000401738-13;ENST00000406175-3
ENSG00000143924,EML4,2,1,42522521,ACCEPTOR,48,3,806,ENST00000318522-13;ENST00000402711-12;ENST00000401738-14;ENST00000406175-4
ENSG00000143924,EML4,2,1,42522656,DONOR,75,38,872,ENST00000318522-13;ENST00000402711-12;ENST00000401738-14;ENST00000406175-4
ENSG00000143924,EML4,2,1,42528381,ACCEPTOR,46,1,871,ENST00000318522-14;ENST00000402711-13;ENST00000401738-15;ENST00000406175-5
ENSG00000143924,EML4,2,1,42528532,DONOR,148,83,1268,ENST00000318522-14;ENST00000402711-13;ENST00000401738-15;ENST00000406175-5;ENST00000453191-1
ENSG00000143924,EML4,2,1,42530244,ACCEPTOR,110,1,1309,ENST00000318522-15;ENST00000402711-14;ENST00000401738-16;ENST00000406175-6;ENST00000453191-2
ENSG00000143924,EML4,2,1,42530369,DONOR,113,27,865,ENST00000318522-15;ENST00000402711-14;ENST00000401738-16;ENST00000406175-6;ENST00000453191-2
ENSG00000143924,EML4,2,1,42530455,ACCEPTOR,117,2,819,ENST00000318522-16;ENST00000402711-15;ENST00000401738-17;ENST00000406175-7;ENST00000453191-3
ENSG00000143924,EML4,2,1,42530586,DONOR,212,37,829,ENST00000318522-16;ENST00000402711-15;ENST00000401738-17;ENST00000406175-7;ENST00000453191-3
ENSG00000143924,EML4,2,1,42531624,ACCEPTOR,68,2,755,ENST00000318522-17;ENST00000402711-16;ENST00000401738-18;ENST00000406175-8;ENST00000453191-4
ENSG00000143924,EML4,2,1,42531691,DONOR,205,23,822,ENST00000318522-17;ENST00000402711-16;ENST00000401738-18;ENST00000406175-8;ENST00000453191-4
ENSG00000143924,EML4,2,1,42543102,ACCEPTOR,57,3,594,ENST00000318522-18;ENST00000402711-17;ENST00000401738-19;ENST00000406175-9
ENSG00000143924,EML4,2,1,42543190,DONOR,163,12,864,ENST00000318522-18;ENST00000402711-17;ENST00000401738-19;ENST00000406175-9
ENSG00000143924,EML4,2,1,42544567,ACCEPTOR,112,6,728,ENST00000318522-19;ENST00000402711-18;ENST00000401738-20;ENST00000406175-10
ENSG00000143924,EML4,2,1,42544664,DONOR,106,38,1015,ENST00000472632-1;ENST00000318522-19;ENST00000402711-18;ENST00000401738-20;ENST00000406175-10
ENSG00000143924,EML4,2,1,42552607,ACCEPTOR,115,11,1151,ENST00000318522-20;ENST00000402711-19;ENST00000401738-21;ENST00000406175-11;ENST00000453191-5
ENSG00000143924,EML4,2,1,42552694,DONOR,61,46,1173,ENST00000318522-20;ENST00000402711-19;ENST00000401738-21;ENST00000406175-11;ENST00000453191-5
ENSG00000143924,EML4,2,1,42553294,ACCEPTOR,161,10,1282,ENST00000318522-21;ENST00000402711-20;ENST00000401738-22;ENST00000406175-12;ENST00000453191-6
ENSG00000143924,EML4,2,1,42553392,DONOR,53,23,536,ENST00000318522-21;ENST00000402711-20;ENST00000401738-22;ENST00000406175-12;ENST00000453191-6
ENSG00000143924,EML4,2,1,42556026,ACCEPTOR,62,2,539,ENST00000318522-22;ENST00000402711-21;ENST00000401738-23;ENST00000406175-13;ENST00000453191-7
ENSG00000143924,EML4,2,1,42556156,DONOR,135,71,976,ENST00000318522-22;ENST00000402711-21;ENST00000401738-23;ENST00000406175-13;ENST00000453191-7
ENSG00000143924,EML4,2,1,42556874,ACCEPTOR,74,0,932,ENST00000318522-23;ENST00000406175-14;ENST00000453191-8;ENST00000402711-22;ENST00000401738-24
ENSG00000170759,KIF5B,10,-1,32300444,ACCEPTOR,142,73,1352,ENST00000302418-26
ENSG00000170759,KIF5B,10,-1,32304437,DONOR,130,17,1425,ENST00000302418-25
ENSG00000170759,KIF5B,10,-1,32304587,ACCEPTOR,200,110,2073,ENST00000302418-25
ENSG00000170759,KIF5B,10,-1,32306071,DONOR,86,0,2075,ENST00000302418-24
ENSG00000170759,KIF5B,10,-1,32306287,ACCEPTOR,96,46,915,ENST00000302418-24;ENST00000493889-5
ENSG00000170759,KIF5B,10,-1,32306980,DONOR,30,1,909,ENST00000302418-23;ENST00000493889-4
ENSG00000170759,KIF5B,10,-1,32307084,ACCEPTOR,179,62,1843,ENST00000302418-23;ENST00000493889-4
ENSG00000170759,KIF5B,10,-1,32307244,DONOR,91,0,1782,ENST00000302418-22
ENSG00000170759,KIF5B,10,-1,32307315,ACCEPTOR,257,59,2033,ENST00000302418-22
ENSG00000170759,KIF5B,10,-1,32307430,DONOR,169,0,2043,ENST00000302418-21;ENST00000493889-3
ENSG00000170759,KIF5B,10,-1,32307490,ACCEPTOR,152,50,2066,ENST00000302418-21;ENST00000493889-3
ENSG00000170759,KIF5B,10,-1,32308786,DONOR,214,7,2040,ENST00000302418-20;ENST00000493889-2
ENSG00000170759,KIF5B,10,-1,32308887,ACCEPTOR,128,0,2317,ENST00000302418-20;ENST00000493889-2
ENSG00000170759,KIF5B,10,-1,32309950,DONOR,125,4,2289,ENST00000493889-1;ENST00000302418-19
ENSG00000170759,KIF5B,10,-1,32310059,ACCEPTOR,221,66,1778,ENST00000302418-19
ENSG00000170759,KIF5B,10,-1,32310154,DONOR,69,0,1720,ENST00000302418-18
ENSG00000170759,KIF5B,10,-1,32310215,ACCEPTOR,130,71,1856,ENST00000302418-18
ENSG00000170759,KIF5B,10,-1,32311068,DONOR,50,0,1816,ENST00000302418-17
ENSG00000170759,KIF5B,10,-1,32311185,ACCEPTOR,46,1,1532,ENST00000302418-17
ENSG00000170759,KIF5B,10,-1,32311776,DONOR,109,0,1639,ENST00000302418-16
ENSG00000170759,KIF5B,10,-1,32311964,ACCEPTOR,98,67,1388,ENST00000302418-16
ENSG00000170759,KIF5B,10,-1,32317356,DONOR,73,0,1472,ENST00000302418-15
ENSG00000170759,KIF5B,10,-1,32317499,ACCEPTOR,166,108,2095,ENST00000302418-15
ENSG00000170759,KIF5B,10,-1,32320001,DONOR,93,4,2091,ENST00000302418-14
ENSG00000170759,KIF5B,10,-1,32320207,ACCEPTOR,106,51,1657,ENST00000302418-14
ENSG00000170759,KIF5B,10,-1,32321634,DONOR,4,0,1641,ENST00000302418-13
ENSG00000170759,KIF5B,10,-1,32321702,ACCEPTOR,152,72,1884,ENST00000302418-13
ENSG00000170759,KIF5B,10,-1,32322773,DONOR,171,2,1929,ENST00000302418-12
ENSG00000170759,KIF5B,10,-1,32322966,ACCEPTOR,111,82,1782,ENST00000302418-12
ENSG00000170759,KIF5B,10,-1,32323618,DONOR,139,1,1757,ENST00000302418-11
ENSG00000170759,KIF5B,10,-1,32323766,ACCEPTOR,78,37,1023,ENST00000302418-11
ENSG00000170759,KIF5B,10,-1,32324450,DONOR,118,3,1031,ENST00000302418-10
ENSG00000170759,KIF5B,10,-1,32324595,ACCEPTOR,13,0,1412,ENST00000302418-10
ENSG00000170759,KIF5B,10,-1,32324818,DONOR,52,0,1439,ENST00000302418-9
ENSG00000170759,KIF5B,10,-1,32324922,ACCEPTOR,76,32,798,ENST00000302418-9
ENSG00000170759,KIF5B,10,-1,32326182,DONOR,130,4,895,ENST00000302418-8
ENSG00000170759,KIF5B,10,-1,32326306,ACCEPTOR,220,46,2338,ENST00000302418-8
ENSG00000170759,KIF5B,10,-1,32326448,DONOR,209,5,2236,ENST00000302418-7
ENSG00000170759,KIF5B,10,-1,32326535,ACCEPTOR,178,52,1976,ENST00000302418-7
ENSG00000170759,KIF5B,10,-1,32327091,DONOR,52,0,1867,ENST00000302418-6
ENSG00000170759,KIF5B,10,-1,32327146,ACCEPTOR,173,19,1459,ENST00000302418-6
ENSG00000170759,KIF5B,10,-1,32327706,DONOR,6,0,1258,ENST00000302418-5
ENSG00000170759,KIF5B,10,-1,32327754,ACCEPTOR,44,4,807,ENST00000302418-5
ENSG00000170759,KIF5B,10,-1,32328255,DONOR,47,1,798,ENST00000302418-4
ENSG00000170759,KIF5B,10,-1,32328359,ACCEPTOR,165,73,1530,ENST00000302418-4
ENSG00000170759,KIF5B,10,-1,32329312,DONOR,269,8,1727,ENST00000302418-3
ENSG00000170759,KIF5B,10,-1,32329385,ACCEPTOR,150,42,1684,ENST00000302418-3
ENSG00000170759,KIF5B,10,-1,32337392,DONOR,68,2,1583,ENST00000302418-2
ENSG00000170759,KIF5B,10,-1,32337479,ACCEPTOR,88,49,1179,ENST00000302418-2
ENSG00000170759,KIF5B,10,-1,32344776,DONOR,66,0,1209,ENST00000302418-1
ENSG00000165731,RET,10,1,43615651,DONOR,2,2,5,ENST00000355710-15;ENST00000340058-15
ENSG00000095002,MSH2,2,1,47630541,DONOR,8,6,147,ENST00000454849-2;ENST00000543555-2;ENST00000233146-1
ENSG00000095002,MSH2,2,1,47635540,ACCEPTOR,3,0,149,ENST00000233146-2;ENST00000454849-3;ENST00000406134-2;ENST00000543555-3
ENSG00000095002,MSH2,2,1,47635694,DONOR,13,10,212,ENST00000233146-2;ENST00000454849-3;ENST00000406134-2;ENST00000543555-3
ENSG00000095002,MSH2,2,1,47637233,ACCEPTOR,6,0,203,ENST00000454849-4;ENST00000233146-3;ENST00000406134-3;ENST00000543555-4
ENSG00000095002,MSH2,2,1,47637511,DONOR,19,14,230,ENST00000233146-3;ENST00000406134-3;ENST00000543555-4
ENSG00000095002,MSH2,2,1,47639553,ACCEPTOR,12,0,237,ENST00000233146-4;ENST00000406134-4;ENST00000543555-5
ENSG00000095002,MSH2,2,1,47639699,DONOR,6,5,119,ENST00000233146-4;ENST00000406134-4;ENST00000543555-5
ENSG00000095002,MSH2,2,1,47641408,ACCEPTOR,5,1,116,ENST00000233146-5;ENST00000406134-5;ENST00000543555-6
ENSG00000095002,MSH2,2,1,47641557,DONOR,6,6,177,ENST00000233146-5;ENST00000406134-5;ENST00000543555-6
ENSG00000095002,MSH2,2,1,47643435,ACCEPTOR,9,0,188,ENST00000233146-6;ENST00000406134-6;ENST00000543555-7
ENSG00000095002,MSH2,2,1,47643568,DONOR,18,0,398,ENST00000233146-6;ENST00000406134-6;ENST00000543555-7
ENSG00000095002,MSH2,2,1,47656881,ACCEPTOR,22,0,412,ENST00000233146-7;ENST00000406134-7;ENST00000543555-8
ENSG00000095002,MSH2,2,1,47657080,DONOR,33,11,235,ENST00000233146-7;ENST00000406134-7;ENST00000543555-8
ENSG00000095002,MSH2,2,1,47672687,ACCEPTOR,7,0,219,ENST00000233146-8;ENST00000406134-8;ENST00000543555-9
ENSG00000095002,MSH2,2,1,47672796,DONOR,17,4,186,ENST00000233146-8;ENST00000406134-8;ENST00000543555-9
ENSG00000095002,MSH2,2,1,47690170,ACCEPTOR,10,0,185,ENST00000233146-9;ENST00000406134-9;ENST00000543555-10
ENSG00000095002,MSH2,2,1,47690293,DONOR,23,11,227,ENST00000233146-9;ENST00000406134-9;ENST00000543555-10
ENSG00000095002,MSH2,2,1,47693797,ACCEPTOR,17,1,222,ENST00000233146-10;ENST00000406134-10;ENST00000543555-11
ENSG00000095002,MSH2,2,1,47693947,DONOR,8,0,343,ENST00000233146-10;ENST00000406134-10;ENST00000543555-11
ENSG00000095002,MSH2,2,1,47698104,ACCEPTOR,22,2,336,ENST00000233146-11;ENST00000406134-11;ENST00000543555-12
ENSG00000095002,MSH2,2,1,47698201,DONOR,31,17,286,ENST00000233146-11;ENST00000406134-11;ENST00000543555-12
ENSG00000095002,MSH2,2,1,47702164,ACCEPTOR,21,0,281,ENST00000233146-12;ENST00000406134-12;ENST00000543555-13
ENSG00000095002,MSH2,2,1,47702409,DONOR,31,21,343,ENST00000233146-12;ENST00000406134-12;ENST00000543555-13
ENSG00000095002,MSH2,2,1,47703506,ACCEPTOR,17,1,324,ENST00000233146-13;ENST00000406134-13;ENST00000543555-14
ENSG00000095002,MSH2,2,1,47703710,DONOR,23,8,242,ENST00000233146-13;ENST00000406134-13;ENST00000543555-14
ENSG00000095002,MSH2,2,1,47705411,ACCEPTOR,18,0,235,ENST00000233146-14;ENST00000406134-14;ENST00000543555-15
ENSG00000095002,MSH2,2,1,47705658,DONOR,16,3,126,ENST00000233146-14;ENST00000406134-14;ENST00000543555-15
ENSG00000095002,MSH2,2,1,47707835,ACCEPTOR,9,0,123,ENST00000233146-15;ENST00000406134-15;ENST00000543555-16
ENSG00000095002,MSH2,2,1,47708010,DONOR,44,0,347,ENST00000461394-1;ENST00000233146-15;ENST00000406134-15;ENST00000543555-16
ENSG00000095002,MSH2,2,1,47709918,ACCEPTOR,40,1,310,ENST00000543555-17;ENST00000233146-16
ENSG00000132155,RAF1,3,-1,12626156,ACCEPTOR,104,48,869,ENST00000251849-17;ENST00000471449-4;ENST00000442415-18;ENST00000432427-14;ENST00000534997-13;ENST00000423275-16;ENST00000542177-16
ENSG00000132155,RAF1,3,-1,12626346,DONOR,49,0,860,ENST00000251849-16;ENST00000442415-17;ENST00000432427-13;ENST00000423275-15;ENST00000471449-3;ENST00000542177-15;ENST00000534997-12
ENSG00000132155,RAF1,3,-1,12626480,ACCEPTOR,164,32,705,ENST00000251849-16;ENST00000442415-17;ENST00000432427-13;ENST00000423275-15;ENST00000471449-3;ENST00000542177-15;ENST00000534997-12
ENSG00000132155,RAF1,3,-1,12626621,DONOR,70,0,640,ENST00000251849-15;ENST00000442415-16;ENST00000432427-12;ENST00000423275-14;ENST00000471449-2;ENST00000542177-14;ENST00000534997-11
ENSG00000132155,RAF1,3,-1,12626752,ACCEPTOR,91,10,383,ENST00000251849-15;ENST00000442415-16;ENST00000432427-12;ENST00000423275-14;ENST00000471449-2;ENST00000542177-14;ENST00000534997-11
ENSG00000132155,RAF1,3,-1,12627180,DONOR,141,1,417,ENST00000471449-1;ENST00000251849-14;ENST00000442415-15;ENST00000432427-11;ENST00000423275-13;ENST00000542177-13;ENST00000534997-10
ENSG00000132155,RAF1,3,-1,12629136,ACCEPTOR,96,0,565,ENST00000251849-13;ENST00000442415-14;ENST00000432427-10;ENST00000423275-12;ENST00000542177-12;ENST00000534997-9
ENSG00000132155,RAF1,3,-1,12632473,ACCEPTOR,112,23,762,ENST00000494557-2;ENST00000251849-12;ENST00000442415-13;ENST00000432427-9;ENST00000423275-11;ENST00000465826-7;ENST00000475353-2;ENST00000542177-11;ENST00000534997-8;ENST00000460610-3
ENSG00000132155,RAF1,3,-1,12633207,DONOR,48,0,735,ENST00000251849-11;ENST00000442415-12;ENST00000432427-8;ENST00000423275-10;ENST00000465826-6;ENST00000460610-2;ENST00000542177-10;ENST00000534997-7;ENST00000494557-1;ENST00000475353-1
ENSG00000132155,RAF1,3,-1,12641190,DONOR,115,6,796,ENST00000251849-10;ENST00000442415-11;ENST00000432427-7;ENST00000423275-9;ENST00000465826-4;ENST00000542177-9;ENST00000534997-6;ENST00000460610-1
ENSG00000132155,RAF1,3,-1,12641307,ACCEPTOR,47,0,511,ENST00000251849-10;ENST00000442415-11;ENST00000432427-7;ENST00000423275-9;ENST00000465826-4;ENST00000542177-9;ENST00000534997-6
ENSG00000132155,RAF1,3,-1,12641651,DONOR,59,1,547,ENST00000251849-9;ENST00000442415-10;ENST00000432427-6;ENST00000423275-8;ENST00000465826-3;ENST00000542177-8;ENST00000534997-5
ENSG00000132155,RAF1,3,-1,12641778,ACCEPTOR,10,0,1166,ENST00000251849-9;ENST00000442415-10;ENST00000432427-6;ENST00000423275-8;ENST00000465826-3;ENST00000542177-8;ENST00000534997-5
ENSG00000132155,RAF1,3,-1,12641914,ACCEPTOR,87,8,1045,ENST00000251849-8;ENST00000442415-9;ENST00000432427-5;ENST00000423275-7;ENST00000465826-2;ENST00000542177-7;ENST00000534997-4
ENSG00000132155,RAF1,3,-1,12645635,DONOR,49,0,1004,ENST00000251849-7;ENST00000442415-7;ENST00000432427-4;ENST00000423275-6;ENST00000491290-3;ENST00000542177-6;ENST00000534997-3;ENST00000465826-1
ENSG00000132155,RAF1,3,-1,12645788,ACCEPTOR,142,45,1489,ENST00000251849-7;ENST00000442415-7;ENST00000432427-4;ENST00000423275-6;ENST00000491290-3;ENST00000542177-6;ENST00000534997-3;ENST00000416093-5
ENSG00000132155,RAF1,3,-1,12647700,DONOR,13,0,1082,ENST00000251849-6;ENST00000442415-6;ENST00000423275-5;ENST00000491290-2;ENST00000542177-5
ENSG00000132155,RAF1,3,-1,12647798,ACCEPTOR,93,0,999,ENST00000251849-6;ENST00000442415-6;ENST00000423275-5;ENST00000491290-2;ENST00000542177-5
ENSG00000132155,RAF1,3,-1,12650422,ACCEPTOR,33,2,640,ENST00000492690-3;ENST00000251849-5;ENST00000442415-5;ENST00000432427-3;ENST00000423275-4;ENST00000416093-4;ENST00000542177-4;ENST00000534997-2
ENSG00000132155,RAF1,3,-1,12650732,DONOR,69,7,699,ENST00000534997-1;ENST00000251849-4;ENST00000442415-4;ENST00000432427-2;ENST00000423275-3;ENST00000416093-3;ENST00000492690-2;ENST00000542177-3
ENSG00000132155,RAF1,3,-1,12650834,ACCEPTOR,58,21,567,ENST00000251849-4;ENST00000442415-4;ENST00000432427-2;ENST00000423275-3;ENST00000416093-3;ENST00000492690-2;ENST00000542177-3
ENSG00000132155,RAF1,3,-1,12653449,DONOR,43,0,528,ENST00000432427-1;ENST00000492690-1;ENST00000251849-3;ENST00000442415-3
ENSG00000132155,RAF1,3,-1,12653561,ACCEPTOR,116,51,793,ENST00000251849-3;ENST00000442415-3
ENSG00000132155,RAF1,3,-1,12660014,DONOR,90,0,801,ENST00000251849-2;ENST00000442415-2;ENST00000423275-2;ENST00000416093-2;ENST00000542177-2
ENSG00000132155,RAF1,3,-1,12660246,ACCEPTOR,93,41,647,ENST00000251849-2;ENST00000442415-2;ENST00000423275-2;ENST00000416093-2;ENST00000542177-2
ENSG00000132155,RAF1,3,-1,12705312,DONOR,62,1,613,ENST00000442415-1;ENST00000423275-1;ENST00000416093-1;ENST00000251849-1;ENST00000542177-1
ENSG00000097007,ABL1,9,1,133589842,DONOR,16,0,208,ENST00000372348-1;ENST00000393293-1
ENSG00000097007,ABL1,9,1,133710912,DONOR,13,0,382,ENST00000318560-1
ENSG00000097007,ABL1,9,1,133729451,ACCEPTOR,40,1,569,ENST00000372348-2;ENST00000318560-2
ENSG00000097007,ABL1,9,1,133729624,DONOR,60,20,597,ENST00000372348-2;ENST00000318560-2
ENSG00000097007,ABL1,9,1,133730188,ACCEPTOR,48,0,608,ENST00000372348-3;ENST00000318560-3
ENSG00000097007,ABL1,9,1,133730483,DONOR,25,0,666,ENST00000372348-3;ENST00000318560-3
ENSG00000097007,ABL1,9,1,133738150,ACCEPTOR,145,0,778,ENST00000372348-4;ENST00000318560-4
ENSG00000097007,ABL1,9,1,133738422,DONOR,67,43,575,ENST00000372348-4;ENST00000318560-4
ENSG00000097007,ABL1,9,1,133747516,ACCEPTOR,44,1,569,ENST00000372348-5;ENST00000318560-5
ENSG00000097007,ABL1,9,1,133747600,DONOR,64,39,606,ENST00000372348-5;ENST00000318560-5
ENSG00000097007,ABL1,9,1,133748247,ACCEPTOR,73,0,621,ENST00000372348-6;ENST00000318560-6
ENSG00000097007,ABL1,9,1,133748424,DONOR,27,0,582,ENST00000372348-6;ENST00000318560-6
ENSG00000097007,ABL1,9,1,133750255,ACCEPTOR,95,3,616,ENST00000372348-7;ENST00000318560-7
ENSG00000097007,ABL1,9,1,133750439,DONOR,54,0,574,ENST00000372348-7;ENST00000318560-7
ENSG00000097007,ABL1,9,1,133753802,ACCEPTOR,78,1,571,ENST00000372348-8;ENST00000318560-8
ENSG00000097007,ABL1,9,1,133753954,DONOR,77,28,632,ENST00000372348-8;ENST00000318560-8
ENSG00000097007,ABL1,9,1,133755455,ACCEPTOR,150,8,744,ENST00000372348-9;ENST00000318560-9
ENSG00000097007,ABL1,9,1,133755544,DONOR,20,0,462,ENST00000372348-9;ENST00000318560-9
ENSG00000097007,ABL1,9,1,133755887,ACCEPTOR,43,2,459,ENST00000372348-10;ENST00000318560-10
ENSG00000097007,ABL1,9,1,133756051,DONOR,53,0,607,ENST00000372348-10;ENST00000318560-10
ENSG00000097007,ABL1,9,1,133759356,ACCEPTOR,44,1,558,ENST00000318560-11;ENST00000372348-11
ENSG00000066468,FGFR2,10,-1,123239535,ACCEPTOR,39,6,468,ENST00000369060-16;ENST00000346997-17;ENST00000457416-18;ENST00000604236-17;ENST00000478859-17;ENST00000429361-9;ENST00000358487-18;ENST00000369059-16;ENST00000356226-16;ENST00000369061-15;ENST00000467584-2
ENSG00000066468,FGFR2,10,-1,123243212,DONOR,8,1,500,ENST00000358487-17;ENST00000478859-16;ENST00000356226-15;ENST00000369060-15;ENST00000604236-16;ENST00000369059-15;ENST00000346997-16;ENST00000457416-17;ENST00000360144-16;ENST00000369056-16;ENST00000369058-17;ENST00000357555-16;ENST00000369061-14;ENST00000351936-17
ENSG00000066468,FGFR2,10,-1,123243317,ACCEPTOR,5,1,208,ENST00000358487-17;ENST00000478859-16;ENST00000356226-15;ENST00000369060-15;ENST00000604236-16;ENST00000369059-15;ENST00000346997-16;ENST00000457416-17;ENST00000360144-16;ENST00000369056-16;ENST00000369058-17;ENST00000357555-16;ENST00000369061-14;ENST00000351936-17;ENST00000336553-16
ENSG00000066468,FGFR2,10,-1,123244909,DONOR,12,0,216,ENST00000358487-16;ENST00000478859-15;ENST00000356226-14;ENST00000369060-14;ENST00000604236-15;ENST00000369059-14;ENST00000429361-8;ENST00000346997-15;ENST00000457416-16;ENST00000360144-15;ENST00000369056-15;ENST00000369058-16;ENST00000336553-15;ENST00000357555-15;ENST00000369061-13;ENST00000351936-16
ENSG00000066468,FGFR2,10,-1,123245046,ACCEPTOR,4,0,72,ENST00000358487-16;ENST00000478859-15;ENST00000356226-14;ENST00000369060-14;ENST00000604236-15;ENST00000369059-14;ENST00000429361-8;ENST00000346997-15;ENST00000457416-16;ENST00000360144-15;ENST00000369056-15;ENST00000369058-16;ENST00000336553-15;ENST00000357555-15;ENST00000369061-13;ENST00000351936-16
ENSG00000066468,FGFR2,10,-1,123246868,DONOR,6,0,71,ENST00000358487-15;ENST00000478859-14;ENST00000356226-13;ENST00000369060-13;ENST00000604236-14;ENST00000369059-13;ENST00000429361-7;ENST00000346997-14;ENST00000457416-15;ENST00000360144-14;ENST00000369056-14;ENST00000369058-15;ENST00000336553-14;ENST00000357555-14;ENST00000369061-12;ENST00000351936-15
ENSG00000066468,FGFR2,10,-1,123247505,DONOR,5,1,40,ENST00000358487-14;ENST00000478859-13;ENST00000356226-12;ENST00000369060-12;ENST00000604236-13;ENST00000369059-12;ENST00000429361-6;ENST00000346997-13;ENST00000457416-14;ENST00000360144-13;ENST00000369056-13;ENST00000369058-14;ENST00000336553-13;ENST00000357555-13;ENST00000369061-11;ENST00000351936-14
ENSG00000066468,FGFR2,10,-1,123247627,ACCEPTOR,8,0,165,ENST00000358487-14;ENST00000478859-13;ENST00000356226-12;ENST00000369060-12;ENST00000604236-13;ENST00000369059-12;ENST00000429361-6;ENST00000346997-13;ENST00000457416-14;ENST00000360144-13;ENST00000369056-13;ENST00000369058-14;ENST00000336553-13;ENST00000357555-13;ENST00000369061-11;ENST00000351936-14
ENSG00000066468,FGFR2,10,-1,123256046,DONOR,10,0,164,ENST00000358487-13;ENST00000478859-12;ENST00000356226-11;ENST00000369060-11;ENST00000604236-12;ENST00000369059-11;ENST00000429361-5;ENST00000346997-12;ENST00000457416-13;ENST00000360144-12;ENST00000369056-12;ENST00000369058-13;ENST00000336553-12;ENST00000357555-12;ENST00000369061-10;ENST00000351936-13
ENSG00000066468,FGFR2,10,-1,123256236,ACCEPTOR,4,2,68,ENST00000358487-13;ENST00000478859-12;ENST00000356226-11;ENST00000369060-11;ENST00000604236-12;ENST00000369059-11;ENST00000429361-5;ENST00000346997-12;ENST00000457416-13;ENST00000360144-12;ENST00000369056-12;ENST00000369058-13;ENST00000336553-12;ENST00000357555-12;ENST00000369061-10;ENST00000351936-13
ENSG00000066468,FGFR2,10,-1,123258119,ACCEPTOR,15,4,94,ENST00000358487-12;ENST00000478859-11;ENST00000356226-10;ENST00000369060-10;ENST00000604236-11;ENST00000369059-10;ENST00000429361-4;ENST00000346997-11;ENST00000457416-12;ENST00000360144-11;ENST00000369056-11;ENST00000369058-12;ENST00000336553-11;ENST00000357555-11;ENST00000369061-9;ENST00000351936-12
ENSG00000066468,FGFR2,10,-1,123260340,DONOR,15,0,93,ENST00000358487-11;ENST00000478859-10;ENST00000356226-9;ENST00000369060-9;ENST00000604236-10;ENST00000369059-9;ENST00000429361-3;ENST00000346997-10;ENST00000457416-11;ENST00000360144-10;ENST00000369056-10;ENST00000369058-11;ENST00000336553-10;ENST00000357555-10;ENST00000369061-8;ENST00000351936-11
ENSG00000066468,FGFR2,10,-1,123260461,ACCEPTOR,13,2,90,ENST00000358487-11;ENST00000478859-10;ENST00000356226-9;ENST00000369060-9;ENST00000604236-10;ENST00000369059-9;ENST00000429361-3;ENST00000346997-10;ENST00000457416-11;ENST00000360144-10;ENST00000369056-10;ENST00000369058-11;ENST00000336553-10;ENST00000357555-10;ENST00000369061-8;ENST00000351936-11
ENSG00000066468,FGFR2,10,-1,123263304,DONOR,13,0,86,ENST00000358487-10;ENST00000478859-9;ENST00000356226-8;ENST00000369060-8;ENST00000604236-9;ENST00000369059-8;ENST00000429361-2;ENST00000346997-9;ENST00000457416-10;ENST00000360144-9;ENST00000369056-9;ENST00000369058-10;ENST00000336553-9;ENST00000357555-9;ENST00000369061-7;ENST00000351936-10
ENSG00000066468,FGFR2,10,-1,123263455,ACCEPTOR,20,0,138,ENST00000358487-10;ENST00000478859-9;ENST00000356226-8;ENST00000369060-8;ENST00000604236-9;ENST00000369059-8;ENST00000429361-2;ENST00000346997-9;ENST00000457416-10;ENST00000360144-9;ENST00000369056-9;ENST00000369058-10;ENST00000336553-9;ENST00000357555-9;ENST00000369061-7;ENST00000351936-10
ENSG00000066468,FGFR2,10,-1,123274631,DONOR,30,0,98,ENST00000429361-1;ENST00000358487-9;ENST00000478859-8;ENST00000604236-8;ENST00000369059-7;ENST00000457416-9;ENST00000360144-8;ENST00000369056-8;ENST00000369058-9;ENST00000357555-8;ENST00000369061-6
ENSG00000066468,FGFR2,10,-1,123274833,ACCEPTOR,18,5,95,ENST00000358487-9;ENST00000478859-8;ENST00000604236-8;ENST00000369059-7;ENST00000457416-9;ENST00000360144-8;ENST00000369056-8;ENST00000369058-9;ENST00000357555-8;ENST00000369061-6;ENST00000463870-3;ENST00000356226-7;ENST00000346997-8;ENST00000336553-8;ENST00000351936-9
ENSG00000066468,FGFR2,10,-1,123276833,DONOR,37,0,56,ENST00000358487-8;ENST00000478859-7;ENST00000356226-6;ENST00000604236-7;ENST00000346997-7;ENST00000336553-7;ENST00000463870-2;ENST00000357555-7;ENST00000351936-8
ENSG00000066468,FGFR2,10,-1,123276977,ACCEPTOR,17,1,48,ENST00000358487-8;ENST00000478859-7;ENST00000356226-6;ENST00000604236-7;ENST00000346997-7;ENST00000336553-7;ENST00000463870-2;ENST00000357555-7;ENST00000351936-8;ENST00000490349-9
ENSG00000066468,FGFR2,10,-1,123278196,DONOR,6,0,81,ENST00000604236-6;ENST00000369059-6;ENST00000457416-8;ENST00000360144-7;ENST00000369056-7;ENST00000369058-8;ENST00000463870-1;ENST00000490349-8
ENSG00000066468,FGFR2,10,-1,123278343,ACCEPTOR,9,1,53,ENST00000604236-6;ENST00000369059-6;ENST00000457416-8;ENST00000360144-7;ENST00000369056-7;ENST00000369058-8;ENST00000463870-1;ENST00000490349-8
ENSG00000066468,FGFR2,10,-1,123279493,DONOR,8,0,75,ENST00000358487-7;ENST00000478859-6;ENST00000356226-5;ENST00000369060-7;ENST00000604236-5;ENST00000369059-5;ENST00000346997-6;ENST00000457416-7;ENST00000360144-6;ENST00000369056-6;ENST00000369058-7;ENST00000336553-6;ENST00000490349-7;ENST00000357555-6;ENST00000351936-7
ENSG00000066468,FGFR2,10,-1,123279683,ACCEPTOR,21,5,99,ENST00000358487-7;ENST00000478859-6;ENST00000356226-5;ENST00000369060-7;ENST00000604236-5;ENST00000369059-5;ENST00000346997-6;ENST00000457416-7;ENST00000360144-6;ENST00000369056-6;ENST00000369058-7;ENST00000336553-6;ENST00000490349-7;ENST00000357555-6;ENST00000351936-7
ENSG00000066468,FGFR2,10,-1,123298106,DONOR,11,0,93,ENST00000358487-6;ENST00000356226-4;ENST00000369060-6;ENST00000604236-4;ENST00000369059-4;ENST00000346997-5;ENST00000457416-6;ENST00000360144-5;ENST00000369056-5;ENST00000369058-6;ENST00000336553-5;ENST00000490349-6;ENST00000359354-6;ENST00000357555-5;ENST00000369061-5;ENST00000351936-6
ENSG00000066468,FGFR2,10,-1,123298229,ACCEPTOR,16,6,126,ENST00000358487-6;ENST00000356226-4;ENST00000369060-6;ENST00000604236-4;ENST00000369059-4;ENST00000346997-5;ENST00000457416-6;ENST00000360144-5;ENST00000369056-5;ENST00000369058-6;ENST00000336553-5;ENST00000490349-6;ENST00000359354-6;ENST00000357555-5;ENST00000369061-5;ENST00000351936-6
ENSG00000066468,FGFR2,10,-1,123310804,DONOR,9,0,118,ENST00000358487-5;ENST00000356226-3;ENST00000369060-5;ENST00000604236-3;ENST00000369059-3;ENST00000346997-4;ENST00000457416-5;ENST00000360144-4;ENST00000369056-4;ENST00000369058-5;ENST00000336553-4;ENST00000490349-5;ENST00000359354-5;ENST00000357555-4;ENST00000369061-4;ENST00000351936-5
ENSG00000066468,FGFR2,10,-1,123310973,ACCEPTOR,7,0,145,ENST00000358487-5;ENST00000356226-3;ENST00000369060-5;ENST00000604236-3;ENST00000369059-3;ENST00000346997-4;ENST00000457416-5;ENST00000360144-4;ENST00000369056-4;ENST00000369058-5;ENST00000336553-4;ENST00000490349-5;ENST00000359354-5;ENST00000357555-4;ENST00000369061-4;ENST00000351936-5
ENSG00000066468,FGFR2,10,-1,123324093,ACCEPTOR,6,1,92,ENST00000358487-4;ENST00000369060-4;ENST00000346997-3;ENST00000457416-4;ENST00000360144-3;ENST00000369056-3;ENST00000369058-4;ENST00000336553-3;ENST00000490349-4;ENST00000359354-4;ENST00000357555-3;ENST00000369061-3;ENST00000351936-4;ENST00000491475-2
ENSG00000066468,FGFR2,10,-1,123324952,DONOR,8,0,68,ENST00000358487-3;ENST00000369060-3;ENST00000346997-2;ENST00000457416-3;ENST00000369056-2;ENST00000369058-3;ENST00000490349-3;ENST00000359354-3;ENST00000369061-2;ENST00000351936-3;ENST00000491475-1
ENSG00000066468,FGFR2,10,-1,123353223,DONOR,3,0,148,ENST00000358487-2;ENST00000356226-2;ENST00000369060-2;ENST00000604236-2;ENST00000369059-2;ENST00000457416-2;ENST00000360144-2;ENST00000369058-2;ENST00000336553-2;ENST00000490349-2;ENST00000359354-2;ENST00000491111-2;ENST00000357555-2;ENST00000369061-1;ENST00000351936-2;ENST00000346997-1;ENST00000369056-1
ENSG00000066468,FGFR2,10,-1,123353481,ACCEPTOR,7,2,50,ENST00000358487-2;ENST00000356226-2;ENST00000369060-2;ENST00000604236-2;ENST00000369059-2;ENST00000457416-2;ENST00000360144-2;ENST00000369058-2;ENST00000336553-2;ENST00000490349-2;ENST00000359354-2;ENST00000491111-2;ENST00000357555-2;ENST00000369061-1;ENST00000351936-2
ENSG00000066468,FGFR2,10,-1,123353626,DONOR,10,0,11,ENST00000491111-1
ENSG00000066468,FGFR2,10,-1,123355991,DONOR,3,0,3,ENST00000357555-1
ENSG00000066468,FGFR2,10,-1,123357476,DONOR,3,0,47,ENST00000369060-1;ENST00000359354-1;ENST00000360144-1;ENST00000604236-1;ENST00000369058-1;ENST00000358487-1;ENST00000490349-1;ENST00000336553-1;ENST00000369059-1;ENST00000457416-1;ENST00000356226-1;ENST00000351936-1
ENSG00000141736,ERBB2,17,1,37844531,DONOR,4,0,25,ENST00000406381-1;ENST00000578199-1;ENST00000584014-1;ENST00000584601-1
ENSG00000141736,ERBB2,17,1,37855790,ACCEPTOR,3,1,12,ENST00000584601-5
ENSG00000141736,ERBB2,17,1,37856564,DONOR,5,0,646,ENST00000584908-1;ENST00000582648-1;ENST00000582788-1;ENST00000445658-1;ENST00000584450-1;ENST00000540147-1;ENST00000578373-1;ENST00000269571-1
ENSG00000141736,ERBB2,17,1,37863243,ACCEPTOR,67,2,815,ENST00000584601-6;ENST00000578199-5;ENST00000584450-2;ENST00000582648-2;ENST00000582788-2;ENST00000269571-2;ENST00000584908-2;ENST00000578709-2;ENST00000584099-2;ENST00000541774-2;ENST00000406381-4;ENST00000540147-2;ENST00000540042-2;ENST00000578373-2
ENSG00000141736,ERBB2,17,1,37863150,DONOR,6,0,9,ENST00000584099-1;ENST00000540042-1
ENSG00000141736,ERBB2,17,1,37863457,DONOR,31,0,103,ENST00000578373-2
ENSG00000141736,ERBB2,17,1,37864787,DONOR,15,0,723,ENST00000583038-1;ENST00000584601-7;ENST00000578199-6;ENST00000584450-3;ENST00000578373-3;ENST00000269571-3;ENST00000584908-3;ENST00000584099-3;ENST00000541774-3;ENST00000406381-5;ENST00000540147-3;ENST00000540042-3
ENSG00000141736,ERBB2,17,1,37865571,ACCEPTOR,4,0,809,ENST00000584099-4;ENST00000584601-8;ENST00000578199-7;ENST00000584450-4;ENST00000578373-4;ENST00000269571-4;ENST00000584908-4;ENST00000583038-2;ENST00000541774-4;ENST00000406381-6;ENST00000540147-4;ENST00000540042-4
ENSG00000141736,ERBB2,17,1,37865705,DONOR,107,53,889,ENST00000583391-1;ENST00000584601-8;ENST00000578199-7;ENST00000584450-4;ENST00000578373-4;ENST00000269571-4;ENST00000584908-4;ENST00000583038-2;ENST00000541774-4;ENST00000406381-6;ENST00000540147-4;ENST00000540042-4
ENSG00000141736,ERBB2,17,1,37866066,ACCEPTOR,20,0,886,ENST00000584601-9;ENST00000578199-8;ENST00000584450-5;ENST00000578373-5;ENST00000269571-5;ENST00000584908-5;ENST00000583038-3;ENST00000583391-2;ENST00000541774-5;ENST00000406381-7;ENST00000540147-5;ENST00000540042-5
ENSG00000141736,ERBB2,17,1,37866134,DONOR,9,1,674,ENST00000584601-9;ENST00000578199-8;ENST00000584450-5;ENST00000578373-5;ENST00000269571-5;ENST00000584908-5;ENST00000583038-3;ENST00000583391-2;ENST00000541774-5;ENST00000406381-7;ENST00000540147-5;ENST00000540042-5
ENSG00000141736,ERBB2,17,1,37866339,ACCEPTOR,18,1,689,ENST00000584601-10;ENST00000578199-9;ENST00000584450-6;ENST00000578373-6;ENST00000269571-6;ENST00000584908-6;ENST00000583038-4;ENST00000583391-3;ENST00000541774-6;ENST00000406381-8;ENST00000540147-6;ENST00000540042-6
ENSG00000141736,ERBB2,17,1,37866454,DONOR,133,72,1231,ENST00000584601-10;ENST00000578199-9;ENST00000584450-6;ENST00000578373-6;ENST00000269571-6;ENST00000584908-6;ENST00000583038-4;ENST00000583391-3;ENST00000541774-6;ENST00000406381-8;ENST00000540147-6;ENST00000540042-6
ENSG00000141736,ERBB2,17,1,37866593,ACCEPTOR,107,6,1238,ENST00000584601-11;ENST00000578199-10;ENST00000584450-7;ENST00000578373-7;ENST00000269571-7;ENST00000584908-7;ENST00000583038-5;ENST00000541774-7;ENST00000406381-9;ENST00000540147-7;ENST00000540042-7;ENST00000583391-4
ENSG00000141736,ERBB2,17,1,37866734,DONOR,25,1,1393,ENST00000584601-11;ENST00000578199-10;ENST00000584450-7;ENST00000578373-7;ENST00000269571-7;ENST00000584908-7;ENST00000583038-5;ENST00000541774-7;ENST00000406381-9;ENST00000540147-7;ENST00000540042-7;ENST00000578502-1
ENSG00000141736,ERBB2,17,1,37868181,ACCEPTOR,25,0,1329,ENST00000584908-8;ENST00000584601-12;ENST00000578199-11;ENST00000445658-2;ENST00000584450-8;ENST00000582648-3;ENST00000582788-3;ENST00000578373-8;ENST00000269571-8;ENST00000583038-6;ENST00000578502-2;ENST00000541774-8;ENST00000406381-10;ENST00000540147-8;ENST00000540042-8
ENSG00000141736,ERBB2,17,1,37868575,ACCEPTOR,43,0,538,ENST00000584601-13;ENST00000578199-12;ENST00000445658-3;ENST00000584450-9;ENST00000582648-4;ENST00000582788-4;ENST00000578373-9;ENST00000269571-9;ENST00000583038-7;ENST00000578502-3;ENST00000541774-9;ENST00000406381-11;ENST00000540147-9;ENST00000540042-9
ENSG00000141736,ERBB2,17,1,37868701,DONOR,68,24,762,ENST00000584601-13;ENST00000578199-12;ENST00000445658-3;ENST00000584450-9;ENST00000582648-4;ENST00000582788-4;ENST00000578373-9;ENST00000269571-9;ENST00000583038-7;ENST00000578502-3;ENST00000541774-9;ENST00000406381-11;ENST00000540147-9;ENST00000540042-9
ENSG00000141736,ERBB2,17,1,37871539,ACCEPTOR,52,5,782,ENST00000578502-5;ENST00000584601-14;ENST00000578199-13;ENST00000445658-4;ENST00000584450-10;ENST00000582648-5;ENST00000582788-5;ENST00000578373-10;ENST00000269571-10;ENST00000583038-8;ENST00000541774-10;ENST00000406381-12;ENST00000540147-10;ENST00000540042-10
ENSG00000141736,ERBB2,17,1,37871612,DONOR,76,42,1046,ENST00000584601-14;ENST00000578199-13;ENST00000445658-4;ENST00000584450-10;ENST00000582648-5;ENST00000582788-5;ENST00000578373-10;ENST00000269571-10;ENST00000583038-8;ENST00000541774-10;ENST00000406381-12;ENST00000540147-10;ENST00000540042-10
ENSG00000141736,ERBB2,17,1,37871699,ACCEPTOR,73,2,1065,ENST00000584601-15;ENST00000578199-14;ENST00000445658-5;ENST00000584450-11;ENST00000582648-6;ENST00000582788-6;ENST00000578373-11;ENST00000269571-11;ENST00000583038-9;ENST00000541774-11;ENST00000406381-13;ENST00000540147-11;ENST00000540042-11
ENSG00000141736,ERBB2,17,1,37871789,DONOR,14,7,656,ENST00000584601-15;ENST00000578199-14;ENST00000445658-5;ENST00000584450-11;ENST00000582648-6;ENST00000582788-6;ENST00000578373-11;ENST00000269571-11;ENST00000583038-9;ENST00000541774-11;ENST00000406381-13;ENST00000540147-11;ENST00000540042-11
ENSG00000141736,ERBB2,17,1,37871993,ACCEPTOR,45,0,641,ENST00000584601-16;ENST00000578199-15;ENST00000445658-6;ENST00000584450-12;ENST00000582648-7;ENST00000578373-12;ENST00000269571-12;ENST00000541774-12;ENST00000406381-14;ENST00000540147-12;ENST00000540042-12;ENST00000582788-7;ENST00000583038-10
ENSG00000141736,ERBB2,17,1,37872858,DONOR,73,35,976,ENST00000582818-1;ENST00000582788-7;ENST00000583038-10;ENST00000584601-18;ENST00000578199-17;ENST00000445658-8;ENST00000584450-14;ENST00000578373-14;ENST00000269571-14;ENST00000541774-14;ENST00000406381-16;ENST00000540147-14;ENST00000540042-14
ENSG00000141736,ERBB2,17,1,37876040,ACCEPTOR,18,0,433,ENST00000584684-2;ENST00000584601-20;ENST00000445658-10;ENST00000584450-16;ENST00000578373-16;ENST00000269571-16;ENST00000583038-12;ENST00000582818-3;ENST00000578630-2;ENST00000541774-16;ENST00000406381-18;ENST00000540147-16
ENSG00000141736,ERBB2,17,1,37876087,DONOR,18,0,532,ENST00000584601-20;ENST00000445658-10;ENST00000584450-16;ENST00000578373-16;ENST00000269571-16;ENST00000583038-12;ENST00000582818-3;ENST00000578630-2;ENST00000541774-16;ENST00000406381-18;ENST00000540147-16
ENSG00000141736,ERBB2,17,1,37879572,ACCEPTOR,37,0,526,ENST00000584601-21;ENST00000445658-11;ENST00000584450-17;ENST00000578373-17;ENST00000269571-17;ENST00000583038-13;ENST00000582818-4;ENST00000578630-3;ENST00000580074-2;ENST00000541774-17;ENST00000406381-19;ENST00000540147-17
ENSG00000141736,ERBB2,17,1,37879710,DONOR,54,38,544,ENST00000584601-21;ENST00000445658-11;ENST00000584450-17;ENST00000578373-17;ENST00000269571-17;ENST00000583038-13;ENST00000582818-4;ENST00000578630-3;ENST00000580074-2;ENST00000541774-17;ENST00000406381-19;ENST00000540147-17
ENSG00000141736,ERBB2,17,1,37879791,ACCEPTOR,46,3,537,ENST00000582818-5;ENST00000584601-22;ENST00000445658-12;ENST00000584450-18;ENST00000578373-18;ENST00000269571-18;ENST00000583038-14;ENST00000578630-4;ENST00000580074-3;ENST00000541774-18;ENST00000406381-20;ENST00000540147-18
ENSG00000141736,ERBB2,17,1,37879913,DONOR,45,25,734,ENST00000584601-22;ENST00000445658-12;ENST00000584450-18;ENST00000578373-18;ENST00000269571-18;ENST00000583038-14;ENST00000578630-4;ENST00000580074-3;ENST00000541774-18;ENST00000406381-20;ENST00000540147-18
ENSG00000141736,ERBB2,17,1,37880165,ACCEPTOR,51,2,1042,ENST00000582818-6;ENST00000578630-5;ENST00000584601-23;ENST00000445658-13;ENST00000584450-19;ENST00000578373-19;ENST00000269571-19;ENST00000583038-15;ENST00000580074-4;ENST00000541774-19;ENST00000406381-21;ENST00000540147-19
ENSG00000141736,ERBB2,17,1,37880263,DONOR,116,73,1234,ENST00000584601-23;ENST00000445658-13;ENST00000584450-19;ENST00000578373-19;ENST00000269571-19;ENST00000583038-15;ENST00000580074-4;ENST00000541774-19;ENST00000406381-21;ENST00000540147-19
ENSG00000141736,ERBB2,17,1,37880979,ACCEPTOR,28,0,1157,ENST00000584601-24;ENST00000445658-14;ENST00000584450-20;ENST00000578373-20;ENST00000269571-20;ENST00000583038-16;ENST00000580074-5;ENST00000541774-20;ENST00000406381-22;ENST00000540147-20
ENSG00000141736,ERBB2,17,1,37881164,DONOR,36,29,562,ENST00000584601-24;ENST00000445658-14;ENST00000584450-20;ENST00000578373-20;ENST00000269571-20;ENST00000583038-16;ENST00000580074-5;ENST00000541774-20;ENST00000406381-22;ENST00000540147-20
ENSG00000141736,ERBB2,17,1,37881302,ACCEPTOR,26,0,560,ENST00000580074-6;ENST00000583038-17;ENST00000584601-25;ENST00000445658-15;ENST00000584450-21;ENST00000578373-21;ENST00000269571-21;ENST00000541774-21;ENST00000406381-23;ENST00000540147-21
ENSG00000141736,ERBB2,17,1,37882815,ACCEPTOR,39,3,872,ENST00000584601-28;ENST00000445658-18;ENST00000584450-24;ENST00000578373-24;ENST00000269571-24;ENST00000541774-24;ENST00000406381-26;ENST00000540147-24
ENSG00000141736,ERBB2,17,1,37882912,DONOR,16,0,760,ENST00000584601-28;ENST00000445658-18;ENST00000584450-24;ENST00000578373-24;ENST00000269571-24;ENST00000541774-24;ENST00000406381-26;ENST00000540147-24
ENSG00000141736,ERBB2,17,1,37883068,ACCEPTOR,60,3,763,ENST00000584601-29;ENST00000445658-19;ENST00000584450-25;ENST00000578373-25;ENST00000269571-25;ENST00000541774-25;ENST00000406381-27;ENST00000540147-25
ENSG00000141736,ERBB2,17,1,37883256,DONOR,39,0,267,ENST00000584601-29;ENST00000445658-19;ENST00000584450-25;ENST00000578373-25;ENST00000269571-25;ENST00000541774-25;ENST00000406381-27;ENST00000540147-25
ENSG00000141736,ERBB2,17,1,37883548,ACCEPTOR,14,1,222,ENST00000584601-30;ENST00000445658-20;ENST00000578373-26;ENST00000269571-26;ENST00000541774-26;ENST00000406381-28;ENST00000540147-26
ENSG00000141736,ERBB2,17,1,37883800,DONOR,6,2,987,ENST00000584601-30;ENST00000445658-20;ENST00000578373-26;ENST00000269571-26;ENST00000541774-26;ENST00000406381-28;ENST00000540147-26
ENSG00000141736,ERBB2,17,1,37883942,ACCEPTOR,33,2,998,ENST00000578373-27;ENST00000584601-31;ENST00000445658-21;ENST00000269571-27;ENST00000541774-27;ENST00000406381-29;ENST00000540147-27;ENST00000584450-26
ENSG00000012048,BRCA1,17,-1,41197819,ACCEPTOR,8,1,55,ENST00000586385-8;ENST00000591534-11;ENST00000591849-5;ENST00000493795-22;ENST00000471181-24;ENST00000357654-23;ENST00000461221-23;ENST00000491747-23;ENST00000354071-18;ENST00000352993-22;ENST00000346315-19;ENST00000351666-19;ENST00000309486-22;ENST00000468300-22
ENSG00000012048,BRCA1,17,-1,41199660,DONOR,11,0,62,ENST00000357654-22;ENST00000468300-21;ENST00000586385-7;ENST00000591534-10;ENST00000591849-4;ENST00000493795-21;ENST00000471181-23;ENST00000461221-22;ENST00000491747-22;ENST00000354071-17;ENST00000352993-21;ENST00000346315-18;ENST00000351666-18;ENST00000309486-21
ENSG00000012048,BRCA1,17,-1,41199720,ACCEPTOR,3,0,30,ENST00000357654-22;ENST00000468300-21;ENST00000586385-7;ENST00000591534-10;ENST00000591849-4;ENST00000493795-21;ENST00000471181-23;ENST00000461221-22;ENST00000491747-22;ENST00000354071-17;ENST00000352993-21;ENST00000346315-18;ENST00000351666-18;ENST00000309486-21
ENSG00000012048,BRCA1,17,-1,41201138,DONOR,7,0,33,ENST00000357654-21;ENST00000586385-6;ENST00000591534-9;ENST00000591849-3;ENST00000493795-20;ENST00000471181-22;ENST00000461221-21;ENST00000491747-21;ENST00000354071-16;ENST00000352993-20;ENST00000346315-17;ENST00000351666-17;ENST00000309486-20
ENSG00000012048,BRCA1,17,-1,41201211,ACCEPTOR,4,0,24,ENST00000357654-21;ENST00000586385-6;ENST00000591534-9;ENST00000591849-3;ENST00000493795-20;ENST00000471181-22;ENST00000461221-21;ENST00000491747-21;ENST00000354071-16;ENST00000352993-20;ENST00000346315-17;ENST00000351666-17;ENST00000309486-20
ENSG00000012048,BRCA1,17,-1,41203134,ACCEPTOR,7,3,59,ENST00000357654-20;ENST00000468300-20;ENST00000586385-5;ENST00000591534-8;ENST00000493795-19;ENST00000471181-21;ENST00000461221-20;ENST00000491747-20;ENST00000354071-15;ENST00000352993-19;ENST00000346315-16;ENST00000351666-16;ENST00000309486-19
ENSG00000012048,BRCA1,17,-1,41209069,DONOR,11,1,75,ENST00000357654-19;ENST00000468300-19;ENST00000586385-4;ENST00000591534-7;ENST00000493795-18;ENST00000471181-20;ENST00000461221-19;ENST00000491747-19;ENST00000354071-14;ENST00000352993-18;ENST00000346315-15;ENST00000351666-15;ENST00000309486-18
ENSG00000012048,BRCA1,17,-1,41209152,ACCEPTOR,6,3,108,ENST00000357654-19;ENST00000468300-19;ENST00000586385-4;ENST00000591534-7;ENST00000493795-18;ENST00000471181-20;ENST00000461221-19;ENST00000491747-19;ENST00000354071-14;ENST00000352993-18;ENST00000346315-15;ENST00000351666-15;ENST00000309486-18
ENSG00000012048,BRCA1,17,-1,41215390,ACCEPTOR,6,3,82,ENST00000357654-18;ENST00000468300-18;ENST00000586385-3;ENST00000591534-6;ENST00000493795-17;ENST00000471181-19;ENST00000461221-18;ENST00000491747-18;ENST00000354071-13;ENST00000352993-17;ENST00000346315-14;ENST00000351666-14;ENST00000309486-17
ENSG00000012048,BRCA1,17,-1,41215891,DONOR,7,0,82,ENST00000357654-17;ENST00000468300-17;ENST00000586385-2;ENST00000591534-5;ENST00000493795-16;ENST00000471181-18;ENST00000461221-17;ENST00000491747-17;ENST00000484087-11;ENST00000478531-17;ENST00000493919-16;ENST00000352993-16;ENST00000346315-13;ENST00000351666-13;ENST00000309486-16
ENSG00000012048,BRCA1,17,-1,41215968,ACCEPTOR,12,7,174,ENST00000357654-17;ENST00000468300-17;ENST00000586385-2;ENST00000591534-5;ENST00000493795-16;ENST00000471181-18;ENST00000461221-17;ENST00000491747-17;ENST00000484087-11;ENST00000478531-17;ENST00000493919-16;ENST00000352993-16;ENST00000346315-13;ENST00000351666-13;ENST00000309486-16
ENSG00000012048,BRCA1,17,-1,41219712,ACCEPTOR,16,1,141,ENST00000357654-16;ENST00000468300-16;ENST00000591534-4;ENST00000493795-15;ENST00000471181-17;ENST00000461221-16;ENST00000491747-16;ENST00000484087-10;ENST00000478531-16;ENST00000493919-15;ENST00000352993-15;ENST00000351666-12;ENST00000309486-15;ENST00000472490-2
ENSG00000012048,BRCA1,17,-1,41222945,DONOR,11,1,130,ENST00000357654-15;ENST00000468300-15;ENST00000591534-3;ENST00000493795-14;ENST00000471181-16;ENST00000461221-15;ENST00000491747-15;ENST00000484087-9;ENST00000478531-15;ENST00000493919-14;ENST00000352993-14;ENST00000351666-11;ENST00000309486-14;ENST00000472490-1
ENSG00000012048,BRCA1,17,-1,41223255,ACCEPTOR,8,5,92,ENST00000357654-15;ENST00000468300-15;ENST00000591534-3;ENST00000493795-14;ENST00000471181-16;ENST00000461221-15;ENST00000491747-15;ENST00000484087-9;ENST00000478531-15;ENST00000493919-14;ENST00000352993-14;ENST00000351666-11;ENST00000309486-14
ENSG00000012048,BRCA1,17,-1,41226348,DONOR,4,0,96,ENST00000357654-14;ENST00000468300-14;ENST00000591534-2;ENST00000493795-13;ENST00000471181-15;ENST00000461221-14;ENST00000491747-14;ENST00000484087-8;ENST00000478531-14;ENST00000493919-13;ENST00000352993-13;ENST00000351666-10;ENST00000309486-13
ENSG00000012048,BRCA1,17,-1,41226538,ACCEPTOR,16,3,159,ENST00000357654-14;ENST00000468300-14;ENST00000591534-2;ENST00000493795-13;ENST00000471181-15;ENST00000461221-14;ENST00000491747-14;ENST00000484087-8;ENST00000478531-14;ENST00000493919-13;ENST00000352993-13;ENST00000351666-10;ENST00000309486-13
ENSG00000012048,BRCA1,17,-1,41228505,DONOR,10,0,128,ENST00000468300-13;ENST00000471181-14;ENST00000491747-13;ENST00000357654-13;ENST00000493795-12;ENST00000461221-13;ENST00000484087-7;ENST00000478531-13;ENST00000493919-12;ENST00000487825-7;ENST00000352993-12;ENST00000351666-9;ENST00000309486-12
ENSG00000012048,BRCA1,17,-1,41228631,ACCEPTOR,23,2,118,ENST00000357654-13;ENST00000493795-12;ENST00000461221-13;ENST00000484087-7;ENST00000478531-13;ENST00000493919-12;ENST00000487825-7;ENST00000352993-12;ENST00000351666-9;ENST00000309486-12
ENSG00000012048,BRCA1,17,-1,41231351,DONOR,17,0,434,ENST00000471181-13
ENSG00000012048,BRCA1,17,-1,41231416,ACCEPTOR,12,1,18,ENST00000471181-13
ENSG00000012048,BRCA1,17,-1,41234421,DONOR,16,0,154,ENST00000357654-12;ENST00000468300-12;ENST00000493795-11;ENST00000471181-12;ENST00000461221-12;ENST00000491747-12;ENST00000484087-6;ENST00000478531-12;ENST00000493919-11;ENST00000487825-6;ENST00000461574-3;ENST00000354071-12;ENST00000352993-11;ENST00000346315-12;ENST00000351666-8;ENST00000309486-11
ENSG00000012048,BRCA1,17,-1,41234592,ACCEPTOR,3,1,69,ENST00000357654-12;ENST00000468300-12;ENST00000493795-11;ENST00000471181-12;ENST00000461221-12;ENST00000491747-12;ENST00000484087-6;ENST00000478531-12;ENST00000493919-11;ENST00000487825-6;ENST00000461574-3;ENST00000354071-12;ENST00000352993-11;ENST00000346315-12;ENST00000351666-8;ENST00000309486-11
ENSG00000012048,BRCA1,17,-1,41243049,ACCEPTOR,7,3,84,ENST00000357654-11;ENST00000468300-11;ENST00000493795-10;ENST00000471181-11;ENST00000461221-11;ENST00000491747-11;ENST00000484087-5;ENST00000478531-11;ENST00000493919-10;ENST00000487825-5;ENST00000461574-2;ENST00000354071-11;ENST00000352993-10;ENST00000346315-11;ENST00000351666-7;ENST00000309486-10
ENSG00000012048,BRCA1,17,-1,41246877,ACCEPTOR,14,5,116,ENST00000357654-10;ENST00000493795-9;ENST00000471181-10;ENST00000461221-10;ENST00000354071-10;ENST00000346315-10;ENST00000309486-9;ENST00000468300-10;ENST00000491747-10;ENST00000484087-4;ENST00000478531-10;ENST00000493919-9;ENST00000487825-4;ENST00000492859-11;ENST00000497488-2;ENST00000494123-10;ENST00000467274-10;ENST00000412061-2;ENST00000470026-10;ENST00000477152-9;ENST00000473961-4
ENSG00000012048,BRCA1,17,-1,41247863,DONOR,5,0,91,ENST00000357654-9;ENST00000468300-9;ENST00000493795-8;ENST00000471181-9;ENST00000461221-9;ENST00000491747-9;ENST00000478531-9;ENST00000493919-8;ENST00000467274-9;ENST00000470026-9;ENST00000477152-8;ENST00000492859-10;ENST00000494123-9;ENST00000476777-9;ENST00000354071-9;ENST00000352993-9;ENST00000346315-9;ENST00000309486-8;ENST00000412061-1
ENSG00000012048,BRCA1,17,-1,41247939,ACCEPTOR,6,2,84,ENST00000357654-9;ENST00000468300-9;ENST00000493795-8;ENST00000471181-9;ENST00000461221-9;ENST00000491747-9;ENST00000478531-9;ENST00000493919-8;ENST00000467274-9;ENST00000470026-9;ENST00000477152-8;ENST00000492859-10;ENST00000494123-9;ENST00000476777-9;ENST00000354071-9;ENST00000352993-9;ENST00000346315-9;ENST00000309486-8
ENSG00000012048,BRCA1,17,-1,41251897,ACCEPTOR,6,3,76,ENST00000357654-7;ENST00000468300-7;ENST00000493795-6;ENST00000471181-7;ENST00000491747-7;ENST00000493919-6;ENST00000487825-3;ENST00000467274-7;ENST00000470026-7;ENST00000477152-6;ENST00000492859-8;ENST00000494123-7;ENST00000354071-7;ENST00000352993-7;ENST00000346315-7;ENST00000351666-6;ENST00000309486-6;ENST00000461798-7
ENSG00000012048,BRCA1,17,-1,41256278,ACCEPTOR,4,0,74,ENST00000489037-5;ENST00000357654-6;ENST00000468300-6;ENST00000493795-5;ENST00000471181-6;ENST00000461221-6;ENST00000491747-6;ENST00000484087-2;ENST00000478531-6;ENST00000493919-5;ENST00000487825-2;ENST00000467274-6;ENST00000470026-6;ENST00000477152-5;ENST00000492859-7;ENST00000494123-6;ENST00000473961-2;ENST00000476777-6;ENST00000461798-6;ENST00000354071-6;ENST00000352993-6;ENST00000346315-6;ENST00000351666-5;ENST00000309486-5
ENSG00000012048,BRCA1,17,-1,41256885,DONOR,5,0,75,ENST00000484087-1;ENST00000487825-1;ENST00000473961-1;ENST00000357654-5;ENST00000468300-5;ENST00000493795-4;ENST00000471181-5;ENST00000461221-5;ENST00000491747-5;ENST00000478531-5;ENST00000493919-4;ENST00000467274-5;ENST00000470026-5;ENST00000477152-4;ENST00000492859-6;ENST00000494123-5;ENST00000476777-5;ENST00000461798-5;ENST00000489037-4;ENST00000354071-5;ENST00000352993-5;ENST00000346315-5;ENST00000351666-4;ENST00000309486-4
ENSG00000012048,BRCA1,17,-1,41256973,ACCEPTOR,6,4,63,ENST00000357654-5;ENST00000468300-5;ENST00000493795-4;ENST00000471181-5;ENST00000461221-5;ENST00000491747-5;ENST00000478531-5;ENST00000493919-4;ENST00000467274-5;ENST00000470026-5;ENST00000477152-4;ENST00000492859-6;ENST00000494123-5;ENST00000476777-5;ENST00000461798-5;ENST00000489037-4;ENST00000354071-5;ENST00000352993-5;ENST00000346315-5;ENST00000351666-4;ENST00000309486-4
ENSG00000012048,BRCA1,17,-1,41258550,ACCEPTOR,4,2,94,ENST00000461221-4;ENST00000461798-4
ENSG00000012048,BRCA1,17,-1,41267796,ACCEPTOR,10,3,112,ENST00000357654-3;ENST00000468300-3;ENST00000471181-3;ENST00000461221-3;ENST00000491747-3;ENST00000478531-3;ENST00000467274-3;ENST00000470026-3;ENST00000477152-3;ENST00000492859-3;ENST00000494123-3;ENST00000476777-3;ENST00000461798-3;ENST00000489037-3;ENST00000354071-3;ENST00000352993-3;ENST00000346315-3;ENST00000351666-2
ENSG00000012048,BRCA1,17,-1,41276034,DONOR,8,0,101,ENST00000357654-2;ENST00000468300-2;ENST00000493795-2;ENST00000471181-2;ENST00000461221-2;ENST00000491747-2;ENST00000478531-2;ENST00000493919-2;ENST00000467274-2;ENST00000470026-2;ENST00000477152-2;ENST00000492859-2;ENST00000494123-2;ENST00000476777-2;ENST00000461798-2;ENST00000489037-2;ENST00000354071-2;ENST00000352993-2;ENST00000346315-2;ENST00000351666-1;ENST00000309486-2
ENSG00000012048,BRCA1,17,-1,41276132,ACCEPTOR,11,2,61,ENST00000357654-2;ENST00000468300-2;ENST00000493795-2;ENST00000471181-2;ENST00000461221-2;ENST00000491747-2;ENST00000478531-2;ENST00000493919-2;ENST00000467274-2;ENST00000470026-2;ENST00000477152-2;ENST00000492859-2;ENST00000494123-2;ENST00000476777-2;ENST00000461798-2;ENST00000489037-2;ENST00000354071-2;ENST00000352993-2;ENST00000346315-2;ENST00000351666-1;ENST00000309486-2
ENSG00000012048,BRCA1,17,-1,41277199,DONOR,8,0,16,ENST00000489037-1;ENST00000586385-1;ENST00000461221-1;ENST00000470026-1
ENSG00000012048,BRCA1,17,-1,41277288,DONOR,8,0,66,ENST00000467274-1;ENST00000591534-1;ENST00000591849-1;ENST00000477152-1;ENST00000492859-1;ENST00000497488-1;ENST00000476777-1;ENST00000471181-1;ENST00000354071-1;ENST00000352993-1;ENST00000357654-1
ENSG00000182944,EWSR1,22,1,29664338,DONOR,10,0,873,ENST00000436425-1;ENST00000447973-1;ENST00000415761-1;ENST00000414183-1;ENST00000437155-1;ENST00000397938-1;ENST00000483415-1;ENST00000333395-1;ENST00000444626-1;ENST00000332050-1;ENST00000455726-1;ENST00000332035-1;ENST00000485037-1;ENST00000406548-1;ENST00000331029-1
ENSG00000182944,EWSR1,22,1,29668205,ACCEPTOR,31,0,1122,ENST00000444626-2;ENST00000397938-2;ENST00000436425-2;ENST00000447973-2;ENST00000485037-2;ENST00000406548-2;ENST00000437155-2;ENST00000415761-2;ENST00000331029-2;ENST00000483415-2;ENST00000414183-2;ENST00000333395-2;ENST00000455726-2;ENST00000332035-2;ENST00000493426-2;ENST00000332050-2
ENSG00000182944,EWSR1,22,1,29668241,DONOR,96,30,1691,ENST00000444626-2;ENST00000397938-2;ENST00000436425-2;ENST00000447973-2;ENST00000485037-2;ENST00000406548-2;ENST00000437155-2;ENST00000415761-2;ENST00000331029-2;ENST00000483415-2;ENST00000414183-2;ENST00000333395-2;ENST00000455726-2;ENST00000332035-2;ENST00000493426-2;ENST00000332050-2
ENSG00000182944,EWSR1,22,1,29668369,ACCEPTOR,137,0,1800,ENST00000397938-3;ENST00000436425-3;ENST00000447973-3;ENST00000485037-3;ENST00000406548-3;ENST00000437155-3;ENST00000415761-3;ENST00000331029-3;ENST00000483415-3;ENST00000414183-3;ENST00000333395-3;ENST00000455726-3;ENST00000332035-3;ENST00000493426-3;ENST00000332050-3
ENSG00000182944,EWSR1,22,1,29668420,DONOR,275,55,2856,ENST00000444626-3
ENSG00000182944,EWSR1,22,1,29669727,ACCEPTOR,187,4,832,ENST00000436425-4;ENST00000447973-4;ENST00000437155-4
ENSG00000182944,EWSR1,22,1,29669853,DONOR,140,65,2799,ENST00000444626-4;ENST00000397938-4;ENST00000485037-4;ENST00000406548-4;ENST00000331029-4;ENST00000483415-4;ENST00000414183-4;ENST00000333395-4;ENST00000455726-4;ENST00000332035-4;ENST00000332050-4;ENST00000436425-4;ENST00000447973-4;ENST00000437155-4
ENSG00000182944,EWSR1,22,1,29670254,ACCEPTOR,202,0,263,ENST00000436425-5;ENST00000414183-5;ENST00000485037-5
ENSG00000182944,EWSR1,22,1,29674205,DONOR,68,9,1744,ENST00000415761-4
ENSG00000182944,EWSR1,22,1,29678379,ACCEPTOR,102,7,1601,ENST00000397938-6;ENST00000406548-6;ENST00000437155-6;ENST00000415761-5;ENST00000331029-6;ENST00000483415-6;ENST00000414183-7;ENST00000333395-6;ENST00000479135-2;ENST00000332050-6;ENST00000447973-7;ENST00000436425-7
ENSG00000182944,EWSR1,22,1,29678546,DONOR,59,1,3185,ENST00000397938-6;ENST00000406548-6;ENST00000437155-6;ENST00000415761-5;ENST00000331029-6;ENST00000483415-6;ENST00000414183-7;ENST00000333395-6;ENST00000479135-2;ENST00000332050-6
ENSG00000182944,EWSR1,22,1,29682912,ACCEPTOR,175,3,3196,ENST00000397938-7;ENST00000406548-7;ENST00000437155-7;ENST00000331029-7;ENST00000483415-7;ENST00000414183-8;ENST00000333395-7;ENST00000455726-6;ENST00000332035-6;ENST00000479135-3;ENST00000332050-7;ENST00000415761-6
ENSG00000182944,EWSR1,22,1,29683123,DONOR,197,80,1325,ENST00000397938-7;ENST00000406548-7;ENST00000437155-7;ENST00000331029-7;ENST00000483415-7;ENST00000414183-8;ENST00000333395-7;ENST00000455726-6;ENST00000332035-6;ENST00000479135-3;ENST00000332050-7
ENSG00000182944,EWSR1,22,1,29684595,ACCEPTOR,218,0,1420,ENST00000397938-8;ENST00000406548-8;ENST00000414183-9;ENST00000333395-8;ENST00000332035-7;ENST00000331029-8;ENST00000437155-8;ENST00000483415-8;ENST00000455726-7;ENST00000479135-4
ENSG00000182944,EWSR1,22,1,29688158,DONOR,168,46,1218,ENST00000397938-10;ENST00000406548-10;ENST00000414183-11;ENST00000332035-9;ENST00000479135-5;ENST00000332050-8;ENST00000483629-1;ENST00000360091-1;ENST00000469669-1
ENSG00000182944,EWSR1,22,1,29688477,ACCEPTOR,176,12,1285,ENST00000397938-11;ENST00000406548-11;ENST00000414183-12;ENST00000332035-10;ENST00000479135-6;ENST00000469669-2;ENST00000483629-2;ENST00000360091-2;ENST00000332050-9
ENSG00000182944,EWSR1,22,1,29688595,DONOR,119,1,1626,ENST00000397938-11;ENST00000406548-11;ENST00000414183-12;ENST00000332035-10;ENST00000479135-6;ENST00000469669-2;ENST00000483629-2;ENST00000360091-2;ENST00000332050-9;ENST00000331029-9
ENSG00000182944,EWSR1,22,1,29692358,DONOR,155,73,982,ENST00000397938-12;ENST00000406548-12;ENST00000331029-10;ENST00000414183-13;ENST00000332035-11;ENST00000479135-7;ENST00000469669-3;ENST00000483629-3;ENST00000360091-3;ENST00000332050-10;ENST00000490315-1
ENSG00000182944,EWSR1,22,1,29693817,ACCEPTOR,44,1,898,ENST00000397938-13;ENST00000406548-13;ENST00000331029-11;ENST00000414183-14;ENST00000332035-12;ENST00000479135-8;ENST00000469669-4;ENST00000483629-4;ENST00000360091-4;ENST00000490315-2;ENST00000332050-11
ENSG00000182944,EWSR1,22,1,29693939,DONOR,64,16,255,ENST00000397938-13;ENST00000406548-13;ENST00000331029-11;ENST00000414183-14;ENST00000332035-12;ENST00000479135-8;ENST00000469669-4;ENST00000483629-4;ENST00000360091-4;ENST00000490315-2;ENST00000332050-11
ENSG00000182944,EWSR1,22,1,29694723,ACCEPTOR,40,0,255,ENST00000483629-5;ENST00000397938-14;ENST00000406548-14;ENST00000331029-12;ENST00000414183-15;ENST00000332035-13;ENST00000479135-9;ENST00000469669-5;ENST00000360091-5;ENST00000332050-12;ENST00000490315-3
ENSG00000182944,EWSR1,22,1,29695841,DONOR,12,3,2123,ENST00000490315-3;ENST00000397938-16;ENST00000406548-16;ENST00000331029-14;ENST00000414183-17;ENST00000332035-15;ENST00000479135-11;ENST00000469669-7;ENST00000483629-6;ENST00000360091-7;ENST00000332050-14
ENSG00000182944,EWSR1,22,1,29696112,ACCEPTOR,9,0,2134,ENST00000397938-17;ENST00000331029-15;ENST00000479135-12;ENST00000469669-8;ENST00000483629-7;ENST00000360091-8;ENST00000414183-18;ENST00000332050-15;ENST00000406548-17;ENST00000332035-16;ENST00000490315-4
ENSG00000121879,PIK3CA,3,1,178866391,DONOR,26,17,356,ENST00000263967-1
ENSG00000121879,PIK3CA,3,1,178916538,ACCEPTOR,47,0,420,ENST00000468036-2;ENST00000477735-2;ENST00000263967-2
ENSG00000121879,PIK3CA,3,1,178916965,DONOR,53,0,380,ENST00000263967-2
ENSG00000121879,PIK3CA,3,1,178917478,ACCEPTOR,32,0,355,ENST00000263967-3
ENSG00000121879,PIK3CA,3,1,178917687,DONOR,52,21,780,ENST00000263967-3
ENSG00000121879,PIK3CA,3,1,178919078,ACCEPTOR,43,1,742,ENST00000263967-4
ENSG00000121879,PIK3CA,3,1,178919328,DONOR,23,0,446,ENST00000263967-4
ENSG00000121879,PIK3CA,3,1,178921332,ACCEPTOR,71,0,487,ENST00000263967-5
ENSG00000121879,PIK3CA,3,1,178921577,DONOR,22,0,665,ENST00000263967-5
ENSG00000121879,PIK3CA,3,1,178922291,ACCEPTOR,76,2,718,ENST00000263967-6
ENSG00000121879,PIK3CA,3,1,178922376,DONOR,76,31,693,ENST00000263967-6
ENSG00000121879,PIK3CA,3,1,178927383,ACCEPTOR,54,0,607,ENST00000263967-7
ENSG00000121879,PIK3CA,3,1,178927488,DONOR,60,22,369,ENST00000263967-7
ENSG00000121879,PIK3CA,3,1,178927974,ACCEPTOR,20,0,333,ENST00000263967-8
ENSG00000121879,PIK3CA,3,1,178928126,DONOR,16,14,427,ENST00000263967-8
ENSG00000121879,PIK3CA,3,1,178928219,ACCEPTOR,17,0,459,ENST00000263967-9
ENSG00000121879,PIK3CA,3,1,178928353,DONOR,51,2,676,ENST00000263967-9
ENSG00000121879,PIK3CA,3,1,178935998,ACCEPTOR,29,2,680,ENST00000263967-10
ENSG00000121879,PIK3CA,3,1,178936122,DONOR,21,0,797,ENST00000263967-10
ENSG00000121879,PIK3CA,3,1,178936984,ACCEPTOR,225,9,1012,ENST00000263967-11
ENSG00000121879,PIK3CA,3,1,178937065,DONOR,51,1,532,ENST00000263967-11
ENSG00000121879,PIK3CA,3,1,178937359,ACCEPTOR,12,0,490,ENST00000263967-12
ENSG00000121879,PIK3CA,3,1,178937523,DONOR,34,6,350,ENST00000462255-1;ENST00000263967-12
ENSG00000121879,PIK3CA,3,1,178937737,ACCEPTOR,30,3,315,ENST00000263967-13;ENST00000462255-2
ENSG00000121879,PIK3CA,3,1,178938774,ACCEPTOR,15,2,436,ENST00000263967-14;ENST00000462255-3
ENSG00000121879,PIK3CA,3,1,178938945,DONOR,62,27,612,ENST00000263967-14;ENST00000462255-3
ENSG00000121879,PIK3CA,3,1,178941869,ACCEPTOR,36,1,556,ENST00000263967-15;ENST00000462255-4
ENSG00000121879,PIK3CA,3,1,178941975,DONOR,32,20,494,ENST00000263967-15;ENST00000462255-4
ENSG00000121879,PIK3CA,3,1,178942488,ACCEPTOR,53,1,539,ENST00000263967-16;ENST00000462255-5
ENSG00000121879,PIK3CA,3,1,178942609,DONOR,115,7,702,ENST00000263967-16;ENST00000462255-5
ENSG00000121879,PIK3CA,3,1,178943750,ACCEPTOR,116,4,728,ENST00000462255-6;ENST00000263967-17
ENSG00000121879,PIK3CA,3,1,178943828,DONOR,35,0,514,ENST00000263967-17
ENSG00000121879,PIK3CA,3,1,178947060,ACCEPTOR,79,2,523,ENST00000263967-18
ENSG00000121879,PIK3CA,3,1,178947230,DONOR,21,1,408,ENST00000263967-18
ENSG00000121879,PIK3CA,3,1,178947792,ACCEPTOR,36,1,430,ENST00000263967-19
ENSG00000121879,PIK3CA,3,1,178947909,DONOR,23,0,571,ENST00000263967-19
ENSG00000121879,PIK3CA,3,1,178948013,ACCEPTOR,33,0,573,ENST00000263967-20
ENSG00000121879,PIK3CA,3,1,178948164,DONOR,52,21,489,ENST00000263967-20
ENSG00000121879,PIK3CA,3,1,178951882,ACCEPTOR,38,0,488,ENST00000263967-21
ENSG00000175832,ETV4,17,-1,41606111,ACCEPTOR,16,8,151,ENST00000591713-13;ENST00000545954-12;ENST00000393664-12;ENST00000545089-11;ENST00000319349-13;ENST00000586826-5;ENST00000538265-12
ENSG00000175832,ETV4,17,-1,41606503,DONOR,9,0,148,ENST00000319349-12;ENST00000393664-11;ENST00000545954-11;ENST00000545089-10;ENST00000591713-12;ENST00000586826-4;ENST00000538265-11
ENSG00000175832,ETV4,17,-1,41606604,ACCEPTOR,18,12,144,ENST00000319349-12;ENST00000393664-11;ENST00000545954-11;ENST00000545089-10;ENST00000591713-12;ENST00000586826-4;ENST00000538265-11
ENSG00000175832,ETV4,17,-1,41606872,DONOR,9,1,134,ENST00000319349-11;ENST00000393664-10;ENST00000545954-10;ENST00000545089-9;ENST00000591713-11;ENST00000586826-3;ENST00000538265-10
ENSG00000175832,ETV4,17,-1,41607044,ACCEPTOR,4,3,100,ENST00000319349-11;ENST00000393664-10;ENST00000545954-10;ENST00000545089-9;ENST00000591713-11;ENST00000586826-3;ENST00000538265-10
ENSG00000175832,ETV4,17,-1,41607252,DONOR,10,1,109,ENST00000319349-10;ENST00000393664-9;ENST00000545954-9;ENST00000545089-8;ENST00000591713-10;ENST00000586826-2;ENST00000538265-9
ENSG00000175832,ETV4,17,-1,41607320,ACCEPTOR,14,3,112,ENST00000319349-10;ENST00000393664-9;ENST00000545954-9;ENST00000545089-8;ENST00000591713-10;ENST00000586826-2;ENST00000538265-9
ENSG00000175832,ETV4,17,-1,41607475,DONOR,8,0,87,ENST00000319349-9;ENST00000393664-8;ENST00000545954-8;ENST00000545089-7;ENST00000591713-9;ENST00000538265-8;ENST00000586826-1
ENSG00000175832,ETV4,17,-1,41610042,DONOR,24,0,111,ENST00000319349-8;ENST00000393664-7;ENST00000545954-7;ENST00000545089-6;ENST00000591713-8;ENST00000538265-7
ENSG00000175832,ETV4,17,-1,41610307,ACCEPTOR,11,5,223,ENST00000319349-8;ENST00000393664-7;ENST00000545954-7;ENST00000545089-6;ENST00000591713-8;ENST00000538265-7;ENST00000590236-7
ENSG00000175832,ETV4,17,-1,41610716,ACCEPTOR,35,23,252,ENST00000319349-7;ENST00000393664-6;ENST00000545954-6;ENST00000591713-7;ENST00000590236-6;ENST00000538265-6;ENST00000585508-6
ENSG00000175832,ETV4,17,-1,41611353,ACCEPTOR,20,2,285,ENST00000319349-6;ENST00000393664-5;ENST00000545954-5;ENST00000545089-5;ENST00000591713-6;ENST00000590236-5;ENST00000585508-5;ENST00000538265-5
ENSG00000175832,ETV4,17,-1,41613847,ACCEPTOR,13,1,234,ENST00000319349-5;ENST00000393664-4;ENST00000545954-4;ENST00000545089-4;ENST00000591713-5;ENST00000590236-4;ENST00000585508-4;ENST00000538265-4
ENSG00000175832,ETV4,17,-1,41622343,DONOR,8,0,188,ENST00000319349-4;ENST00000393664-3;ENST00000545954-3;ENST00000545089-3;ENST00000591713-4;ENST00000590236-2;ENST00000585508-3;ENST00000587151-4;ENST00000538265-3
ENSG00000175832,ETV4,17,-1,41622390,ACCEPTOR,11,3,132,ENST00000319349-4;ENST00000393664-3;ENST00000545954-3;ENST00000545089-3;ENST00000591713-4;ENST00000590236-2;ENST00000585508-3;ENST00000587151-4;ENST00000538265-3
ENSG00000175832,ETV4,17,-1,41622642,DONOR,23,2,138,ENST00000590236-1;ENST00000319349-3;ENST00000393664-2;ENST00000545954-2;ENST00000545089-2;ENST00000591713-3;ENST00000587151-3;ENST00000586764-3;ENST00000538265-2;ENST00000585508-2
ENSG00000175832,ETV4,17,-1,41623229,DONOR,5,0,12,ENST00000587151-1;ENST00000591713-1;ENST00000538265-1
ENSG00000146648,EGFR,7,1,55087058,DONOR,5,0,262,ENST00000275493-1;ENST00000459688-1;ENST00000344576-1;ENST00000342916-1;ENST00000463948-1;ENST00000442591-1;ENST00000420316-1;ENST00000455089-1
ENSG00000146648,EGFR,7,1,55209979,ACCEPTOR,23,0,287,ENST00000455089-2;ENST00000342916-2;ENST00000344576-2;ENST00000420316-2;ENST00000275493-2;ENST00000450046-2;ENST00000442591-2;ENST00000454757-2
ENSG00000146648,EGFR,7,1,55210130,DONOR,39,1,1059,ENST00000455089-2;ENST00000342916-2;ENST00000344576-2;ENST00000420316-2;ENST00000275493-2;ENST00000450046-2;ENST00000442591-2;ENST00000454757-2
ENSG00000146648,EGFR,7,1,55210998,ACCEPTOR,105,4,1085,ENST00000455089-3;ENST00000342916-3;ENST00000344576-3;ENST00000420316-3;ENST00000275493-3;ENST00000450046-3;ENST00000442591-3;ENST00000454757-3
ENSG00000146648,EGFR,7,1,55211181,DONOR,32,0,835,ENST00000455089-3;ENST00000342916-3;ENST00000344576-3;ENST00000420316-3;ENST00000275493-3;ENST00000450046-3;ENST00000442591-3;ENST00000454757-3
ENSG00000146648,EGFR,7,1,55214299,ACCEPTOR,58,5,824,ENST00000342916-4;ENST00000344576-4;ENST00000420316-4;ENST00000275493-4;ENST00000442591-4;ENST00000454757-4;ENST00000450046-4
ENSG00000146648,EGFR,7,1,55214433,DONOR,81,28,873,ENST00000342916-4;ENST00000344576-4;ENST00000420316-4;ENST00000275493-4;ENST00000442591-4;ENST00000454757-4
ENSG00000146648,EGFR,7,1,55218987,ACCEPTOR,23,0,895,ENST00000455089-4;ENST00000342916-5;ENST00000344576-5;ENST00000420316-5;ENST00000275493-5;ENST00000442591-5;ENST00000454757-5
ENSG00000146648,EGFR,7,1,55219055,DONOR,44,0,872,ENST00000455089-4;ENST00000342916-5;ENST00000344576-5;ENST00000420316-5;ENST00000275493-5;ENST00000442591-5;ENST00000454757-5
ENSG00000146648,EGFR,7,1,55220239,ACCEPTOR,25,2,782,ENST00000455089-5;ENST00000342916-6;ENST00000344576-6;ENST00000420316-6;ENST00000275493-6;ENST00000442591-6;ENST00000454757-6
ENSG00000146648,EGFR,7,1,55220357,DONOR,101,66,946,ENST00000455089-5;ENST00000342916-6;ENST00000344576-6;ENST00000420316-6;ENST00000275493-6;ENST00000442591-6;ENST00000454757-6
ENSG00000146648,EGFR,7,1,55221704,ACCEPTOR,139,3,1055,ENST00000455089-6;ENST00000342916-7;ENST00000344576-7;ENST00000420316-7;ENST00000275493-7;ENST00000442591-7;ENST00000454757-7
ENSG00000146648,EGFR,7,1,55221845,DONOR,62,21,716,ENST00000455089-6;ENST00000342916-7;ENST00000344576-7;ENST00000420316-7;ENST00000275493-7;ENST00000442591-7;ENST00000454757-7
ENSG00000146648,EGFR,7,1,55223523,ACCEPTOR,8,0,638,ENST00000455089-7;ENST00000342916-8;ENST00000344576-8;ENST00000420316-8;ENST00000275493-8;ENST00000442591-8;ENST00000454757-8
ENSG00000146648,EGFR,7,1,55223639,DONOR,15,0,820,ENST00000455089-7;ENST00000342916-8;ENST00000344576-8;ENST00000420316-8;ENST00000275493-8;ENST00000442591-8;ENST00000454757-8
ENSG00000146648,EGFR,7,1,55224226,ACCEPTOR,219,7,1017,ENST00000455089-8;ENST00000342916-9;ENST00000344576-9;ENST00000420316-9;ENST00000275493-9;ENST00000442591-9;ENST00000454757-9
ENSG00000146648,EGFR,7,1,55224352,DONOR,28,0,990,ENST00000455089-8;ENST00000342916-9;ENST00000344576-9;ENST00000420316-9;ENST00000275493-9;ENST00000442591-9;ENST00000454757-9
ENSG00000146648,EGFR,7,1,55224452,ACCEPTOR,82,2,1039,ENST00000420316-10;ENST00000455089-9;ENST00000342916-10;ENST00000344576-10;ENST00000275493-10;ENST00000442591-10;ENST00000454757-10
ENSG00000146648,EGFR,7,1,55224525,DONOR,10,0,1097,ENST00000455089-9;ENST00000342916-10;ENST00000344576-10;ENST00000275493-10;ENST00000442591-10;ENST00000454757-10
ENSG00000146648,EGFR,7,1,55225356,ACCEPTOR,150,8,1065,ENST00000455089-10;ENST00000342916-11;ENST00000344576-11;ENST00000275493-11;ENST00000442591-11;ENST00000454757-11
ENSG00000146648,EGFR,7,1,55225446,DONOR,120,11,707,ENST00000455089-10;ENST00000342916-11;ENST00000344576-11;ENST00000275493-11;ENST00000442591-11;ENST00000454757-11
ENSG00000146648,EGFR,7,1,55227832,ACCEPTOR,147,0,696,ENST00000455089-11;ENST00000342916-12;ENST00000344576-12;ENST00000275493-12;ENST00000442591-12;ENST00000454757-12
ENSG00000146648,EGFR,7,1,55228031,DONOR,76,0,483,ENST00000455089-11;ENST00000342916-12;ENST00000344576-12;ENST00000275493-12;ENST00000442591-12;ENST00000454757-12
ENSG00000146648,EGFR,7,1,55229192,ACCEPTOR,44,0,447,ENST00000455089-12;ENST00000342916-13;ENST00000344576-13;ENST00000275493-13;ENST00000442591-13;ENST00000454757-13
ENSG00000146648,EGFR,7,1,55229324,DONOR,69,1,660,ENST00000455089-12;ENST00000342916-13;ENST00000344576-13;ENST00000275493-13;ENST00000442591-13;ENST00000454757-13
ENSG00000146648,EGFR,7,1,55231426,ACCEPTOR,87,6,683,ENST00000455089-13;ENST00000342916-14;ENST00000344576-14;ENST00000275493-14;ENST00000442591-14;ENST00000454757-14
ENSG00000146648,EGFR,7,1,55231516,DONOR,128,64,1157,ENST00000455089-13;ENST00000342916-14;ENST00000344576-14;ENST00000275493-14;ENST00000442591-14;ENST00000454757-14
ENSG00000146648,EGFR,7,1,55232973,ACCEPTOR,140,3,1168,ENST00000455089-14;ENST00000342916-15;ENST00000344576-15;ENST00000275493-15;ENST00000442591-15;ENST00000454757-15
ENSG00000146648,EGFR,7,1,55233130,DONOR,44,14,428,ENST00000455089-14;ENST00000342916-15;ENST00000344576-15;ENST00000275493-15;ENST00000442591-15;ENST00000454757-15
ENSG00000146648,EGFR,7,1,55236216,ACCEPTOR,57,0,62,ENST00000342916-16
ENSG00000146648,EGFR,7,1,55238000,ACCEPTOR,56,0,63,ENST00000344576-16
ENSG00000146648,EGFR,7,1,55238868,ACCEPTOR,24,0,437,ENST00000455089-15;ENST00000275493-16;ENST00000442591-16;ENST00000454757-16
ENSG00000146648,EGFR,7,1,55238906,DONOR,32,2,425,ENST00000455089-15;ENST00000275493-16;ENST00000442591-16;ENST00000454757-16
ENSG00000146648,EGFR,7,1,55240621,DONOR,4,0,14,ENST00000442591-17
ENSG00000146648,EGFR,7,1,55240817,DONOR,21,0,224,ENST00000455089-16;ENST00000275493-17;ENST00000454757-17
ENSG00000146648,EGFR,7,1,55240676,ACCEPTOR,17,1,406,ENST00000455089-16;ENST00000275493-17;ENST00000454757-17
ENSG00000146648,EGFR,7,1,55241614,ACCEPTOR,13,0,222,ENST00000455089-17;ENST00000275493-18;ENST00000454757-18
ENSG00000146648,EGFR,7,1,55241736,DONOR,50,28,805,ENST00000455089-17;ENST00000275493-18;ENST00000454757-18
ENSG00000146648,EGFR,7,1,55242415,ACCEPTOR,73,1,831,ENST00000455089-18;ENST00000275493-19;ENST00000454757-19
ENSG00000146648,EGFR,7,1,55242513,DONOR,78,39,902,ENST00000455089-18;ENST00000275493-19;ENST00000454757-19
ENSG00000146648,EGFR,7,1,55248986,ACCEPTOR,70,0,896,ENST00000455089-19;ENST00000275493-20;ENST00000454757-20
ENSG00000146648,EGFR,7,1,55249171,DONOR,79,44,857,ENST00000455089-19;ENST00000275493-20;ENST00000454757-20
ENSG00000146648,EGFR,7,1,55259412,ACCEPTOR,66,1,853,ENST00000455089-20;ENST00000275493-21;ENST00000454757-21
ENSG00000146648,EGFR,7,1,55259567,DONOR,54,45,590,ENST00000455089-20;ENST00000275493-21;ENST00000454757-21
ENSG00000146648,EGFR,7,1,55260459,ACCEPTOR,49,1,659,ENST00000455089-21;ENST00000275493-22;ENST00000454757-22
ENSG00000146648,EGFR,7,1,55260534,DONOR,73,30,785,ENST00000455089-21;ENST00000275493-22;ENST00000454757-22;ENST00000485503-1
ENSG00000146648,EGFR,7,1,55266410,ACCEPTOR,70,2,779,ENST00000455089-22;ENST00000275493-23;ENST00000485503-2;ENST00000454757-23
ENSG00000146648,EGFR,7,1,55266556,DONOR,120,74,1432,ENST00000455089-22;ENST00000275493-23;ENST00000485503-2;ENST00000454757-23
ENSG00000146648,EGFR,7,1,55268009,ACCEPTOR,57,0,1464,ENST00000485503-3;ENST00000455089-23;ENST00000275493-24;ENST00000454757-24
ENSG00000146648,EGFR,7,1,55268881,ACCEPTOR,94,4,968,ENST00000455089-24;ENST00000275493-25;ENST00000454757-25
ENSG00000146648,EGFR,7,1,55269048,DONOR,13,0,1033,ENST00000455089-24;ENST00000275493-25;ENST00000454757-25
ENSG00000146648,EGFR,7,1,55269428,ACCEPTOR,21,1,1012,ENST00000455089-25;ENST00000275493-26;ENST00000454757-26
ENSG00000146648,EGFR,7,1,55269475,DONOR,14,0,1039,ENST00000455089-25;ENST00000275493-26;ENST00000454757-26
ENSG00000146648,EGFR,7,1,55270210,ACCEPTOR,46,3,1042,ENST00000275493-27;ENST00000454757-27;ENST00000455089-26
ENSG00000146648,EGFR,7,1,55272949,ACCEPTOR,76,8,1572,ENST00000275493-28;ENST00000454757-28
ENSG00000244405,ETV5,3,-1,185766649,ACCEPTOR,54,16,344,ENST00000306376-13;ENST00000480706-5;ENST00000433149-4;ENST00000537818-13;ENST00000434744-13
ENSG00000244405,ETV5,3,-1,185769819,DONOR,50,2,341,ENST00000306376-12;ENST00000434744-12;ENST00000480706-4;ENST00000433149-3;ENST00000537818-12
ENSG00000244405,ETV5,3,-1,185769920,ACCEPTOR,23,10,267,ENST00000306376-12;ENST00000434744-12;ENST00000480706-4;ENST00000433149-3;ENST00000537818-12
ENSG00000244405,ETV5,3,-1,185774864,DONOR,13,0,197,ENST00000306376-11;ENST00000434744-11;ENST00000480706-3;ENST00000537818-11
ENSG00000244405,ETV5,3,-1,185775033,ACCEPTOR,17,8,184,ENST00000306376-11;ENST00000434744-11;ENST00000480706-3;ENST00000537818-11
ENSG00000244405,ETV5,3,-1,185775212,DONOR,19,1,191,ENST00000306376-10;ENST00000434744-10;ENST00000480706-2;ENST00000537818-10
ENSG00000244405,ETV5,3,-1,185775280,ACCEPTOR,26,8,295,ENST00000306376-10;ENST00000434744-10;ENST00000480706-2;ENST00000537818-10
ENSG00000244405,ETV5,3,-1,185782265,ACCEPTOR,4,0,412,ENST00000489830-3
ENSG00000244405,ETV5,3,-1,185783602,DONOR,8,0,399,ENST00000306376-8;ENST00000434744-8;ENST00000489830-2;ENST00000484223-3;ENST00000537818-8;ENST00000433149-1
ENSG00000244405,ETV5,3,-1,185783861,ACCEPTOR,42,21,587,ENST00000306376-8;ENST00000434744-8;ENST00000489830-2;ENST00000484223-3;ENST00000537818-8;ENST00000472868-3
ENSG00000244405,ETV5,3,-1,185797606,DONOR,14,0,552,ENST00000489830-1;ENST00000306376-7;ENST00000434744-7;ENST00000537818-7
ENSG00000244405,ETV5,3,-1,185797893,ACCEPTOR,64,33,541,ENST00000306376-7;ENST00000434744-7;ENST00000537818-7;ENST00000421809-7;ENST00000440773-7;ENST00000413301-7
ENSG00000244405,ETV5,3,-1,185798835,DONOR,14,0,525,ENST00000306376-6;ENST00000434744-6;ENST00000440773-6;ENST00000421809-6;ENST00000413301-6;ENST00000537818-6
ENSG00000244405,ETV5,3,-1,185798964,ACCEPTOR,14,0,300,ENST00000422039-7;ENST00000306376-6;ENST00000434744-6;ENST00000440773-6;ENST00000421809-6;ENST00000413301-6;ENST00000537818-6
ENSG00000244405,ETV5,3,-1,185823144,ACCEPTOR,11,2,256,ENST00000306376-5;ENST00000434744-5;ENST00000472868-2;ENST00000440773-5;ENST00000421809-5;ENST00000413301-5;ENST00000422039-5;ENST00000476890-5;ENST00000537818-5;ENST00000475484-2
ENSG00000244405,ETV5,3,-1,185823238,DONOR,4,0,248,ENST00000475484-1;ENST00000306376-4;ENST00000434744-4;ENST00000440773-4;ENST00000421809-4;ENST00000413301-4;ENST00000422039-4;ENST00000476890-4;ENST00000537818-4
ENSG00000244405,ETV5,3,-1,185823285,ACCEPTOR,11,8,158,ENST00000306376-4;ENST00000434744-4;ENST00000440773-4;ENST00000421809-4;ENST00000413301-4;ENST00000422039-4;ENST00000476890-4;ENST00000537818-4;ENST00000495808-2
ENSG00000244405,ETV5,3,-1,185823414,DONOR,7,0,159,ENST00000495808-1;ENST00000306376-3;ENST00000434744-3;ENST00000440773-3;ENST00000421809-3;ENST00000413301-3;ENST00000422039-3;ENST00000476890-3;ENST00000537818-3
ENSG00000244405,ETV5,3,-1,185823613,DONOR,3,0,275,ENST00000306376-2;ENST00000434744-2;ENST00000472868-1;ENST00000440773-2;ENST00000421809-2;ENST00000413301-2;ENST00000422039-2;ENST00000476890-2;ENST00000537818-2
ENSG00000244405,ETV5,3,-1,185823731,ACCEPTOR,33,17,366,ENST00000306376-2;ENST00000434744-2;ENST00000472868-1;ENST00000440773-2;ENST00000421809-2;ENST00000413301-2;ENST00000422039-2;ENST00000476890-2;ENST00000537818-2
ENSG00000244405,ETV5,3,-1,185826729,DONOR,7,1,255,ENST00000421809-1;ENST00000306376-1;ENST00000476890-1
ENSG00000077782,FGFR1,8,-1,38271322,ACCEPTOR,65,49,1006,ENST00000356207-17;ENST00000397108-19;ENST00000526570-14;ENST00000447712-18;ENST00000341462-18;ENST00000397091-18;ENST00000425967-19;ENST00000335922-19;ENST00000531196-6;ENST00000532791-18;ENST00000397113-18;ENST00000326324-17;ENST00000397103-16
ENSG00000077782,FGFR1,8,-1,38271436,DONOR,56,2,1038,ENST00000531196-5;ENST00000397091-17;ENST00000532791-17;ENST00000397113-17;ENST00000356207-16;ENST00000335922-18;ENST00000326324-16;ENST00000526570-13;ENST00000397103-15;ENST00000397108-18;ENST00000425967-18;ENST00000447712-17;ENST00000341462-17;ENST00000526688-1
ENSG00000077782,FGFR1,8,-1,38271552,ACCEPTOR,18,3,28,ENST00000531196-5
ENSG00000077782,FGFR1,8,-1,38271670,DONOR,43,1,701,ENST00000397091-16;ENST00000532791-16;ENST00000397113-16;ENST00000356207-15;ENST00000335922-17;ENST00000326324-15;ENST00000526570-12;ENST00000397103-14;ENST00000531196-4;ENST00000397108-17;ENST00000425967-17;ENST00000447712-16;ENST00000341462-16
ENSG00000077782,FGFR1,8,-1,38271807,ACCEPTOR,7,0,701,ENST00000397091-16;ENST00000532791-16;ENST00000397113-16;ENST00000356207-15;ENST00000335922-17;ENST00000326324-15;ENST00000526570-12;ENST00000397103-14;ENST00000531196-4;ENST00000397108-17;ENST00000425967-17;ENST00000447712-16;ENST00000341462-16
ENSG00000077782,FGFR1,8,-1,38272077,DONOR,26,2,685,ENST00000397091-15;ENST00000532791-15;ENST00000397113-15;ENST00000356207-14;ENST00000335922-16;ENST00000326324-14;ENST00000526570-11;ENST00000397103-13;ENST00000531196-3;ENST00000397108-16;ENST00000425967-16;ENST00000447712-15;ENST00000341462-15
ENSG00000077782,FGFR1,8,-1,38272147,ACCEPTOR,9,0,1101,ENST00000397091-15;ENST00000532791-15;ENST00000397113-15;ENST00000356207-14;ENST00000335922-16;ENST00000326324-14;ENST00000526570-11;ENST00000397103-13;ENST00000531196-3;ENST00000397108-16;ENST00000425967-16;ENST00000447712-15;ENST00000341462-15;ENST00000533619-4
ENSG00000077782,FGFR1,8,-1,38272297,DONOR,103,1,1248,ENST00000397091-14;ENST00000532791-14;ENST00000397113-14;ENST00000356207-13;ENST00000335922-15;ENST00000326324-13;ENST00000526570-10;ENST00000397103-12;ENST00000531196-2;ENST00000397108-15;ENST00000533619-3;ENST00000527114-6;ENST00000425967-15;ENST00000447712-14;ENST00000341462-14
ENSG00000077782,FGFR1,8,-1,38272419,ACCEPTOR,39,20,966,ENST00000397091-14;ENST00000532791-14;ENST00000397113-14;ENST00000356207-13;ENST00000335922-15;ENST00000326324-13;ENST00000526570-10;ENST00000397103-12;ENST00000531196-2;ENST00000397108-15;ENST00000533619-3;ENST00000527114-6;ENST00000425967-15;ENST00000447712-14;ENST00000341462-14
ENSG00000077782,FGFR1,8,-1,38273388,DONOR,10,0,913,ENST00000531196-1;ENST00000397091-13;ENST00000532791-13;ENST00000397113-13;ENST00000356207-12;ENST00000335922-14;ENST00000326324-12;ENST00000526570-9;ENST00000397103-11;ENST00000397108-14;ENST00000533619-2;ENST00000527114-5;ENST00000425967-14;ENST00000447712-13;ENST00000341462-13
ENSG00000077782,FGFR1,8,-1,38273578,ACCEPTOR,24,16,348,ENST00000487647-12;ENST00000397091-13;ENST00000532791-13;ENST00000397113-13;ENST00000356207-12;ENST00000335922-14;ENST00000326324-12;ENST00000526570-9;ENST00000397103-11;ENST00000397108-14;ENST00000533619-2;ENST00000527114-5;ENST00000425967-14;ENST00000447712-13;ENST00000341462-13
ENSG00000077782,FGFR1,8,-1,38274824,DONOR,19,1,340,ENST00000533619-1;ENST00000397091-12;ENST00000532791-12;ENST00000397113-12;ENST00000356207-11;ENST00000335922-13;ENST00000326324-11;ENST00000526570-8;ENST00000397103-10;ENST00000397108-13;ENST00000527114-4;ENST00000487647-11;ENST00000425967-13;ENST00000447712-12;ENST00000341462-12
ENSG00000077782,FGFR1,8,-1,38275388,DONOR,32,1,1047,ENST00000397091-11;ENST00000532791-11;ENST00000397113-11;ENST00000356207-10;ENST00000335922-12;ENST00000326324-10;ENST00000526570-7;ENST00000397103-9;ENST00000397108-12;ENST00000527114-3;ENST00000487647-10;ENST00000466021-4;ENST00000527745-3;ENST00000425967-12;ENST00000447712-11;ENST00000341462-11
ENSG00000077782,FGFR1,8,-1,38275509,ACCEPTOR,46,17,539,ENST00000397091-11;ENST00000532791-11;ENST00000397113-11;ENST00000356207-10;ENST00000335922-12;ENST00000326324-10;ENST00000526570-7;ENST00000397103-9;ENST00000397108-12;ENST00000527114-3;ENST00000487647-10;ENST00000466021-4;ENST00000527745-3;ENST00000425967-12;ENST00000447712-11;ENST00000341462-11;ENST00000524528-2
ENSG00000077782,FGFR1,8,-1,38275746,DONOR,7,0,505,ENST00000397091-10;ENST00000532791-10;ENST00000397113-10;ENST00000356207-9;ENST00000335922-11;ENST00000326324-9;ENST00000526570-6;ENST00000397103-8;ENST00000397108-11;ENST00000527114-2;ENST00000487647-9;ENST00000466021-3;ENST00000527745-2;ENST00000425967-11;ENST00000447712-10;ENST00000341462-10;ENST00000524528-1
ENSG00000077782,FGFR1,8,-1,38277051,DONOR,120,0,397,ENST00000341462-9;ENST00000397091-9;ENST00000397113-9;ENST00000356207-8;ENST00000326324-8;ENST00000526570-5;ENST00000397103-7;ENST00000397108-10;ENST00000487647-8;ENST00000466021-2;ENST00000425967-10;ENST00000447712-9;ENST00000527745-1
ENSG00000077782,FGFR1,8,-1,38282217,ACCEPTOR,104,68,911,ENST00000470826-6;ENST00000527203-4;ENST00000533668-5;ENST00000496296-6;ENST00000397091-7;ENST00000532791-7;ENST00000397113-7;ENST00000356207-6;ENST00000335922-8;ENST00000326324-6;ENST00000526570-3;ENST00000397103-5;ENST00000397108-8;ENST00000487647-6;ENST00000475621-2;ENST00000425967-8;ENST00000447712-7;ENST00000341462-7;ENST00000525001-7;ENST00000532386-5
ENSG00000077782,FGFR1,8,-1,38283640,DONOR,46,0,912,ENST00000397091-6;ENST00000532791-6;ENST00000397113-6;ENST00000356207-5;ENST00000335922-7;ENST00000326324-5;ENST00000526570-2;ENST00000397103-4;ENST00000397108-7;ENST00000487647-5;ENST00000470826-5;ENST00000496296-5;ENST00000533668-4;ENST00000525001-6;ENST00000532386-4;ENST00000425967-7;ENST00000447712-6;ENST00000341462-6;ENST00000475621-1
ENSG00000077782,FGFR1,8,-1,38283763,ACCEPTOR,90,19,761,ENST00000474970-3;ENST00000397091-6;ENST00000532791-6;ENST00000397113-6;ENST00000356207-5;ENST00000335922-7;ENST00000326324-5;ENST00000526570-2;ENST00000397103-4;ENST00000397108-7;ENST00000487647-5;ENST00000470826-5;ENST00000496296-5;ENST00000533668-4;ENST00000525001-6;ENST00000532386-4;ENST00000425967-7;ENST00000447712-6;ENST00000341462-6;ENST00000484370-6;ENST00000529552-5;ENST00000526742-5
ENSG00000077782,FGFR1,8,-1,38285439,DONOR,86,0,746,ENST00000474970-2;ENST00000397091-5;ENST00000532791-5;ENST00000397113-5;ENST00000356207-4;ENST00000335922-6;ENST00000326324-4;ENST00000397103-3;ENST00000397108-6;ENST00000487647-4;ENST00000470826-4;ENST00000496296-4;ENST00000527203-3;ENST00000533668-3;ENST00000525001-5;ENST00000532386-3;ENST00000526742-4;ENST00000529552-4;ENST00000484370-5;ENST00000425967-6;ENST00000447712-5;ENST00000341462-5;ENST00000526570-1
ENSG00000077782,FGFR1,8,-1,38297824,DONOR,63,0,208,ENST00000335922-3
ENSG00000077782,FGFR1,8,-1,38297891,ACCEPTOR,68,0,146,ENST00000335922-3
ENSG00000077782,FGFR1,8,-1,38314874,DONOR,16,0,1307,ENST00000397103-1;ENST00000487647-1;ENST00000484370-1;ENST00000527203-1;ENST00000397091-2;ENST00000532791-2;ENST00000397113-2;ENST00000356207-2;ENST00000335922-2;ENST00000326324-2;ENST00000397108-3;ENST00000470826-2;ENST00000496296-2;ENST00000525001-2;ENST00000526742-2;ENST00000529552-2;ENST00000530568-2;ENST00000434187-3;ENST00000397090-2;ENST00000413133-3;ENST00000425967-3;ENST00000447712-2;ENST00000341462-2;ENST00000530701-1
ENSG00000077782,FGFR1,8,-1,38315052,ACCEPTOR,36,12,332,ENST00000397091-2;ENST00000532791-2;ENST00000397113-2;ENST00000356207-2;ENST00000335922-2;ENST00000326324-2;ENST00000397108-3;ENST00000470826-2;ENST00000496296-2;ENST00000525001-2;ENST00000526742-2;ENST00000529552-2;ENST00000530568-2;ENST00000434187-3;ENST00000397090-2;ENST00000413133-3;ENST00000425967-3;ENST00000447712-2;ENST00000341462-2;ENST00000440174-2
ENSG00000077782,FGFR1,8,-1,38318614,DONOR,36,0,45,ENST00000397108-2;ENST00000425967-2
ENSG00000077782,FGFR1,8,-1,38318773,ACCEPTOR,62,0,73,ENST00000397108-2;ENST00000425967-2
ENSG00000077782,FGFR1,8,-1,38325190,DONOR,5,1,19,ENST00000533668-1;ENST00000413133-1;ENST00000529552-1;ENST00000425967-1;ENST00000525001-1;ENST00000397113-1;ENST00000397108-1;ENST00000526742-1
ENSG00000077782,FGFR1,8,-1,38325499,DONOR,19,1,286,ENST00000470826-1;ENST00000496296-1;ENST00000532791-1;ENST00000397091-1;ENST00000447712-1;ENST00000341462-1;ENST00000356207-1;ENST00000326324-1;ENST00000335922-1;ENST00000397090-1
ENSG00000148400,NOTCH1,9,-1,139392010,ACCEPTOR,46,22,667,ENST00000277541-34
ENSG00000148400,NOTCH1,9,-1,139393351,DONOR,31,0,658,ENST00000277541-33
ENSG00000148400,NOTCH1,9,-1,139393448,ACCEPTOR,45,26,604,ENST00000277541-33
ENSG00000148400,NOTCH1,9,-1,139393564,DONOR,39,2,607,ENST00000277541-32
ENSG00000148400,NOTCH1,9,-1,139393711,ACCEPTOR,91,29,1053,ENST00000277541-32
ENSG00000148400,NOTCH1,9,-1,139395004,DONOR,14,0,1002,ENST00000277541-31
ENSG00000148400,NOTCH1,9,-1,139395299,ACCEPTOR,33,23,376,ENST00000277541-31
ENSG00000148400,NOTCH1,9,-1,139396200,DONOR,11,0,376,ENST00000277541-30
ENSG00000148400,NOTCH1,9,-1,139396365,ACCEPTOR,29,24,390,ENST00000277541-30
ENSG00000148400,NOTCH1,9,-1,139396453,DONOR,3,0,398,ENST00000277541-29
ENSG00000148400,NOTCH1,9,-1,139396540,ACCEPTOR,25,9,272,ENST00000277541-29
ENSG00000148400,NOTCH1,9,-1,139396724,DONOR,20,0,267,ENST00000277541-28
ENSG00000148400,NOTCH1,9,-1,139397634,DONOR,41,0,204,ENST00000277541-27;ENST00000494783-2
ENSG00000148400,NOTCH1,9,-1,139397782,ACCEPTOR,72,22,292,ENST00000277541-27;ENST00000494783-2
ENSG00000148400,NOTCH1,9,-1,139399125,DONOR,10,0,239,ENST00000494783-1;ENST00000277541-26
ENSG00000148400,NOTCH1,9,-1,139399556,ACCEPTOR,60,48,622,ENST00000277541-26
ENSG00000148400,NOTCH1,9,-1,139399762,DONOR,4,0,620,ENST00000277541-25
ENSG00000148400,NOTCH1,9,-1,139400333,ACCEPTOR,21,12,177,ENST00000277541-25
ENSG00000148400,NOTCH1,9,-1,139400979,DONOR,16,0,179,ENST00000277541-24
ENSG00000148400,NOTCH1,9,-1,139401091,ACCEPTOR,37,29,291,ENST00000277541-24
ENSG00000148400,NOTCH1,9,-1,139401168,DONOR,15,0,294,ENST00000277541-23
ENSG00000148400,NOTCH1,9,-1,139401425,ACCEPTOR,37,27,426,ENST00000277541-23
ENSG00000148400,NOTCH1,9,-1,139401757,DONOR,31,1,431,ENST00000277541-22
ENSG00000148400,NOTCH1,9,-1,139401889,ACCEPTOR,49,35,487,ENST00000277541-22
ENSG00000148400,NOTCH1,9,-1,139402407,DONOR,23,0,496,ENST00000277541-21
ENSG00000148400,NOTCH1,9,-1,139402591,ACCEPTOR,14,13,243,ENST00000277541-21
ENSG00000148400,NOTCH1,9,-1,139402684,DONOR,17,0,251,ENST00000277541-20
ENSG00000148400,NOTCH1,9,-1,139402837,ACCEPTOR,67,28,504,ENST00000277541-20
ENSG00000148400,NOTCH1,9,-1,139403322,DONOR,18,0,489,ENST00000277541-19
ENSG00000148400,NOTCH1,9,-1,139403523,ACCEPTOR,30,15,407,ENST00000277541-19
ENSG00000148400,NOTCH1,9,-1,139404185,DONOR,4,0,401,ENST00000277541-18
ENSG00000148400,NOTCH1,9,-1,139404413,ACCEPTOR,36,0,436,ENST00000277541-18
ENSG00000148400,NOTCH1,9,-1,139405105,DONOR,16,0,414,ENST00000277541-17
ENSG00000148400,NOTCH1,9,-1,139405257,ACCEPTOR,31,20,412,ENST00000277541-17
ENSG00000148400,NOTCH1,9,-1,139405604,DONOR,25,0,405,ENST00000277541-16
ENSG00000148400,NOTCH1,9,-1,139405723,ACCEPTOR,65,29,393,ENST00000277541-16
ENSG00000148400,NOTCH1,9,-1,139407473,DONOR,28,0,362,ENST00000277541-15
ENSG00000148400,NOTCH1,9,-1,139407586,ACCEPTOR,77,44,660,ENST00000277541-15
ENSG00000148400,NOTCH1,9,-1,139407844,DONOR,46,0,631,ENST00000277541-14
ENSG00000148400,NOTCH1,9,-1,139407989,ACCEPTOR,68,29,672,ENST00000277541-14
ENSG00000148400,NOTCH1,9,-1,139408962,DONOR,52,0,651,ENST00000277541-13
ENSG00000148400,NOTCH1,9,-1,139409154,ACCEPTOR,77,35,565,ENST00000277541-13
ENSG00000148400,NOTCH1,9,-1,139409742,DONOR,35,2,548,ENST00000277541-12
ENSG00000148400,NOTCH1,9,-1,139409852,ACCEPTOR,60,34,555,ENST00000277541-12
ENSG00000148400,NOTCH1,9,-1,139409935,DONOR,45,0,568,ENST00000277541-11
ENSG00000148400,NOTCH1,9,-1,139410168,ACCEPTOR,78,19,544,ENST00000277541-11
ENSG00000148400,NOTCH1,9,-1,139410433,DONOR,49,0,514,ENST00000277541-10
ENSG00000148400,NOTCH1,9,-1,139410546,ACCEPTOR,74,22,507,ENST00000277541-10
ENSG00000148400,NOTCH1,9,-1,139411724,DONOR,36,3,467,ENST00000277541-9
ENSG00000148400,NOTCH1,9,-1,139411837,ACCEPTOR,41,22,464,ENST00000277541-9
ENSG00000148400,NOTCH1,9,-1,139412204,DONOR,40,1,507,ENST00000277541-8
ENSG00000148400,NOTCH1,9,-1,139412389,ACCEPTOR,39,6,336,ENST00000277541-8
ENSG00000148400,NOTCH1,9,-1,139412589,DONOR,14,1,300,ENST00000277541-7
ENSG00000148400,NOTCH1,9,-1,139412744,ACCEPTOR,121,51,735,ENST00000277541-7
ENSG00000148400,NOTCH1,9,-1,139413043,DONOR,93,1,705,ENST00000277541-6
ENSG00000148400,NOTCH1,9,-1,139413276,ACCEPTOR,44,21,654,ENST00000277541-6
ENSG00000148400,NOTCH1,9,-1,139413895,DONOR,56,2,636,ENST00000277541-5
ENSG00000148400,NOTCH1,9,-1,139414017,ACCEPTOR,64,23,709,ENST00000277541-5
ENSG00000148400,NOTCH1,9,-1,139417640,ACCEPTOR,70,30,610,ENST00000277541-4;ENST00000491649-2
ENSG00000148400,NOTCH1,9,-1,139418169,DONOR,34,0,564,ENST00000491649-1;ENST00000277541-3
ENSG00000148400,NOTCH1,9,-1,139418431,ACCEPTOR,18,0,238,ENST00000277541-3
ENSG00000148400,NOTCH1,9,-1,139438476,DONOR,19,1,239,ENST00000277541-2
ENSG00000148400,NOTCH1,9,-1,139438554,ACCEPTOR,37,17,109,ENST00000277541-2
ENSG00000148400,NOTCH1,9,-1,139440178,DONOR,12,0,83,ENST00000277541-1
ENSG00000108443,RPS6KB1,17,1,57970686,DONOR,20,6,367,ENST00000477179-1;ENST00000472940-1;ENST00000443572-1;ENST00000225577-1;ENST00000489824-1;ENST00000406116-1;ENST00000393021-1
ENSG00000108443,RPS6KB1,17,1,57971157,ACCEPTOR,61,0,67,ENST00000489824-2;ENST00000393021-2
ENSG00000108443,RPS6KB1,17,1,57971285,DONOR,66,1,90,ENST00000489824-2;ENST00000393021-2
ENSG00000108443,RPS6KB1,17,1,57987923,ACCEPTOR,28,1,428,ENST00000472940-2;ENST00000477179-2;ENST00000443572-2;ENST00000489824-3;ENST00000406116-2;ENST00000225577-2;ENST00000592726-2;ENST00000393021-3
ENSG00000108443,RPS6KB1,17,1,57987972,DONOR,33,0,596,ENST00000472940-2;ENST00000477179-2;ENST00000443572-2;ENST00000489824-3;ENST00000406116-2;ENST00000225577-2;ENST00000592726-2;ENST00000393021-3
ENSG00000108443,RPS6KB1,17,1,57990045,ACCEPTOR,66,0,649,ENST00000472940-3;ENST00000477179-3;ENST00000443572-3;ENST00000489824-4;ENST00000406116-3;ENST00000225577-3;ENST00000592726-3;ENST00000393021-4
ENSG00000108443,RPS6KB1,17,1,57990165,DONOR,91,24,604,ENST00000472940-3;ENST00000477179-3;ENST00000443572-3;ENST00000489824-4;ENST00000406116-3;ENST00000225577-3;ENST00000592726-3;ENST00000393021-4
ENSG00000108443,RPS6KB1,17,1,57991996,ACCEPTOR,105,8,646,ENST00000472940-4;ENST00000489824-5;ENST00000406116-4;ENST00000225577-4;ENST00000393021-5;ENST00000592726-4
ENSG00000108443,RPS6KB1,17,1,57992064,DONOR,74,23,477,ENST00000472940-4;ENST00000489824-5;ENST00000406116-4;ENST00000225577-4;ENST00000393021-5
ENSG00000108443,RPS6KB1,17,1,58003777,ACCEPTOR,11,1,18,ENST00000472940-5
ENSG00000108443,RPS6KB1,17,1,58003943,DONOR,31,12,592,ENST00000472940-5;ENST00000443572-4;ENST00000489824-6;ENST00000406116-5;ENST00000225577-5;ENST00000393021-6
ENSG00000108443,RPS6KB1,17,1,58007478,ACCEPTOR,7,0,593,ENST00000472940-6;ENST00000443572-5;ENST00000489824-7;ENST00000406116-6;ENST00000225577-6;ENST00000393021-7
ENSG00000108443,RPS6KB1,17,1,58007535,DONOR,93,14,462,ENST00000472940-6;ENST00000443572-5;ENST00000489824-7;ENST00000406116-6;ENST00000225577-6;ENST00000393021-7
ENSG00000108443,RPS6KB1,17,1,58009083,DONOR,319,7,719,ENST00000472940-8;ENST00000443572-6;ENST00000406116-7;ENST00000225577-7;ENST00000393021-8;ENST00000587622-1
ENSG00000108443,RPS6KB1,17,1,58011531,ACCEPTOR,115,13,571,ENST00000472940-9;ENST00000443572-7;ENST00000406116-8;ENST00000225577-8;ENST00000587622-2;ENST00000393021-9
ENSG00000108443,RPS6KB1,17,1,58011621,DONOR,35,8,662,ENST00000472940-9;ENST00000443572-7;ENST00000406116-8;ENST00000225577-8;ENST00000587622-2;ENST00000393021-9;ENST00000590928-1
ENSG00000108443,RPS6KB1,17,1,58011795,ACCEPTOR,82,0,708,ENST00000472940-10;ENST00000443572-8;ENST00000406116-9;ENST00000225577-9;ENST00000393021-10;ENST00000590928-2;ENST00000587622-3
ENSG00000108443,RPS6KB1,17,1,58012554,ACCEPTOR,140,2,396,ENST00000472940-11;ENST00000443572-9;ENST00000406116-10;ENST00000225577-10;ENST00000393021-11
ENSG00000108443,RPS6KB1,17,1,58012661,DONOR,56,0,422,ENST00000472940-11;ENST00000443572-9;ENST00000406116-10;ENST00000225577-10;ENST00000393021-11
ENSG00000108443,RPS6KB1,17,1,58013576,ACCEPTOR,64,0,370,ENST00000443572-10;ENST00000406116-11;ENST00000225577-11;ENST00000393021-12;ENST00000472940-12
ENSG00000108443,RPS6KB1,17,1,58013902,DONOR,78,2,529,ENST00000443572-11;ENST00000406116-12;ENST00000225577-12;ENST00000393021-13;ENST00000472940-12
ENSG00000108443,RPS6KB1,17,1,58018197,ACCEPTOR,93,1,553,ENST00000472940-13;ENST00000443572-12;ENST00000406116-13;ENST00000225577-13;ENST00000393021-14
ENSG00000108443,RPS6KB1,17,1,58018304,DONOR,68,9,477,ENST00000472940-13;ENST00000443572-12;ENST00000406116-13;ENST00000225577-13;ENST00000393021-14
ENSG00000108443,RPS6KB1,17,1,58022879,DONOR,41,0,542,ENST00000475155-1;ENST00000472940-14;ENST00000443572-13;ENST00000406116-14;ENST00000225577-14;ENST00000393021-15
ENSG00000108443,RPS6KB1,17,1,58023912,ACCEPTOR,63,4,507,ENST00000472940-15;ENST00000393021-16;ENST00000443572-14;ENST00000225577-15;ENST00000475155-2
ENSG00000134853,PDGFRA,4,1,55095582,DONOR,94,0,1055,ENST00000257290-1;ENST00000508170-1;ENST00000512143-1;ENST00000509490-1;ENST00000509092-1
ENSG00000134853,PDGFRA,4,1,55124924,ACCEPTOR,115,3,1249,ENST00000257290-2;ENST00000508170-2;ENST00000509092-2;ENST00000512143-3;ENST00000509490-2;ENST00000503856-2;ENST00000504461-2;ENST00000512522-2
ENSG00000134853,PDGFRA,4,1,55124984,DONOR,110,54,1759,ENST00000257290-2;ENST00000508170-2;ENST00000509092-2;ENST00000512143-3;ENST00000509490-2;ENST00000503856-2;ENST00000504461-2;ENST00000512522-2
ENSG00000134853,PDGFRA,4,1,55127262,ACCEPTOR,118,4,1529,ENST00000257290-3;ENST00000508170-3;ENST00000512143-4;ENST00000509490-3;ENST00000503856-3;ENST00000504461-3;ENST00000512522-3
ENSG00000134853,PDGFRA,4,1,55127579,DONOR,8,0,1709,ENST00000257290-3;ENST00000508170-3;ENST00000512143-4;ENST00000509490-3;ENST00000503856-3;ENST00000504461-3;ENST00000512522-3
ENSG00000134853,PDGFRA,4,1,55129834,ACCEPTOR,65,2,1917,ENST00000257290-4;ENST00000509092-3;ENST00000509490-4;ENST00000504461-4;ENST00000508170-4;ENST00000503856-4;ENST00000512522-4
ENSG00000134853,PDGFRA,4,1,55133456,ACCEPTOR,144,4,1717,ENST00000257290-6;ENST00000509092-5;ENST00000509490-6
ENSG00000134853,PDGFRA,4,1,55133627,DONOR,44,0,1255,ENST00000257290-6;ENST00000509092-5;ENST00000509490-6
ENSG00000134853,PDGFRA,4,1,55133719,ACCEPTOR,108,6,1267,ENST00000257290-7;ENST00000509092-6;ENST00000509490-7
ENSG00000134853,PDGFRA,4,1,55133908,DONOR,350,91,2169,ENST00000257290-7;ENST00000509092-6;ENST00000509490-7
ENSG00000134853,PDGFRA,4,1,55136800,ACCEPTOR,328,2,2126,ENST00000257290-8;ENST00000509092-7;ENST00000509490-8
ENSG00000134853,PDGFRA,4,1,55136915,DONOR,75,5,1450,ENST00000257290-8;ENST00000509092-7;ENST00000509490-8
ENSG00000134853,PDGFRA,4,1,55138561,ACCEPTOR,126,4,1427,ENST00000257290-9;ENST00000509092-8;ENST00000509490-9
ENSG00000134853,PDGFRA,4,1,55138687,DONOR,59,2,1623,ENST00000257290-9;ENST00000509092-8;ENST00000509490-9
ENSG00000134853,PDGFRA,4,1,55139704,ACCEPTOR,55,0,1630,ENST00000257290-10;ENST00000509092-9;ENST00000509490-10
ENSG00000134853,PDGFRA,4,1,55139897,DONOR,40,0,900,ENST00000257290-10;ENST00000509092-9;ENST00000509490-10
ENSG00000134853,PDGFRA,4,1,55140698,ACCEPTOR,27,1,897,ENST00000257290-11;ENST00000509092-10;ENST00000509490-11
ENSG00000134853,PDGFRA,4,1,55140792,DONOR,20,2,1570,ENST00000257290-11;ENST00000509092-10;ENST00000509490-11
ENSG00000134853,PDGFRA,4,1,55141008,ACCEPTOR,123,6,1612,ENST00000257290-12;ENST00000509092-11;ENST00000509490-12
ENSG00000134853,PDGFRA,4,1,55141140,DONOR,121,60,1198,ENST00000257290-12;ENST00000509092-11;ENST00000509490-12
ENSG00000134853,PDGFRA,4,1,55143659,DONOR,32,0,1937,ENST00000257290-13;ENST00000509092-12;ENST00000509490-13;ENST00000461294-2;ENST00000507536-1
ENSG00000134853,PDGFRA,4,1,55144063,ACCEPTOR,156,0,1953,ENST00000257290-14;ENST00000509092-13;ENST00000509490-14;ENST00000507536-2;ENST00000461294-3
ENSG00000134853,PDGFRA,4,1,55144529,ACCEPTOR,64,4,1171,ENST00000257290-15;ENST00000509092-14;ENST00000509490-15;ENST00000507536-3
ENSG00000134853,PDGFRA,4,1,55144682,DONOR,53,1,2031,ENST00000257290-15;ENST00000509092-14;ENST00000509490-15;ENST00000507536-3
ENSG00000134853,PDGFRA,4,1,55146483,ACCEPTOR,159,1,1952,ENST00000257290-16;ENST00000509490-17;ENST00000507536-4;ENST00000509092-15
ENSG00000134853,PDGFRA,4,1,55151538,ACCEPTOR,126,11,1781,ENST00000257290-17
ENSG00000134853,PDGFRA,4,1,55151653,DONOR,10,0,1650,ENST00000257290-17
ENSG00000134853,PDGFRA,4,1,55152008,ACCEPTOR,6,0,1616,ENST00000257290-18
ENSG00000134853,PDGFRA,4,1,55152130,DONOR,25,0,1062,ENST00000257290-18
ENSG00000134853,PDGFRA,4,1,55153597,ACCEPTOR,18,0,1056,ENST00000257290-19
ENSG00000134853,PDGFRA,4,1,55153708,DONOR,105,58,1432,ENST00000257290-19
ENSG00000134853,PDGFRA,4,1,55154966,ACCEPTOR,93,6,1405,ENST00000257290-20
ENSG00000134853,PDGFRA,4,1,55155065,DONOR,10,0,1348,ENST00000257290-20
ENSG00000134853,PDGFRA,4,1,55155176,ACCEPTOR,34,1,1387,ENST00000257290-21
ENSG00000134853,PDGFRA,4,1,55155281,DONOR,11,0,1539,ENST00000257290-21
ENSG00000134853,PDGFRA,4,1,55156480,ACCEPTOR,72,3,1517,ENST00000257290-22
ENSG00000134853,PDGFRA,4,1,55156721,DONOR,109,75,1730,ENST00000257290-22
ENSG00000134853,PDGFRA,4,1,55161292,ACCEPTOR,83,1,1741,ENST00000257290-23
ENSG00000136997,MYC,8,1,128748869,DONOR,16,3,1452,ENST00000524013-1;ENST00000520751-1;ENST00000517291-2;ENST00000259523-1;ENST00000377970-1
ENSG00000136997,MYC,8,1,128750494,ACCEPTOR,170,3,1124,ENST00000259523-2;ENST00000377970-2
ENSG00000136997,MYC,8,1,128751265,DONOR,26,0,532,ENST00000524013-2;ENST00000259523-2;ENST00000377970-2
ENSG00000136997,MYC,8,1,128752642,ACCEPTOR,29,0,503,ENST00000377970-3;ENST00000524013-3
ENSG00000074181,NOTCH3,19,-1,15272525,ACCEPTOR,113,77,1754,ENST00000263388-33;ENST00000595514-5
ENSG00000074181,NOTCH3,19,-1,15273373,ACCEPTOR,100,70,1782,ENST00000597756-3;ENST00000263388-32;ENST00000595514-4
ENSG00000074181,NOTCH3,19,-1,15276179,DONOR,55,3,1773,ENST00000263388-31;ENST00000595514-3;ENST00000597756-2
ENSG00000074181,NOTCH3,19,-1,15276326,ACCEPTOR,177,140,2567,ENST00000263388-31;ENST00000595514-3;ENST00000597756-2
ENSG00000074181,NOTCH3,19,-1,15276598,DONOR,6,0,2035,ENST00000263388-30;ENST00000597756-1
ENSG00000074181,NOTCH3,19,-1,15276902,ACCEPTOR,97,59,1531,ENST00000263388-30
ENSG00000074181,NOTCH3,19,-1,15278060,DONOR,42,1,2037,ENST00000263388-29;ENST00000595514-2
ENSG00000074181,NOTCH3,19,-1,15278222,ACCEPTOR,105,49,1192,ENST00000263388-29;ENST00000595514-2
ENSG00000074181,NOTCH3,19,-1,15280897,DONOR,120,4,1210,ENST00000595514-1;ENST00000263388-28
ENSG00000074181,NOTCH3,19,-1,15280981,ACCEPTOR,7,0,1246,ENST00000263388-28
ENSG00000074181,NOTCH3,19,-1,15281142,DONOR,86,0,1227,ENST00000263388-27
ENSG00000074181,NOTCH3,19,-1,15281364,ACCEPTOR,50,23,452,ENST00000263388-27
ENSG00000074181,NOTCH3,19,-1,15281482,DONOR,29,1,440,ENST00000263388-26
ENSG00000074181,NOTCH3,19,-1,15281636,ACCEPTOR,128,70,1316,ENST00000263388-26
ENSG00000074181,NOTCH3,19,-1,15284879,DONOR,9,0,1265,ENST00000263388-25
ENSG00000074181,NOTCH3,19,-1,15285211,ACCEPTOR,108,70,987,ENST00000263388-25
ENSG00000074181,NOTCH3,19,-1,15288336,DONOR,90,0,1058,ENST00000263388-24
ENSG00000074181,NOTCH3,19,-1,15288901,ACCEPTOR,38,17,247,ENST00000263388-24;ENST00000601011-23
ENSG00000074181,NOTCH3,19,-1,15289752,ACCEPTOR,97,58,686,ENST00000595045-3;ENST00000263388-23;ENST00000601011-22;ENST00000600841-2
ENSG00000074181,NOTCH3,19,-1,15290093,ACCEPTOR,104,80,971,ENST00000263388-22;ENST00000601011-21;ENST00000595045-2;ENST00000600841-1
ENSG00000074181,NOTCH3,19,-1,15289836,DONOR,56,0,681,ENST00000263388-22;ENST00000601011-21;ENST00000595045-2;ENST00000600841-1
ENSG00000074181,NOTCH3,19,-1,15290175,DONOR,60,1,957,ENST00000263388-21;ENST00000601011-20;ENST00000595045-1
ENSG00000074181,NOTCH3,19,-1,15290883,DONOR,48,2,1458,ENST00000263388-20;ENST00000601011-19
ENSG00000074181,NOTCH3,19,-1,15291067,ACCEPTOR,55,23,614,ENST00000263388-20;ENST00000601011-19
ENSG00000074181,NOTCH3,19,-1,15291492,DONOR,35,0,584,ENST00000263388-19;ENST00000601011-18
ENSG00000074181,NOTCH3,19,-1,15291639,ACCEPTOR,49,34,297,ENST00000263388-19;ENST00000601011-18
ENSG00000074181,NOTCH3,19,-1,15291772,DONOR,6,0,296,ENST00000263388-18;ENST00000601011-17
ENSG00000074181,NOTCH3,19,-1,15291973,ACCEPTOR,143,66,1379,ENST00000263388-18;ENST00000601011-17
ENSG00000074181,NOTCH3,19,-1,15292387,DONOR,7,0,1375,ENST00000263388-17;ENST00000601011-16
ENSG00000074181,NOTCH3,19,-1,15292612,ACCEPTOR,53,6,2314,ENST00000263388-17;ENST00000601011-16
ENSG00000074181,NOTCH3,19,-1,15295106,DONOR,26,1,2170,ENST00000263388-16
ENSG00000074181,NOTCH3,19,-1,15295261,ACCEPTOR,104,50,1163,ENST00000263388-16
ENSG00000074181,NOTCH3,19,-1,15295717,DONOR,64,3,1266,ENST00000263388-15;ENST00000601011-15
ENSG00000074181,NOTCH3,19,-1,15295830,ACCEPTOR,187,136,1780,ENST00000263388-15;ENST00000601011-15
ENSG00000074181,NOTCH3,19,-1,15296068,DONOR,132,2,1828,ENST00000263388-14;ENST00000601011-14
ENSG00000074181,NOTCH3,19,-1,15296219,ACCEPTOR,129,57,1018,ENST00000263388-14;ENST00000601011-14
ENSG00000074181,NOTCH3,19,-1,15296298,DONOR,103,1,1003,ENST00000263388-13;ENST00000601011-13
ENSG00000074181,NOTCH3,19,-1,15296490,ACCEPTOR,320,118,2125,ENST00000263388-13;ENST00000601011-13
ENSG00000074181,NOTCH3,19,-1,15297689,DONOR,153,9,2038,ENST00000263388-12;ENST00000601011-12
ENSG00000074181,NOTCH3,19,-1,15297799,ACCEPTOR,277,106,1960,ENST00000263388-12;ENST00000601011-12
ENSG00000074181,NOTCH3,19,-1,15297916,DONOR,193,2,1817,ENST00000263388-11;ENST00000601011-11
ENSG00000074181,NOTCH3,19,-1,15298149,ACCEPTOR,156,117,1556,ENST00000263388-11;ENST00000601011-11
ENSG00000074181,NOTCH3,19,-1,15298692,DONOR,95,0,1518,ENST00000263388-10;ENST00000601011-10
ENSG00000074181,NOTCH3,19,-1,15298805,ACCEPTOR,102,62,1139,ENST00000263388-10;ENST00000601011-10
ENSG00000074181,NOTCH3,19,-1,15299046,DONOR,71,2,1134,ENST00000263388-9;ENST00000601011-9
ENSG00000074181,NOTCH3,19,-1,15299159,ACCEPTOR,101,57,1043,ENST00000263388-9;ENST00000601011-9
ENSG00000074181,NOTCH3,19,-1,15299800,DONOR,87,4,1080,ENST00000263388-8;ENST00000601011-8
ENSG00000074181,NOTCH3,19,-1,15299985,ACCEPTOR,114,77,1035,ENST00000263388-8;ENST00000601011-8
ENSG00000074181,NOTCH3,19,-1,15300084,DONOR,91,5,1088,ENST00000263388-7;ENST00000601011-7
ENSG00000074181,NOTCH3,19,-1,15300239,ACCEPTOR,107,67,1507,ENST00000263388-7;ENST00000601011-7
ENSG00000074181,NOTCH3,19,-1,15302235,DONOR,104,1,1538,ENST00000263388-6;ENST00000601011-6
ENSG00000074181,NOTCH3,19,-1,15302468,ACCEPTOR,168,83,1575,ENST00000263388-6;ENST00000601011-6
ENSG00000074181,NOTCH3,19,-1,15302556,DONOR,112,1,1478,ENST00000263388-5;ENST00000601011-5
ENSG00000074181,NOTCH3,19,-1,15302678,ACCEPTOR,81,57,1025,ENST00000263388-5;ENST00000601011-5
ENSG00000074181,NOTCH3,19,-1,15302771,DONOR,62,1,1039,ENST00000263388-4;ENST00000601011-4
ENSG00000074181,NOTCH3,19,-1,15303109,ACCEPTOR,178,150,1685,ENST00000263388-4;ENST00000601011-4
ENSG00000074181,NOTCH3,19,-1,15303188,DONOR,77,2,1700,ENST00000263388-3;ENST00000601011-3
ENSG00000074181,NOTCH3,19,-1,15303330,ACCEPTOR,27,1,710,ENST00000263388-3;ENST00000601011-3
ENSG00000074181,NOTCH3,19,-1,15308311,DONOR,61,3,680,ENST00000263388-2;ENST00000601011-2
ENSG00000074181,NOTCH3,19,-1,15308389,ACCEPTOR,33,22,189,ENST00000263388-2;ENST00000601011-2
ENSG00000157404,KIT,4,1,55524248,DONOR,26,8,220,ENST00000412167-1;ENST00000288135-1;ENST00000514582-1
ENSG00000157404,KIT,4,1,55561678,ACCEPTOR,14,0,207,ENST00000514582-2;ENST00000412167-2;ENST00000288135-2
ENSG00000157404,KIT,4,1,55564450,ACCEPTOR,34,0,325,ENST00000412167-3;ENST00000288135-3
ENSG00000157404,KIT,4,1,55565796,ACCEPTOR,21,0,154,ENST00000412167-4;ENST00000288135-4
ENSG00000157404,KIT,4,1,55565932,DONOR,6,0,298,ENST00000412167-4;ENST00000288135-4
ENSG00000157404,KIT,4,1,55569890,ACCEPTOR,28,1,302,ENST00000412167-5;ENST00000288135-5
ENSG00000157404,KIT,4,1,55570058,DONOR,51,9,315,ENST00000412167-5;ENST00000288135-5
ENSG00000157404,KIT,4,1,55573264,ACCEPTOR,41,1,305,ENST00000412167-6;ENST00000288135-6
ENSG00000157404,KIT,4,1,55573453,DONOR,65,21,330,ENST00000412167-6;ENST00000288135-6
ENSG00000157404,KIT,4,1,55575590,ACCEPTOR,33,0,312,ENST00000412167-7;ENST00000288135-7
ENSG00000157404,KIT,4,1,55575705,DONOR,20,0,203,ENST00000412167-7;ENST00000288135-7
ENSG00000157404,KIT,4,1,55589750,ACCEPTOR,4,0,196,ENST00000412167-8;ENST00000288135-8
ENSG00000157404,KIT,4,1,55589864,DONOR,20,9,133,ENST00000412167-8;ENST00000288135-8
ENSG00000157404,KIT,4,1,55592023,ACCEPTOR,11,0,139,ENST00000412167-9;ENST00000288135-9
ENSG00000157404,KIT,4,1,55592216,DONOR,30,0,82,ENST00000288135-9
ENSG00000157404,KIT,4,1,55593384,ACCEPTOR,31,2,257,ENST00000412167-10;ENST00000288135-10
ENSG00000157404,KIT,4,1,55593490,DONOR,18,5,120,ENST00000412167-10;ENST00000288135-10
ENSG00000157404,KIT,4,1,55593582,ACCEPTOR,16,0,119,ENST00000412167-11;ENST00000288135-11
ENSG00000157404,KIT,4,1,55593708,DONOR,24,5,165,ENST00000412167-11;ENST00000288135-11
ENSG00000157404,KIT,4,1,55593989,ACCEPTOR,19,0,163,ENST00000412167-12;ENST00000288135-12
ENSG00000157404,KIT,4,1,55594093,DONOR,12,0,190,ENST00000412167-12;ENST00000288135-12
ENSG00000157404,KIT,4,1,55594177,ACCEPTOR,21,0,210,ENST00000412167-13;ENST00000288135-13
ENSG00000157404,KIT,4,1,55594287,DONOR,19,6,175,ENST00000412167-13;ENST00000288135-13
ENSG00000157404,KIT,4,1,55595501,ACCEPTOR,9,0,156,ENST00000412167-14;ENST00000288135-14
ENSG00000157404,KIT,4,1,55595651,DONOR,10,0,218,ENST00000412167-14;ENST00000288135-14;ENST00000512959-1
ENSG00000157404,KIT,4,1,55597494,ACCEPTOR,19,0,176,ENST00000412167-15;ENST00000288135-15;ENST00000512959-2
ENSG00000157404,KIT,4,1,55597585,DONOR,18,6,213,ENST00000412167-15;ENST00000288135-15;ENST00000512959-2
ENSG00000157404,KIT,4,1,55598037,ACCEPTOR,27,1,210,ENST00000412167-16;ENST00000288135-16;ENST00000512959-3
ENSG00000157404,KIT,4,1,55599236,ACCEPTOR,14,0,144,ENST00000512959-4;ENST00000412167-17;ENST00000288135-17
ENSG00000157404,KIT,4,1,55602775,DONOR,8,7,193,ENST00000412167-18;ENST00000288135-18
ENSG00000157404,KIT,4,1,55602887,ACCEPTOR,16,0,206,ENST00000412167-19;ENST00000288135-19
ENSG00000157404,KIT,4,1,55602986,DONOR,19,8,223,ENST00000412167-19;ENST00000288135-19
ENSG00000157404,KIT,4,1,55603341,ACCEPTOR,15,0,232,ENST00000412167-20;ENST00000288135-20
ENSG00000157404,KIT,4,1,55603446,DONOR,18,1,453,ENST00000412167-20;ENST00000288135-20
ENSG00000157404,KIT,4,1,55604595,ACCEPTOR,32,1,439,ENST00000288135-21;ENST00000412167-21
ENSG00000128052,KDR,4,-1,55946330,ACCEPTOR,11,9,164,ENST00000263923-30
ENSG00000128052,KDR,4,-1,55948123,DONOR,3,0,163,ENST00000263923-29
ENSG00000128052,KDR,4,-1,55948208,ACCEPTOR,3,1,168,ENST00000263923-29
ENSG00000128052,KDR,4,-1,55948703,DONOR,13,1,172,ENST00000263923-28
ENSG00000128052,KDR,4,-1,55948802,ACCEPTOR,28,11,260,ENST00000263923-28
ENSG00000128052,KDR,4,-1,55953925,ACCEPTOR,2,1,84,ENST00000263923-27
ENSG00000128052,KDR,4,-1,55955035,DONOR,3,0,84,ENST00000263923-26
ENSG00000128052,KDR,4,-1,55955140,ACCEPTOR,1,1,73,ENST00000263923-26
ENSG00000128052,KDR,4,-1,55955541,DONOR,9,0,98,ENST00000263923-25
ENSG00000128052,KDR,4,-1,55955640,ACCEPTOR,35,20,178,ENST00000263923-25
ENSG00000128052,KDR,4,-1,55955858,DONOR,18,0,179,ENST00000263923-24
ENSG00000128052,KDR,4,-1,55956123,DONOR,3,0,116,ENST00000263923-23
ENSG00000128052,KDR,4,-1,55956245,ACCEPTOR,13,10,148,ENST00000263923-23
ENSG00000128052,KDR,4,-1,55958881,ACCEPTOR,3,2,68,ENST00000263923-22
ENSG00000128052,KDR,4,-1,55960969,DONOR,5,0,69,ENST00000263923-21
ENSG00000128052,KDR,4,-1,55961122,ACCEPTOR,10,6,125,ENST00000263923-21;ENST00000509309-3
ENSG00000128052,KDR,4,-1,55961744,DONOR,5,0,131,ENST00000263923-20;ENST00000509309-2
ENSG00000128052,KDR,4,-1,55961832,ACCEPTOR,12,8,134,ENST00000263923-20;ENST00000509309-2
ENSG00000128052,KDR,4,-1,55962396,DONOR,10,1,119,ENST00000263923-19;ENST00000509309-1
ENSG00000128052,KDR,4,-1,55963829,DONOR,7,0,127,ENST00000263923-18
ENSG00000128052,KDR,4,-1,55963933,ACCEPTOR,19,6,127,ENST00000263923-18
ENSG00000128052,KDR,4,-1,55964304,DONOR,16,0,123,ENST00000263923-17
ENSG00000128052,KDR,4,-1,55964439,ACCEPTOR,16,4,138,ENST00000263923-17
ENSG00000128052,KDR,4,-1,55964864,DONOR,6,0,127,ENST00000263923-16
ENSG00000128052,KDR,4,-1,55964970,ACCEPTOR,18,12,150,ENST00000263923-16
ENSG00000128052,KDR,4,-1,55968064,DONOR,12,0,147,ENST00000263923-15
ENSG00000128052,KDR,4,-1,55968195,ACCEPTOR,17,11,136,ENST00000263923-15
ENSG00000128052,KDR,4,-1,55968529,DONOR,9,0,149,ENST00000263923-14
ENSG00000128052,KDR,4,-1,55968675,ACCEPTOR,20,12,157,ENST00000263923-14
ENSG00000128052,KDR,4,-1,55971151,ACCEPTOR,6,0,145,ENST00000263923-13;ENST00000512566-13
ENSG00000128052,KDR,4,-1,55971999,DONOR,14,0,147,ENST00000263923-12;ENST00000512566-12
ENSG00000128052,KDR,4,-1,55972107,ACCEPTOR,3,0,167,ENST00000263923-12;ENST00000512566-12
ENSG00000128052,KDR,4,-1,55972854,DONOR,6,0,170,ENST00000263923-11;ENST00000512566-11
ENSG00000128052,KDR,4,-1,55972977,ACCEPTOR,15,8,93,ENST00000263923-11;ENST00000512566-11
ENSG00000128052,KDR,4,-1,55974060,ACCEPTOR,20,5,194,ENST00000263923-10;ENST00000512566-10
ENSG00000128052,KDR,4,-1,55976570,DONOR,12,0,189,ENST00000263923-9;ENST00000512566-9
ENSG00000128052,KDR,4,-1,55976733,ACCEPTOR,21,15,237,ENST00000263923-9;ENST00000512566-9
ENSG00000128052,KDR,4,-1,55976821,DONOR,19,4,238,ENST00000263923-8;ENST00000512566-8
ENSG00000128052,KDR,4,-1,55976935,ACCEPTOR,5,5,93,ENST00000263923-8;ENST00000512566-8
ENSG00000128052,KDR,4,-1,55979648,ACCEPTOR,5,4,191,ENST00000263923-7;ENST00000512566-7
ENSG00000128052,KDR,4,-1,55980293,DONOR,3,0,198,ENST00000263923-6;ENST00000512566-6
ENSG00000128052,KDR,4,-1,55980432,ACCEPTOR,12,3,63,ENST00000263923-6;ENST00000512566-6
ENSG00000128052,KDR,4,-1,55981041,DONOR,7,0,60,ENST00000263923-5;ENST00000512566-5
ENSG00000128052,KDR,4,-1,55981448,DONOR,5,0,168,ENST00000263923-4;ENST00000512566-4
ENSG00000128052,KDR,4,-1,55981578,ACCEPTOR,7,3,85,ENST00000263923-4;ENST00000512566-4
ENSG00000128052,KDR,4,-1,55984771,DONOR,8,0,90,ENST00000263923-3;ENST00000512566-3
ENSG00000128052,KDR,4,-1,55984967,ACCEPTOR,21,8,145,ENST00000263923-3;ENST00000512566-3
ENSG00000128052,KDR,4,-1,55987264,DONOR,21,1,149,ENST00000263923-2;ENST00000512566-2
ENSG00000128052,KDR,4,-1,55987357,ACCEPTOR,25,9,137,ENST00000263923-2;ENST00000512566-2
ENSG00000128052,KDR,4,-1,55991394,DONOR,4,0,114,ENST00000263923-1;ENST00000512566-1
ENSG00000118058,KMT2A,11,1,118307659,DONOR,29,20,361,ENST00000534358-1;ENST00000389506-1;ENST00000354520-1;ENST00000532204-1;ENST00000529852-1;ENST00000527869-1;ENST00000533790-1;ENST00000531904-1
ENSG00000118058,KMT2A,11,1,118309739,ACCEPTOR,3,0,27,ENST00000531904-2;ENST00000527869-2
ENSG00000118058,KMT2A,11,1,118309837,DONOR,2,2,94,ENST00000531904-2;ENST00000527869-2
ENSG00000118058,KMT2A,11,1,118339490,ACCEPTOR,40,6,498,ENST00000534358-2;ENST00000531904-3;ENST00000389506-2;ENST00000527869-3;ENST00000533790-2;ENST00000354520-2
ENSG00000118058,KMT2A,11,1,118339559,DONOR,65,22,925,ENST00000534358-2;ENST00000531904-3;ENST00000389506-2;ENST00000527869-3;ENST00000533790-2;ENST00000354520-2
ENSG00000118058,KMT2A,11,1,118342377,ACCEPTOR,77,1,886,ENST00000534358-3;ENST00000531904-4;ENST00000389506-3;ENST00000354520-3
ENSG00000118058,KMT2A,11,1,118345030,DONOR,62,37,639,ENST00000534358-3;ENST00000531904-4;ENST00000389506-3;ENST00000354520-3;ENST00000533790-3
ENSG00000118058,KMT2A,11,1,118347520,ACCEPTOR,42,0,631,ENST00000534358-4;ENST00000531904-5;ENST00000389506-4;ENST00000533790-4;ENST00000354520-4
ENSG00000118058,KMT2A,11,1,118347697,DONOR,66,49,1146,ENST00000534358-4;ENST00000531904-5;ENST00000389506-4;ENST00000533790-4;ENST00000354520-4
ENSG00000118058,KMT2A,11,1,118348682,ACCEPTOR,86,0,1185,ENST00000533790-5;ENST00000534358-5;ENST00000531904-6;ENST00000389506-5;ENST00000354520-5
ENSG00000118058,KMT2A,11,1,118348916,DONOR,18,0,782,ENST00000534358-5;ENST00000531904-6;ENST00000389506-5;ENST00000354520-5
ENSG00000118058,KMT2A,11,1,118350889,ACCEPTOR,27,0,779,ENST00000534358-6;ENST00000531904-7;ENST00000389506-6;ENST00000354520-6
ENSG00000118058,KMT2A,11,1,118350953,DONOR,14,0,914,ENST00000534358-6;ENST00000531904-7;ENST00000389506-6;ENST00000354520-6
ENSG00000118058,KMT2A,11,1,118352430,ACCEPTOR,33,3,879,ENST00000534358-7;ENST00000531904-8;ENST00000389506-7;ENST00000354520-7
ENSG00000118058,KMT2A,11,1,118352807,DONOR,109,70,838,ENST00000392873-1;ENST00000420751-1;ENST00000534358-7;ENST00000531904-8;ENST00000389506-7;ENST00000354520-7
ENSG00000118058,KMT2A,11,1,118353137,ACCEPTOR,49,2,723,ENST00000534358-8;ENST00000531904-9;ENST00000389506-8;ENST00000392873-2;ENST00000354520-8
ENSG00000118058,KMT2A,11,1,118353210,DONOR,81,51,598,ENST00000534358-8;ENST00000531904-9;ENST00000389506-8;ENST00000392873-2;ENST00000354520-8
ENSG00000118058,KMT2A,11,1,118354898,ACCEPTOR,91,1,751,ENST00000420751-2;ENST00000534358-9;ENST00000531904-10;ENST00000389506-9;ENST00000392873-3;ENST00000354520-9
ENSG00000118058,KMT2A,11,1,118355029,DONOR,40,0,516,ENST00000534358-9;ENST00000531904-10;ENST00000389506-9;ENST00000392873-3;ENST00000354520-9
ENSG00000118058,KMT2A,11,1,118355577,ACCEPTOR,91,0,506,ENST00000534358-10;ENST00000389506-10
ENSG00000118058,KMT2A,11,1,118355690,DONOR,54,0,665,ENST00000534358-10;ENST00000389506-10
ENSG00000118058,KMT2A,11,1,118359329,ACCEPTOR,230,6,864,ENST00000534358-11;ENST00000389506-11;ENST00000392873-4;ENST00000354520-10
ENSG00000118058,KMT2A,11,1,118359475,DONOR,21,0,753,ENST00000534358-11;ENST00000389506-11;ENST00000392873-4;ENST00000354520-10
ENSG00000118058,KMT2A,11,1,118360507,ACCEPTOR,75,2,732,ENST00000534358-12;ENST00000389506-12;ENST00000392873-5;ENST00000354520-11
ENSG00000118058,KMT2A,11,1,118360602,DONOR,22,1,454,ENST00000534358-12;ENST00000389506-12;ENST00000392873-5;ENST00000354520-11
ENSG00000118058,KMT2A,11,1,118360844,ACCEPTOR,35,3,451,ENST00000534358-13;ENST00000389506-13;ENST00000392873-6;ENST00000354520-12
ENSG00000118058,KMT2A,11,1,118360964,DONOR,103,30,636,ENST00000534358-13;ENST00000389506-13;ENST00000392873-6;ENST00000354520-12
ENSG00000118058,KMT2A,11,1,118361911,ACCEPTOR,108,2,656,ENST00000389506-14;ENST00000392873-7;ENST00000354520-13;ENST00000534358-14
ENSG00000118058,KMT2A,11,1,118362033,DONOR,51,1,148,ENST00000534358-14
ENSG00000118058,KMT2A,11,1,118362459,ACCEPTOR,110,5,816,ENST00000534358-15;ENST00000389506-15;ENST00000354520-14;ENST00000392873-8
ENSG00000118058,KMT2A,11,1,118362643,DONOR,66,31,640,ENST00000534358-15;ENST00000389506-15;ENST00000354520-14
ENSG00000118058,KMT2A,11,1,118363772,ACCEPTOR,101,1,679,ENST00000534358-16;ENST00000389506-16;ENST00000354520-15
ENSG00000118058,KMT2A,11,1,118363945,DONOR,52,0,813,ENST00000534358-16;ENST00000389506-16;ENST00000354520-15
ENSG00000118058,KMT2A,11,1,118365003,ACCEPTOR,108,1,872,ENST00000534358-17;ENST00000389506-17;ENST00000354520-16
ENSG00000118058,KMT2A,11,1,118365113,DONOR,64,1,839,ENST00000534358-17;ENST00000389506-17;ENST00000354520-16
ENSG00000118058,KMT2A,11,1,118365409,ACCEPTOR,114,0,867,ENST00000534358-18;ENST00000389506-18;ENST00000354520-17
ENSG00000118058,KMT2A,11,1,118365482,DONOR,33,3,598,ENST00000534358-18;ENST00000389506-18;ENST00000354520-17
ENSG00000118058,KMT2A,11,1,118366415,ACCEPTOR,146,0,671,ENST00000534358-19;ENST00000389506-19;ENST00000354520-18
ENSG00000118058,KMT2A,11,1,118366608,DONOR,218,52,1082,ENST00000534358-19;ENST00000389506-19;ENST00000354520-18
ENSG00000118058,KMT2A,11,1,118366976,ACCEPTOR,111,0,1060,ENST00000534358-20;ENST00000389506-20;ENST00000354520-19
ENSG00000118058,KMT2A,11,1,118367082,DONOR,268,39,965,ENST00000534358-20;ENST00000389506-20;ENST00000354520-19
ENSG00000118058,KMT2A,11,1,118368651,ACCEPTOR,95,2,756,ENST00000534358-21;ENST00000389506-21;ENST00000354520-20
ENSG00000118058,KMT2A,11,1,118368788,DONOR,30,0,600,ENST00000534358-21;ENST00000389506-21;ENST00000354520-20
ENSG00000118058,KMT2A,11,1,118369085,ACCEPTOR,53,2,603,ENST00000534358-22;ENST00000389506-22;ENST00000354520-21
ENSG00000118058,KMT2A,11,1,118369243,DONOR,23,4,224,ENST00000534358-22;ENST00000389506-22;ENST00000354520-21
ENSG00000118058,KMT2A,11,1,118370018,ACCEPTOR,23,1,239,ENST00000534358-23;ENST00000389506-23;ENST00000354520-22
ENSG00000118058,KMT2A,11,1,118370135,DONOR,64,22,407,ENST00000534358-23;ENST00000389506-23;ENST00000354520-22
ENSG00000118058,KMT2A,11,1,118370550,ACCEPTOR,53,1,446,ENST00000534358-24;ENST00000389506-24;ENST00000354520-23
ENSG00000118058,KMT2A,11,1,118370628,DONOR,97,12,510,ENST00000534358-24;ENST00000389506-24;ENST00000354520-23
ENSG00000118058,KMT2A,11,1,118371862,DONOR,20,0,1716,ENST00000534358-25;ENST00000389506-25;ENST00000354520-24;ENST00000528278-1
ENSG00000118058,KMT2A,11,1,118372387,ACCEPTOR,80,2,1746,ENST00000534358-26;ENST00000389506-26;ENST00000528278-2;ENST00000354520-25
ENSG00000118058,KMT2A,11,1,118372572,DONOR,111,48,1336,ENST00000534358-26;ENST00000389506-26;ENST00000528278-2;ENST00000354520-25
ENSG00000118058,KMT2A,11,1,118373113,ACCEPTOR,76,2,1299,ENST00000534358-27;ENST00000389506-27;ENST00000354520-26;ENST00000528278-3
ENSG00000118058,KMT2A,11,1,118377361,DONOR,62,26,575,ENST00000534358-27;ENST00000389506-27;ENST00000354520-26;ENST00000534085-1
ENSG00000118058,KMT2A,11,1,118378244,ACCEPTOR,83,0,607,ENST00000534085-2;ENST00000534358-28;ENST00000389506-28;ENST00000354520-27
ENSG00000118058,KMT2A,11,1,118379851,ACCEPTOR,69,0,651,ENST00000534358-29;ENST00000389506-29;ENST00000354520-28
ENSG00000118058,KMT2A,11,1,118379915,DONOR,41,1,423,ENST00000534358-29;ENST00000389506-29;ENST00000354520-28
ENSG00000118058,KMT2A,11,1,118380663,ACCEPTOR,19,0,360,ENST00000534358-30;ENST00000389506-30;ENST00000354520-29
ENSG00000118058,KMT2A,11,1,118380833,DONOR,65,25,647,ENST00000534678-1;ENST00000534358-30;ENST00000389506-30;ENST00000354520-29
ENSG00000118058,KMT2A,11,1,118382666,ACCEPTOR,74,0,648,ENST00000534678-2;ENST00000534358-31;ENST00000389506-31;ENST00000354520-30
ENSG00000118058,KMT2A,11,1,118390333,ACCEPTOR,7,0,381,ENST00000534358-32;ENST00000389506-32;ENST00000354520-31
ENSG00000118058,KMT2A,11,1,118390507,DONOR,80,15,451,ENST00000534358-32;ENST00000389506-32;ENST00000354520-31;ENST00000525408-1
ENSG00000118058,KMT2A,11,1,118392132,DONOR,61,22,439,ENST00000534358-35;ENST00000389506-35;ENST00000525408-4;ENST00000354520-34;ENST00000527839-1
ENSG00000118058,KMT2A,11,1,118392612,ACCEPTOR,16,0,356,ENST00000354520-35;ENST00000525408-5;ENST00000389506-36;ENST00000534358-36;ENST00000527839-2
ENSG00000134250,NOTCH2,1,-1,120459317,ACCEPTOR,85,49,1469,ENST00000256646-34
ENSG00000134250,NOTCH2,1,-1,120460288,DONOR,52,0,1492,ENST00000256646-33
ENSG00000134250,NOTCH2,1,-1,120460385,ACCEPTOR,115,59,1269,ENST00000256646-33
ENSG00000134250,NOTCH2,1,-1,120461029,DONOR,60,3,1219,ENST00000256646-32
ENSG00000134250,NOTCH2,1,-1,120461176,ACCEPTOR,119,67,808,ENST00000256646-32
ENSG00000134250,NOTCH2,1,-1,120461935,DONOR,4,0,802,ENST00000256646-31
ENSG00000134250,NOTCH2,1,-1,120462236,ACCEPTOR,64,42,660,ENST00000256646-31
ENSG00000134250,NOTCH2,1,-1,120462852,DONOR,41,0,694,ENST00000256646-30
ENSG00000134250,NOTCH2,1,-1,120463020,ACCEPTOR,101,74,1140,ENST00000256646-30
ENSG00000134250,NOTCH2,1,-1,120464336,DONOR,100,2,1149,ENST00000256646-29
ENSG00000134250,NOTCH2,1,-1,120464432,ACCEPTOR,33,3,695,ENST00000256646-29
ENSG00000134250,NOTCH2,1,-1,120464859,DONOR,56,0,707,ENST00000256646-28
ENSG00000134250,NOTCH2,1,-1,120465069,ACCEPTOR,93,0,1129,ENST00000256646-28
ENSG00000134250,NOTCH2,1,-1,120465401,ACCEPTOR,124,51,954,ENST00000493703-2;ENST00000256646-27
ENSG00000134250,NOTCH2,1,-1,120466260,DONOR,43,0,922,ENST00000256646-26;ENST00000493703-1
ENSG00000134250,NOTCH2,1,-1,120466607,ACCEPTOR,16,0,753,ENST00000256646-26
ENSG00000134250,NOTCH2,1,-1,120467928,DONOR,116,0,832,ENST00000256646-25
ENSG00000134250,NOTCH2,1,-1,120468433,ACCEPTOR,53,26,804,ENST00000256646-25
ENSG00000134250,NOTCH2,1,-1,120469122,DONOR,73,3,863,ENST00000256646-24
ENSG00000134250,NOTCH2,1,-1,120469234,ACCEPTOR,95,65,850,ENST00000256646-24
ENSG00000134250,NOTCH2,1,-1,120471599,DONOR,81,0,848,ENST00000256646-23
ENSG00000134250,NOTCH2,1,-1,120471835,ACCEPTOR,165,72,1363,ENST00000256646-23
ENSG00000134250,NOTCH2,1,-1,120478227,ACCEPTOR,87,37,1091,ENST00000256646-22;ENST00000478864-2
ENSG00000134250,NOTCH2,1,-1,120479905,DONOR,64,0,1111,ENST00000256646-21;ENST00000478864-1
ENSG00000134250,NOTCH2,1,-1,120480089,ACCEPTOR,117,21,618,ENST00000256646-21
ENSG00000134250,NOTCH2,1,-1,120480480,DONOR,112,1,610,ENST00000256646-20
ENSG00000134250,NOTCH2,1,-1,120480633,ACCEPTOR,75,34,858,ENST00000256646-20
ENSG00000134250,NOTCH2,1,-1,120483178,DONOR,31,0,852,ENST00000256646-19
ENSG00000134250,NOTCH2,1,-1,120483379,ACCEPTOR,75,34,740,ENST00000256646-19
ENSG00000134250,NOTCH2,1,-1,120484149,DONOR,33,0,765,ENST00000256646-18
ENSG00000134250,NOTCH2,1,-1,120484377,ACCEPTOR,63,0,671,ENST00000256646-18
ENSG00000134250,NOTCH2,1,-1,120491037,DONOR,154,2,792,ENST00000256646-17
ENSG00000134250,NOTCH2,1,-1,120491189,ACCEPTOR,163,54,1068,ENST00000256646-17
ENSG00000134250,NOTCH2,1,-1,120491630,DONOR,124,1,1029,ENST00000256646-16
ENSG00000134250,NOTCH2,1,-1,120491749,ACCEPTOR,229,55,1160,ENST00000256646-16
ENSG00000134250,NOTCH2,1,-1,120493460,ACCEPTOR,150,76,1293,ENST00000256646-15;ENST00000479412-14
ENSG00000134250,NOTCH2,1,-1,120496166,DONOR,116,5,1305,ENST00000256646-14;ENST00000479412-13
ENSG00000134250,NOTCH2,1,-1,120496311,ACCEPTOR,97,32,961,ENST00000256646-14;ENST00000479412-13
ENSG00000134250,NOTCH2,1,-1,120497663,DONOR,24,0,906,ENST00000256646-13;ENST00000479412-12
ENSG00000134250,NOTCH2,1,-1,120497855,ACCEPTOR,142,34,1524,ENST00000256646-13;ENST00000479412-12
ENSG00000134250,NOTCH2,1,-1,120502015,DONOR,155,3,1574,ENST00000256646-12;ENST00000479412-11
ENSG00000134250,NOTCH2,1,-1,120502125,ACCEPTOR,120,25,852,ENST00000256646-12;ENST00000479412-11
ENSG00000134250,NOTCH2,1,-1,120506197,DONOR,61,1,776,ENST00000256646-11;ENST00000479412-10
ENSG00000134250,NOTCH2,1,-1,120506430,ACCEPTOR,237,52,1472,ENST00000256646-11;ENST00000479412-10
ENSG00000134250,NOTCH2,1,-1,120508076,DONOR,219,8,1442,ENST00000256646-10;ENST00000479412-9
ENSG00000134250,NOTCH2,1,-1,120508189,ACCEPTOR,112,43,1039,ENST00000256646-10;ENST00000479412-9
ENSG00000134250,NOTCH2,1,-1,120508999,DONOR,104,2,1059,ENST00000256646-9;ENST00000479412-8
ENSG00000134250,NOTCH2,1,-1,120509112,ACCEPTOR,92,49,886,ENST00000256646-9;ENST00000479412-8
ENSG00000134250,NOTCH2,1,-1,120510056,DONOR,76,3,898,ENST00000256646-8;ENST00000479412-7
ENSG00000134250,NOTCH2,1,-1,120510244,ACCEPTOR,60,26,742,ENST00000256646-8;ENST00000479412-7
ENSG00000134250,NOTCH2,1,-1,120510700,DONOR,22,0,737,ENST00000256646-7;ENST00000479412-6
ENSG00000134250,NOTCH2,1,-1,120510855,ACCEPTOR,41,19,593,ENST00000256646-7;ENST00000479412-6
ENSG00000134250,NOTCH2,1,-1,120512134,DONOR,55,0,625,ENST00000256646-6;ENST00000479412-5
ENSG00000134250,NOTCH2,1,-1,120512367,ACCEPTOR,104,39,778,ENST00000256646-6;ENST00000479412-5
ENSG00000134250,NOTCH2,1,-1,120529583,DONOR,93,0,775,ENST00000256646-5;ENST00000479412-4
ENSG00000134250,NOTCH2,1,-1,120529705,ACCEPTOR,192,58,1231,ENST00000256646-5;ENST00000479412-4
ENSG00000134250,NOTCH2,1,-1,120539369,ACCEPTOR,1,1,66,ENST00000602566-6
ENSG00000134250,NOTCH2,1,-1,120539620,DONOR,160,1,1556,ENST00000256646-4;ENST00000479412-3;ENST00000602566-5
ENSG00000134250,NOTCH2,1,-1,120539955,ACCEPTOR,169,74,2538,ENST00000256646-4;ENST00000479412-3;ENST00000602566-5
ENSG00000134250,NOTCH2,1,-1,120548211,ACCEPTOR,40,38,14994,ENST00000489731-2;ENST00000256646-3;ENST00000479412-2;ENST00000602566-4
ENSG00000134250,NOTCH2,1,-1,120572529,DONOR,13,2,16096,ENST00000256646-2;ENST00000602566-3;ENST00000489731-1
ENSG00000134250,NOTCH2,1,-1,120572610,ACCEPTOR,48,30,1628,ENST00000256646-2;ENST00000602566-3
ENSG00000134250,NOTCH2,1,-1,120611948,DONOR,4,0,636,ENST00000256646-1;ENST00000479412-1
ENSG00000167601,AXL,19,1,41725382,DONOR,28,26,283,ENST00000359092-1;ENST00000599659-1;ENST00000301178-1
ENSG00000167601,AXL,19,1,41726541,ACCEPTOR,23,1,300,ENST00000301178-2;ENST00000359092-2;ENST00000599659-2;ENST00000594880-2
ENSG00000167601,AXL,19,1,41726763,DONOR,110,0,677,ENST00000301178-2;ENST00000359092-2;ENST00000599659-2;ENST00000594880-2
ENSG00000167601,AXL,19,1,41727051,ACCEPTOR,76,4,621,ENST00000301178-3;ENST00000359092-3;ENST00000599659-3;ENST00000594880-3
ENSG00000167601,AXL,19,1,41727151,DONOR,87,35,793,ENST00000301178-3;ENST00000359092-3;ENST00000599659-3;ENST00000594880-3
ENSG00000167601,AXL,19,1,41727785,ACCEPTOR,110,0,872,ENST00000301178-4;ENST00000359092-4;ENST00000599659-4;ENST00000594880-4
ENSG00000167601,AXL,19,1,41727961,DONOR,112,71,1202,ENST00000301178-4;ENST00000359092-4;ENST00000599659-4
ENSG00000167601,AXL,19,1,41732817,DONOR,12,1,35,ENST00000593513-1
ENSG00000167601,AXL,19,1,41736872,ACCEPTOR,94,11,1260,ENST00000301178-5;ENST00000359092-5;ENST00000599659-5;ENST00000593513-2
ENSG00000167601,AXL,19,1,41736952,DONOR,12,1,1525,ENST00000301178-5;ENST00000359092-5;ENST00000599659-5;ENST00000593513-2
ENSG00000167601,AXL,19,1,41737088,ACCEPTOR,145,4,1554,ENST00000301178-6;ENST00000359092-6;ENST00000599659-6;ENST00000593513-3
ENSG00000167601,AXL,19,1,41737203,DONOR,66,27,781,ENST00000301178-6;ENST00000359092-6;ENST00000599659-6;ENST00000593513-3
ENSG00000167601,AXL,19,1,41743849,ACCEPTOR,74,4,784,ENST00000301178-7;ENST00000359092-7;ENST00000599659-7;ENST00000593513-4
ENSG00000167601,AXL,19,1,41744059,DONOR,73,0,633,ENST00000301178-7;ENST00000359092-7;ENST00000599659-7;ENST00000593513-4
ENSG00000167601,AXL,19,1,41744375,ACCEPTOR,83,2,596,ENST00000301178-8;ENST00000359092-8;ENST00000599659-8;ENST00000593513-5
ENSG00000167601,AXL,19,1,41744514,DONOR,58,30,412,ENST00000301178-8;ENST00000359092-8;ENST00000599659-8;ENST00000593513-5
ENSG00000167601,AXL,19,1,41745069,ACCEPTOR,50,0,421,ENST00000301178-9;ENST00000359092-9;ENST00000599659-9;ENST00000593513-6
ENSG00000167601,AXL,19,1,41745219,DONOR,63,12,558,ENST00000301178-9;ENST00000359092-9;ENST00000599659-9;ENST00000593513-6
ENSG00000167601,AXL,19,1,41745599,ACCEPTOR,40,0,434,ENST00000301178-10;ENST00000599659-10;ENST00000593513-7
ENSG00000167601,AXL,19,1,41745625,DONOR,145,7,477,ENST00000301178-10;ENST00000599659-10;ENST00000593513-7
ENSG00000167601,AXL,19,1,41748788,ACCEPTOR,96,0,590,ENST00000301178-11;ENST00000359092-10;ENST00000599659-11;ENST00000593513-8
ENSG00000167601,AXL,19,1,41748920,DONOR,52,0,931,ENST00000301178-11;ENST00000359092-10;ENST00000599659-11;ENST00000593513-8
ENSG00000167601,AXL,19,1,41749521,ACCEPTOR,129,4,966,ENST00000599659-12;ENST00000301178-12;ENST00000359092-11;ENST00000593513-9
ENSG00000167601,AXL,19,1,41754419,ACCEPTOR,78,1,990,ENST00000301178-13;ENST00000359092-12;ENST00000593513-10
ENSG00000167601,AXL,19,1,41754514,DONOR,98,32,616,ENST00000301178-13;ENST00000359092-12;ENST00000593513-10
ENSG00000167601,AXL,19,1,41754648,ACCEPTOR,67,0,621,ENST00000301178-14;ENST00000359092-13;ENST00000593513-11
ENSG00000167601,AXL,19,1,41754725,DONOR,99,30,831,ENST00000301178-14;ENST00000359092-13;ENST00000593513-11
ENSG00000167601,AXL,19,1,41758256,ACCEPTOR,38,1,700,ENST00000301178-15;ENST00000359092-14;ENST00000593513-12
ENSG00000167601,AXL,19,1,41758348,DONOR,54,41,994,ENST00000301178-15;ENST00000359092-14;ENST00000593513-12
ENSG00000167601,AXL,19,1,41758751,ACCEPTOR,65,4,1009,ENST00000301178-16;ENST00000359092-15;ENST00000593513-13
ENSG00000167601,AXL,19,1,41758872,DONOR,21,0,838,ENST00000301178-16;ENST00000359092-15;ENST00000593513-13
ENSG00000167601,AXL,19,1,41759504,ACCEPTOR,42,1,822,ENST00000301178-17;ENST00000359092-16;ENST00000593513-14
ENSG00000167601,AXL,19,1,41759613,DONOR,53,33,697,ENST00000301178-17;ENST00000359092-16;ENST00000593513-14
ENSG00000167601,AXL,19,1,41762357,ACCEPTOR,37,0,710,ENST00000301178-18;ENST00000359092-17;ENST00000593513-15
ENSG00000167601,AXL,19,1,41762516,DONOR,12,0,928,ENST00000301178-18;ENST00000359092-17;ENST00000593513-15
ENSG00000167601,AXL,19,1,41763398,ACCEPTOR,53,0,928,ENST00000301178-19;ENST00000359092-18;ENST00000593513-16
ENSG00000167601,AXL,19,1,41763534,DONOR,98,26,723,ENST00000301178-19;ENST00000359092-18;ENST00000593513-16
ENSG00000167601,AXL,19,1,41765458,ACCEPTOR,12,0,686,ENST00000593513-17;ENST00000301178-20;ENST00000359092-19
ENSG00000198400,NTRK1,1,1,156785630,DONOR,35,2,68,ENST00000392302-1;ENST00000497019-1;ENST00000489021-1
ENSG00000198400,NTRK1,1,1,156807657,DONOR,1,1,5,ENST00000530298-2
ENSG00000198400,NTRK1,1,1,156811873,ACCEPTOR,6,0,22,ENST00000489021-2;ENST00000392302-2;ENST00000497019-2;ENST00000530298-3
ENSG00000198400,NTRK1,1,1,156811985,DONOR,5,0,20,ENST00000489021-2;ENST00000392302-2;ENST00000497019-2;ENST00000530298-3
ENSG00000198400,NTRK1,1,1,156834146,ACCEPTOR,4,0,17,ENST00000392302-3;ENST00000497019-3;ENST00000530298-4;ENST00000368196-2;ENST00000524377-2;ENST00000358660-2;ENST00000533630-2
ENSG00000198400,NTRK1,1,1,156834520,ACCEPTOR,1,1,10,ENST00000392302-4;ENST00000497019-4;ENST00000530298-5;ENST00000368196-3;ENST00000524377-3;ENST00000358660-3;ENST00000533630-3
ENSG00000198400,NTRK1,1,1,156836702,ACCEPTOR,3,0,14,ENST00000392302-5;ENST00000497019-5;ENST00000530298-6;ENST00000368196-4;ENST00000524377-4;ENST00000358660-4
ENSG00000198400,NTRK1,1,1,156836770,DONOR,3,0,6,ENST00000392302-5;ENST00000497019-5;ENST00000530298-6;ENST00000368196-4;ENST00000524377-4;ENST00000358660-4
ENSG00000198400,NTRK1,1,1,156838297,ACCEPTOR,3,0,8,ENST00000392302-7;ENST00000497019-7;ENST00000530298-8;ENST00000368196-6;ENST00000524377-6;ENST00000358660-6
ENSG00000198400,NTRK1,1,1,156838439,DONOR,5,0,16,ENST00000392302-7;ENST00000497019-7;ENST00000530298-8;ENST00000368196-6;ENST00000524377-6;ENST00000358660-6
ENSG00000198400,NTRK1,1,1,156841415,ACCEPTOR,5,0,15,ENST00000392302-8;ENST00000530298-9;ENST00000368196-7;ENST00000524377-7;ENST00000358660-7
ENSG00000198400,NTRK1,1,1,156843751,DONOR,3,0,25,ENST00000392302-9;ENST00000497019-8;ENST00000530298-10;ENST00000368196-8;ENST00000524377-8;ENST00000358660-8
ENSG00000198400,NTRK1,1,1,156844418,DONOR,2,2,32,ENST00000392302-10;ENST00000497019-9;ENST00000530298-11;ENST00000368196-9;ENST00000524377-10;ENST00000358660-9;ENST00000534682-1
ENSG00000198400,NTRK1,1,1,156844800,DONOR,5,0,20,ENST00000392302-11;ENST00000497019-10;ENST00000530298-12;ENST00000368196-10;ENST00000524377-11;ENST00000358660-10;ENST00000534682-2
ENSG00000198400,NTRK1,1,1,156845312,ACCEPTOR,3,0,18,ENST00000392302-12;ENST00000497019-11;ENST00000368196-11;ENST00000524377-12;ENST00000358660-11;ENST00000534682-3;ENST00000530298-13
ENSG00000198400,NTRK1,1,1,156846002,DONOR,4,0,12,ENST00000392302-13;ENST00000497019-12;ENST00000368196-12;ENST00000524377-13;ENST00000530298-13;ENST00000358660-12
ENSG00000198400,NTRK1,1,1,156849154,DONOR,6,0,20,ENST00000392302-15;ENST00000497019-14;ENST00000530298-15;ENST00000368196-14;ENST00000524377-15;ENST00000358660-14
ENSG00000198400,NTRK1,1,1,156849791,ACCEPTOR,7,0,18,ENST00000392302-16;ENST00000497019-15;ENST00000530298-16;ENST00000368196-15;ENST00000524377-16;ENST00000358660-15
ENSG00000198400,NTRK1,1,1,156849949,DONOR,7,0,12,ENST00000392302-16;ENST00000497019-15;ENST00000530298-16;ENST00000368196-15;ENST00000524377-16;ENST00000358660-15;ENST00000531606-1
ENSG00000198400,NTRK1,1,1,156851249,ACCEPTOR,4,0,6,ENST00000524377-17;ENST00000358660-16;ENST00000497019-16;ENST00000392302-17;ENST00000530298-17;ENST00000368196-16;ENST00000531606-3
ENSG00000117020,AKT3,1,-1,243651752,ACCEPTOR,44,0,57,ENST00000336199-14
ENSG00000117020,AKT3,1,-1,243663039,DONOR,38,0,132,ENST00000336199-13
ENSG00000117020,AKT3,1,-1,243663088,ACCEPTOR,271,0,478,ENST00000336199-13
ENSG00000117020,AKT3,1,-1,243668636,ACCEPTOR,61,0,737,ENST00000366539-14;ENST00000263826-13
ENSG00000117020,AKT3,1,-1,243675626,DONOR,30,11,730,ENST00000336199-12;ENST00000366540-13;ENST00000366539-13;ENST00000263826-12
ENSG00000117020,AKT3,1,-1,243675728,ACCEPTOR,37,21,700,ENST00000336199-12;ENST00000366540-13;ENST00000366539-13;ENST00000263826-12
ENSG00000117020,AKT3,1,-1,243708812,DONOR,43,0,753,ENST00000336199-11;ENST00000366540-12;ENST00000366539-12;ENST00000263826-11
ENSG00000117020,AKT3,1,-1,243708899,ACCEPTOR,71,46,636,ENST00000336199-11;ENST00000366540-12;ENST00000366539-12;ENST00000263826-11
ENSG00000117020,AKT3,1,-1,243716031,DONOR,90,0,709,ENST00000336199-10;ENST00000366540-11;ENST00000366539-11;ENST00000263826-10
ENSG00000117020,AKT3,1,-1,243716245,ACCEPTOR,58,30,574,ENST00000336199-10;ENST00000366540-11;ENST00000366539-11;ENST00000263826-10
ENSG00000117020,AKT3,1,-1,243727022,DONOR,46,0,585,ENST00000336199-9;ENST00000366540-10;ENST00000366539-10;ENST00000263826-9
ENSG00000117020,AKT3,1,-1,243727150,ACCEPTOR,126,44,867,ENST00000336199-9;ENST00000366540-10;ENST00000366539-10;ENST00000263826-9
ENSG00000117020,AKT3,1,-1,243736228,DONOR,55,2,829,ENST00000336199-8;ENST00000366540-9;ENST00000366539-9;ENST00000263826-8
ENSG00000117020,AKT3,1,-1,243736350,ACCEPTOR,88,29,649,ENST00000336199-8;ENST00000366540-9;ENST00000366539-9;ENST00000263826-8
ENSG00000117020,AKT3,1,-1,243776973,DONOR,54,3,665,ENST00000336199-7;ENST00000366540-8;ENST00000366539-8;ENST00000492957-2;ENST00000263826-7
ENSG00000117020,AKT3,1,-1,243777041,ACCEPTOR,42,18,696,ENST00000336199-7;ENST00000366540-8;ENST00000366539-8;ENST00000492957-2;ENST00000263826-7
ENSG00000117020,AKT3,1,-1,243778398,DONOR,7,0,714,ENST00000492957-1;ENST00000336199-6;ENST00000366540-7;ENST00000366539-7;ENST00000263826-6
ENSG00000117020,AKT3,1,-1,243778463,ACCEPTOR,62,29,746,ENST00000336199-6;ENST00000366540-7;ENST00000366539-7;ENST00000263826-6
ENSG00000117020,AKT3,1,-1,243800913,DONOR,76,3,769,ENST00000336199-5;ENST00000366540-6;ENST00000366539-6;ENST00000263826-5
ENSG00000117020,AKT3,1,-1,243801044,ACCEPTOR,98,65,1238,ENST00000336199-5;ENST00000366540-6;ENST00000366539-6;ENST00000263826-5
ENSG00000117020,AKT3,1,-1,243809195,DONOR,24,0,1291,ENST00000336199-4;ENST00000366540-5;ENST00000366539-5;ENST00000263826-4
ENSG00000117020,AKT3,1,-1,243809339,ACCEPTOR,113,33,1136,ENST00000552631-5;ENST00000336199-4;ENST00000366540-5;ENST00000366539-5;ENST00000263826-4
ENSG00000117020,AKT3,1,-1,243828074,DONOR,149,9,1171,ENST00000336199-3;ENST00000366540-4;ENST00000366539-4;ENST00000552631-4;ENST00000463991-3;ENST00000263826-3
ENSG00000117020,AKT3,1,-1,243828185,ACCEPTOR,26,11,1321,ENST00000336199-3;ENST00000366540-4;ENST00000366539-4;ENST00000552631-4;ENST00000463991-3;ENST00000263826-3
ENSG00000117020,AKT3,1,-1,243858893,DONOR,25,0,1322,ENST00000336199-2;ENST00000366540-3;ENST00000366539-3;ENST00000552631-3;ENST00000463991-2;ENST00000491219-1;ENST00000490018-5;ENST00000263826-2
ENSG00000117020,AKT3,1,-1,243859018,ACCEPTOR,85,36,625,ENST00000336199-2;ENST00000366540-3;ENST00000366539-3;ENST00000552631-3;ENST00000463991-2;ENST00000491219-1;ENST00000490018-5;ENST00000263826-2
ENSG00000117020,AKT3,1,-1,244006427,DONOR,96,3,654,ENST00000263826-1;ENST00000336199-1;ENST00000366540-2;ENST00000366539-2;ENST00000552631-2
ENSG00000117020,AKT3,1,-1,244006584,ACCEPTOR,68,6,411,ENST00000366540-2;ENST00000366539-2;ENST00000552631-2
ENSG00000117020,AKT3,1,-1,244006846,DONOR,56,0,79,ENST00000366540-1
ENSG00000117020,AKT3,1,-1,244013342,DONOR,12,0,155,ENST00000366539-1
ENSG00000117020,AKT3,1,-1,244014351,DONOR,3,0,90,ENST00000552631-1
ENSG00000105976,MET,7,1,116312631,DONOR,144,48,1185,ENST00000456159-1;ENST00000318493-1;ENST00000397752-1
ENSG00000105976,MET,7,1,116335804,ACCEPTOR,4,0,214,ENST00000456159-2
ENSG00000105976,MET,7,1,116335853,DONOR,11,11,396,ENST00000456159-2
ENSG00000105976,MET,7,1,116339125,ACCEPTOR,101,4,1345,ENST00000397752-2;ENST00000318493-2;ENST00000456159-3
ENSG00000105976,MET,7,1,116340338,DONOR,178,2,1381,ENST00000397752-2;ENST00000318493-2;ENST00000436117-1
ENSG00000105976,MET,7,1,116364826,ACCEPTOR,3,2,6,ENST00000495962-2
ENSG00000105976,MET,7,1,116371722,ACCEPTOR,84,3,1219,ENST00000397752-3;ENST00000318493-3;ENST00000495962-3;ENST00000436117-2
ENSG00000105976,MET,7,1,116371913,DONOR,81,36,974,ENST00000397752-3;ENST00000318493-3;ENST00000495962-3;ENST00000436117-2
ENSG00000105976,MET,7,1,116380004,ACCEPTOR,99,2,1010,ENST00000397752-4;ENST00000318493-4;ENST00000495962-4;ENST00000436117-3
ENSG00000105976,MET,7,1,116380138,DONOR,110,1,1386,ENST00000397752-4;ENST00000318493-4;ENST00000495962-4;ENST00000436117-3
ENSG00000105976,MET,7,1,116380906,ACCEPTOR,146,5,1402,ENST00000397752-5;ENST00000318493-5;ENST00000495962-5;ENST00000436117-4
ENSG00000105976,MET,7,1,116381079,DONOR,134,71,1180,ENST00000397752-5;ENST00000318493-5;ENST00000495962-5;ENST00000436117-4
ENSG00000105976,MET,7,1,116395409,ACCEPTOR,82,0,1153,ENST00000397752-6;ENST00000318493-6;ENST00000436117-5;ENST00000495962-6
ENSG00000105976,MET,7,1,116395569,DONOR,19,0,1410,ENST00000397752-6;ENST00000318493-6;ENST00000436117-5
ENSG00000105976,MET,7,1,116397491,ACCEPTOR,82,5,1529,ENST00000397752-7;ENST00000318493-7;ENST00000436117-6
ENSG00000105976,MET,7,1,116397593,DONOR,86,63,1394,ENST00000397752-7;ENST00000318493-7;ENST00000436117-6
ENSG00000105976,MET,7,1,116397692,ACCEPTOR,59,1,1402,ENST00000397752-8;ENST00000318493-8;ENST00000436117-7
ENSG00000105976,MET,7,1,116397828,DONOR,15,1,1691,ENST00000397752-8;ENST00000318493-8;ENST00000436117-7
ENSG00000105976,MET,7,1,116398513,ACCEPTOR,106,0,1777,ENST00000397752-9;ENST00000318493-9;ENST00000436117-8
ENSG00000105976,MET,7,1,116398674,DONOR,50,7,1729,ENST00000397752-9;ENST00000318493-9;ENST00000436117-8;ENST00000422097-1
ENSG00000105976,MET,7,1,116399391,ACCEPTOR,145,0,190,ENST00000318493-10
ENSG00000105976,MET,7,1,116399544,DONOR,170,50,1463,ENST00000318493-10;ENST00000397752-10;ENST00000422097-2
ENSG00000105976,MET,7,1,116403104,ACCEPTOR,221,2,1595,ENST00000397752-11;ENST00000318493-11;ENST00000422097-3;ENST00000436117-9
ENSG00000105976,MET,7,1,116403322,DONOR,381,37,1543,ENST00000397752-11;ENST00000318493-11;ENST00000422097-3
ENSG00000105976,MET,7,1,116409699,ACCEPTOR,89,3,1217,ENST00000422097-4;ENST00000397752-12;ENST00000318493-12
ENSG00000105976,MET,7,1,116411552,ACCEPTOR,90,2,1395,ENST00000397752-13;ENST00000318493-13;ENST00000454623-2
ENSG00000105976,MET,7,1,116411708,DONOR,9,0,2139,ENST00000397752-13;ENST00000318493-13;ENST00000454623-2
ENSG00000105976,MET,7,1,116411903,ACCEPTOR,119,8,1919,ENST00000397752-14;ENST00000318493-14
ENSG00000105976,MET,7,1,116412043,DONOR,26,3,1548,ENST00000397752-14;ENST00000318493-14
ENSG00000105976,MET,7,1,116414935,ACCEPTOR,85,5,1834,ENST00000454623-3;ENST00000397752-15;ENST00000318493-15
ENSG00000105976,MET,7,1,116415165,DONOR,195,57,1332,ENST00000397752-15;ENST00000318493-15
ENSG00000105976,MET,7,1,116417443,ACCEPTOR,85,3,1250,ENST00000397752-16;ENST00000318493-16;ENST00000539704-2
ENSG00000105976,MET,7,1,116417523,DONOR,85,52,1180,ENST00000397752-16;ENST00000318493-16;ENST00000539704-2
ENSG00000105976,MET,7,1,116418830,ACCEPTOR,54,0,1215,ENST00000397752-17;ENST00000318493-17;ENST00000539704-3
ENSG00000105976,MET,7,1,116419011,DONOR,38,0,683,ENST00000397752-17;ENST00000318493-17;ENST00000539704-3
ENSG00000105976,MET,7,1,116422042,ACCEPTOR,26,1,622,ENST00000397752-18;ENST00000318493-18;ENST00000539704-4
ENSG00000105976,MET,7,1,116422151,DONOR,128,49,1107,ENST00000397752-18;ENST00000318493-18;ENST00000539704-4
ENSG00000105976,MET,7,1,116423358,ACCEPTOR,86,0,1105,ENST00000397752-19;ENST00000318493-19;ENST00000539704-5
ENSG00000105976,MET,7,1,116423523,DONOR,35,0,1092,ENST00000397752-19;ENST00000318493-19;ENST00000539704-5
ENSG00000105976,MET,7,1,116435709,ACCEPTOR,76,4,1146,ENST00000397752-20;ENST00000318493-20;ENST00000539704-6
ENSG00000105976,MET,7,1,116435845,DONOR,98,81,1546,ENST00000397752-20;ENST00000318493-20;ENST00000539704-6
ENSG00000105976,MET,7,1,116435941,ACCEPTOR,9,0,1539,ENST00000539704-7;ENST00000397752-21;ENST00000318493-21
ENSG00000157764,BRAF,7,-1,140426316,ACCEPTOR,5,3,180,ENST00000496384-10
ENSG00000157764,BRAF,7,-1,140439612,DONOR,69,3,492,ENST00000496384-8;ENST00000288602-17;ENST00000479537-5;ENST00000497784-18
ENSG00000157764,BRAF,7,-1,140439746,ACCEPTOR,22,11,218,ENST00000496384-8;ENST00000288602-17;ENST00000479537-5;ENST00000497784-18
ENSG00000157764,BRAF,7,-1,140449087,DONOR,36,1,233,ENST00000496384-7;ENST00000288602-16;ENST00000479537-3;ENST00000497784-17
ENSG00000157764,BRAF,7,-1,140449218,ACCEPTOR,19,6,207,ENST00000496384-7;ENST00000288602-16;ENST00000479537-3;ENST00000497784-17
ENSG00000157764,BRAF,7,-1,140453075,DONOR,41,1,230,ENST00000496384-6;ENST00000288602-15;ENST00000479537-2;ENST00000497784-16
ENSG00000157764,BRAF,7,-1,140453193,ACCEPTOR,3,0,213,ENST00000496384-6;ENST00000288602-15;ENST00000479537-2;ENST00000497784-16
ENSG00000157764,BRAF,7,-1,140453987,DONOR,29,1,228,ENST00000496384-5;ENST00000288602-14;ENST00000497784-15;ENST00000479537-1
ENSG00000157764,BRAF,7,-1,140454033,ACCEPTOR,9,0,426,ENST00000496384-5;ENST00000288602-14;ENST00000497784-15
ENSG00000157764,BRAF,7,-1,140476712,DONOR,77,0,480,ENST00000496384-4;ENST00000288602-13;ENST00000497784-14
ENSG00000157764,BRAF,7,-1,140476888,ACCEPTOR,42,12,519,ENST00000496384-4;ENST00000288602-13;ENST00000497784-14
ENSG00000157764,BRAF,7,-1,140477791,DONOR,33,1,515,ENST00000496384-3;ENST00000288602-12;ENST00000497784-13
ENSG00000157764,BRAF,7,-1,140477875,ACCEPTOR,54,24,481,ENST00000496384-3;ENST00000288602-12;ENST00000497784-13
ENSG00000157764,BRAF,7,-1,140481376,DONOR,69,6,483,ENST00000496384-2;ENST00000288602-11;ENST00000497784-12
ENSG00000157764,BRAF,7,-1,140481493,ACCEPTOR,53,22,660,ENST00000496384-2;ENST00000288602-11;ENST00000497784-12
ENSG00000157764,BRAF,7,-1,140482821,DONOR,28,0,647,ENST00000496384-1;ENST00000288602-10;ENST00000497784-11
ENSG00000157764,BRAF,7,-1,140482957,ACCEPTOR,131,27,860,ENST00000496384-1;ENST00000288602-10;ENST00000497784-11
ENSG00000157764,BRAF,7,-1,140487348,DONOR,21,0,734,ENST00000288602-9;ENST00000497784-10
ENSG00000157764,BRAF,7,-1,140487384,ACCEPTOR,9,0,694,ENST00000288602-9;ENST00000497784-10
ENSG00000157764,BRAF,7,-1,140494108,DONOR,78,1,734,ENST00000288602-8;ENST00000497784-9
ENSG00000157764,BRAF,7,-1,140494267,ACCEPTOR,149,29,1025,ENST00000288602-8;ENST00000497784-9
ENSG00000157764,BRAF,7,-1,140500162,DONOR,168,8,975,ENST00000288602-7;ENST00000497784-8
ENSG00000157764,BRAF,7,-1,140500281,ACCEPTOR,59,0,771,ENST00000288602-7;ENST00000497784-8
ENSG00000157764,BRAF,7,-1,140501212,DONOR,61,0,790,ENST00000288602-6;ENST00000497784-7
ENSG00000157764,BRAF,7,-1,140501360,ACCEPTOR,11,0,420,ENST00000288602-6;ENST00000497784-7
ENSG00000157764,BRAF,7,-1,140507760,DONOR,18,1,415,ENST00000288602-5;ENST00000497784-6
ENSG00000157764,BRAF,7,-1,140507862,ACCEPTOR,73,15,410,ENST00000288602-5;ENST00000497784-6
ENSG00000157764,BRAF,7,-1,140508116,ACCEPTOR,2,1,34,ENST00000497784-5
ENSG00000157764,BRAF,7,-1,140508692,DONOR,58,2,423,ENST00000288602-4;ENST00000497784-4
ENSG00000157764,BRAF,7,-1,140508795,ACCEPTOR,81,12,522,ENST00000288602-4;ENST00000497784-4
ENSG00000157764,BRAF,7,-1,140534672,ACCEPTOR,35,25,481,ENST00000469930-3;ENST00000288602-3;ENST00000497784-3
ENSG00000157764,BRAF,7,-1,140549911,DONOR,44,1,499,ENST00000288602-2;ENST00000497784-2;ENST00000469930-2
ENSG00000157764,BRAF,7,-1,140550012,ACCEPTOR,91,17,318,ENST00000288602-2;ENST00000497784-2;ENST00000469930-2
ENSG00000157764,BRAF,7,-1,140624366,DONOR,40,1,238,ENST00000497784-1;ENST00000469930-1;ENST00000288602-1
ENSG00000113721,PDGFRB,5,-1,149495509,ACCEPTOR,285,167,3370,ENST00000520579-23;ENST00000261799-23
ENSG00000113721,PDGFRB,5,-1,149497181,DONOR,19,0,3352,ENST00000261799-22;ENST00000520579-22
ENSG00000113721,PDGFRB,5,-1,149497413,ACCEPTOR,178,104,2298,ENST00000261799-22;ENST00000520579-22
ENSG00000113721,PDGFRB,5,-1,149498310,DONOR,57,0,2351,ENST00000261799-21;ENST00000520579-21
ENSG00000113721,PDGFRB,5,-1,149498415,ACCEPTOR,118,11,1681,ENST00000261799-21;ENST00000520579-21
ENSG00000113721,PDGFRB,5,-1,149499030,DONOR,88,6,1689,ENST00000261799-20;ENST00000520579-20;ENST00000519575-6
ENSG00000113721,PDGFRB,5,-1,149499129,ACCEPTOR,291,151,2562,ENST00000261799-20;ENST00000520579-20;ENST00000519575-6
ENSG00000113721,PDGFRB,5,-1,149499575,DONOR,261,4,2639,ENST00000261799-19;ENST00000520579-19;ENST00000519575-5
ENSG00000113721,PDGFRB,5,-1,149499686,ACCEPTOR,105,5,1844,ENST00000261799-19;ENST00000520579-19;ENST00000519575-5
ENSG00000113721,PDGFRB,5,-1,149500451,DONOR,103,1,1819,ENST00000261799-18;ENST00000520579-18;ENST00000519575-4
ENSG00000113721,PDGFRB,5,-1,149500573,ACCEPTOR,196,2,1877,ENST00000521723-4;ENST00000261799-18;ENST00000520579-18;ENST00000519575-4
ENSG00000113721,PDGFRB,5,-1,149500767,DONOR,93,9,1738,ENST00000261799-17;ENST00000520579-17;ENST00000519575-3;ENST00000521723-3
ENSG00000113721,PDGFRB,5,-1,149500885,ACCEPTOR,180,135,2602,ENST00000261799-17;ENST00000520579-17;ENST00000519575-3;ENST00000521723-3
ENSG00000113721,PDGFRB,5,-1,149501443,DONOR,74,0,2757,ENST00000261799-16;ENST00000520579-16;ENST00000521723-2;ENST00000519575-2
ENSG00000113721,PDGFRB,5,-1,149501632,ACCEPTOR,80,3,149,ENST00000519575-2
ENSG00000113721,PDGFRB,5,-1,149501698,DONOR,5,0,21,ENST00000519575-1
ENSG00000113721,PDGFRB,5,-1,149502605,DONOR,41,0,3211,ENST00000261799-15;ENST00000520579-15
ENSG00000113721,PDGFRB,5,-1,149502764,ACCEPTOR,684,204,4060,ENST00000261799-15;ENST00000520579-15
ENSG00000113721,PDGFRB,5,-1,149503813,DONOR,30,0,3974,ENST00000261799-14;ENST00000520579-14
ENSG00000113721,PDGFRB,5,-1,149504394,ACCEPTOR,73,40,691,ENST00000520229-2;ENST00000261799-13;ENST00000520579-13
ENSG00000113721,PDGFRB,5,-1,149505008,DONOR,71,1,727,ENST00000520229-1;ENST00000261799-12;ENST00000520579-12
ENSG00000113721,PDGFRB,5,-1,149505140,ACCEPTOR,411,108,2414,ENST00000261799-12;ENST00000520579-12
ENSG00000113721,PDGFRB,5,-1,149506083,DONOR,528,15,2875,ENST00000261799-11;ENST00000520579-11
ENSG00000113721,PDGFRB,5,-1,149506177,ACCEPTOR,204,7,2397,ENST00000261799-11;ENST00000520579-11
ENSG00000113721,PDGFRB,5,-1,149509320,DONOR,754,0,2799,ENST00000261799-10;ENST00000520579-10
ENSG00000113721,PDGFRB,5,-1,149509531,ACCEPTOR,243,101,1984,ENST00000261799-10;ENST00000520579-10
ENSG00000113721,PDGFRB,5,-1,149510102,DONOR,264,9,1998,ENST00000261799-9;ENST00000520579-9
ENSG00000113721,PDGFRB,5,-1,149510225,ACCEPTOR,252,123,1719,ENST00000261799-9;ENST00000520579-9
ENSG00000113721,PDGFRB,5,-1,149511542,DONOR,544,41,2331,ENST00000261799-8;ENST00000520579-8
ENSG00000113721,PDGFRB,5,-1,149511657,ACCEPTOR,102,51,1438,ENST00000261799-8;ENST00000520579-8
ENSG00000113721,PDGFRB,5,-1,149512313,DONOR,233,2,1651,ENST00000261799-7;ENST00000520579-7
ENSG00000113721,PDGFRB,5,-1,149512505,ACCEPTOR,215,90,1853,ENST00000261799-7;ENST00000520579-7
ENSG00000113721,PDGFRB,5,-1,149513149,DONOR,117,1,1848,ENST00000261799-6;ENST00000520579-6
ENSG00000113721,PDGFRB,5,-1,149513323,ACCEPTOR,82,1,1972,ENST00000261799-6;ENST00000520579-6;ENST00000522466-2
ENSG00000113721,PDGFRB,5,-1,149513444,DONOR,75,0,1965,ENST00000261799-5;ENST00000520579-5;ENST00000522466-1
ENSG00000113721,PDGFRB,5,-1,149514279,DONOR,226,0,325,ENST00000520579-4
ENSG00000113721,PDGFRB,5,-1,149514579,ACCEPTOR,248,132,3404,ENST00000517957-4;ENST00000520579-4;ENST00000261799-4;ENST00000517488-3
ENSG00000113721,PDGFRB,5,-1,149515118,DONOR,49,0,3408,ENST00000261799-3;ENST00000520579-3;ENST00000517488-2;ENST00000517957-3
ENSG00000113721,PDGFRB,5,-1,149515441,ACCEPTOR,244,68,2991,ENST00000261799-3;ENST00000520579-3;ENST00000517488-2;ENST00000517957-3
ENSG00000113721,PDGFRB,5,-1,149516571,DONOR,87,2,2358,ENST00000261799-2;ENST00000520579-2;ENST00000517957-2
ENSG00000113721,PDGFRB,5,-1,149516616,ACCEPTOR,112,63,2195,ENST00000261799-2;ENST00000520579-2;ENST00000517957-2
ENSG00000113721,PDGFRB,5,-1,149533520,ACCEPTOR,2,2,166,ENST00000523456-2
ENSG00000113721,PDGFRB,5,-1,149534960,DONOR,212,1,2830,ENST00000523456-1;ENST00000261799-1;ENST00000517660-1;ENST00000517488-1;ENST00000520579-1
ENSG00000160867,FGFR4,5,1,176516551,ACCEPTOR,6,0,55,ENST00000292408-2;ENST00000503708-2;ENST00000393648-2;ENST00000502906-2;ENST00000510911-3;ENST00000507708-2;ENST00000513166-2;ENST00000292410-2
ENSG00000160867,FGFR4,5,1,176517654,DONOR,6,0,100,ENST00000292408-3;ENST00000503708-3;ENST00000393648-3;ENST00000502906-3;ENST00000393637-2;ENST00000430285-3;ENST00000426612-2;ENST00000509511-2;ENST00000292410-3
ENSG00000160867,FGFR4,5,1,176517746,ACCEPTOR,19,0,110,ENST00000292408-4;ENST00000503708-4;ENST00000393648-4;ENST00000502906-4;ENST00000393637-3;ENST00000430285-4;ENST00000509511-3;ENST00000292410-4;ENST00000426612-3
ENSG00000160867,FGFR4,5,1,176518105,DONOR,9,2,47,ENST00000292408-5;ENST00000503708-5;ENST00000393648-5;ENST00000502906-5;ENST00000393637-4;ENST00000430285-5;ENST00000509511-4;ENST00000292410-5
ENSG00000160867,FGFR4,5,1,176518686,ACCEPTOR,7,0,43,ENST00000292408-6;ENST00000393648-6;ENST00000502906-6;ENST00000393637-5;ENST00000509511-5;ENST00000292410-6
ENSG00000160867,FGFR4,5,1,176519512,DONOR,4,0,39,ENST00000292408-7;ENST00000393648-7;ENST00000502906-7;ENST00000393637-6;ENST00000509511-6;ENST00000508139-2;ENST00000292410-7
ENSG00000160867,FGFR4,5,1,176519647,ACCEPTOR,3,1,36,ENST00000509511-7;ENST00000292408-8;ENST00000393648-8;ENST00000502906-8;ENST00000393637-7;ENST00000508139-3;ENST00000292410-8
ENSG00000160867,FGFR4,5,1,176520139,ACCEPTOR,15,1,55,ENST00000393648-9;ENST00000508139-4;ENST00000292408-9;ENST00000502906-9
ENSG00000160867,FGFR4,5,1,176520655,ACCEPTOR,4,0,44,ENST00000292408-11;ENST00000393648-11;ENST00000502906-11;ENST00000393637-9;ENST00000511076-3;ENST00000292410-10
ENSG00000160867,FGFR4,5,1,176520776,DONOR,5,0,64,ENST00000292408-11;ENST00000393648-11;ENST00000502906-11;ENST00000393637-9;ENST00000511076-3;ENST00000292410-10
ENSG00000160867,FGFR4,5,1,176522441,DONOR,10,6,79,ENST00000292408-12;ENST00000393648-12;ENST00000502906-12;ENST00000393637-10;ENST00000511076-4;ENST00000292410-11;ENST00000483872-1
ENSG00000160867,FGFR4,5,1,176522534,ACCEPTOR,9,0,77,ENST00000483872-2;ENST00000292408-13;ENST00000393648-13;ENST00000502906-13;ENST00000393637-11;ENST00000511076-5;ENST00000292410-12
ENSG00000160867,FGFR4,5,1,176522724,DONOR,14,1,46,ENST00000292408-13;ENST00000393648-13;ENST00000502906-13;ENST00000393637-11;ENST00000511076-5;ENST00000292410-12
ENSG00000160867,FGFR4,5,1,176523058,ACCEPTOR,9,0,38,ENST00000292408-14;ENST00000393648-14;ENST00000502906-14;ENST00000393637-12;ENST00000511076-6;ENST00000292410-13
ENSG00000160867,FGFR4,5,1,176523180,DONOR,8,3,59,ENST00000292408-14;ENST00000393648-14;ENST00000502906-14;ENST00000393637-12;ENST00000511076-6;ENST00000292410-13
ENSG00000160867,FGFR4,5,1,176523742,DONOR,5,2,41,ENST00000292408-16;ENST00000393648-16;ENST00000502906-16;ENST00000393637-14;ENST00000292410-15
ENSG00000160867,FGFR4,5,1,176523605,ACCEPTOR,1,1,38,ENST00000292408-16;ENST00000393648-16;ENST00000502906-16;ENST00000393637-14;ENST00000292410-15
ENSG00000160867,FGFR4,5,1,176524398,DONOR,3,0,101,ENST00000292408-17;ENST00000393648-17;ENST00000502906-17;ENST00000393637-15;ENST00000292410-16;ENST00000513423-1
ENSG00000160867,FGFR4,5,1,176524528,ACCEPTOR,11,0,102,ENST00000393637-16;ENST00000292408-18;ENST00000513423-2;ENST00000502906-18;ENST00000393648-18;ENST00000292410-17
ENSG00000134954,ETS1,11,-1,128332471,ACCEPTOR,213,87,2378,ENST00000531611-7;ENST00000319397-8;ENST00000530924-2;ENST00000392668-10;ENST00000345075-7;ENST00000535549-4;ENST00000526145-7
ENSG00000134954,ETS1,11,-1,128333404,DONOR,212,9,2039,ENST00000392668-9;ENST00000526145-6;ENST00000319397-7;ENST00000535549-3;ENST00000345075-6;ENST00000530924-1
ENSG00000134954,ETS1,11,-1,128350086,DONOR,203,0,1008,ENST00000392668-8;ENST00000319397-6;ENST00000535549-2
ENSG00000134954,ETS1,11,-1,128350346,ACCEPTOR,281,68,1960,ENST00000531611-6;ENST00000392668-8;ENST00000319397-6;ENST00000535549-2
ENSG00000134954,ETS1,11,-1,128354714,DONOR,98,0,154,ENST00000345075-5
ENSG00000134954,ETS1,11,-1,128354966,ACCEPTOR,211,0,2343,ENST00000345075-5;ENST00000392668-7;ENST00000526145-5;ENST00000531611-5;ENST00000319397-5
ENSG00000134954,ETS1,11,-1,128355964,DONOR,343,8,2574,ENST00000392668-6;ENST00000526145-4;ENST00000531611-4;ENST00000319397-4;ENST00000345075-4
ENSG00000134954,ETS1,11,-1,128356041,ACCEPTOR,352,107,2046,ENST00000392668-6;ENST00000526145-4;ENST00000531611-4;ENST00000319397-4;ENST00000345075-4
ENSG00000134954,ETS1,11,-1,128359185,DONOR,122,0,1709,ENST00000392668-5;ENST00000526145-3;ENST00000531611-3;ENST00000319397-3;ENST00000345075-3
ENSG00000134954,ETS1,11,-1,128359385,ACCEPTOR,145,35,992,ENST00000392668-5;ENST00000526145-3;ENST00000531611-3;ENST00000319397-3;ENST00000345075-3;ENST00000608978-3
ENSG00000134954,ETS1,11,-1,128360352,DONOR,85,0,979,ENST00000392668-4;ENST00000526145-2;ENST00000531611-2;ENST00000319397-2;ENST00000608978-2;ENST00000345075-2
ENSG00000134954,ETS1,11,-1,128360471,ACCEPTOR,244,79,2203,ENST00000392668-4;ENST00000526145-2;ENST00000531611-2;ENST00000319397-2;ENST00000608978-2;ENST00000345075-2
ENSG00000134954,ETS1,11,-1,128391808,DONOR,199,0,1970,ENST00000531611-1;ENST00000319397-1;ENST00000526145-1;ENST00000345075-1;ENST00000535549-1
ENSG00000134954,ETS1,11,-1,128426186,DONOR,27,1,209,ENST00000392668-3;ENST00000525404-3
ENSG00000134954,ETS1,11,-1,128426330,ACCEPTOR,10,6,96,ENST00000392668-3;ENST00000525404-3
ENSG00000134954,ETS1,11,-1,128442957,DONOR,12,1,108,ENST00000392668-2;ENST00000525404-2;ENST00000527676-2
ENSG00000134954,ETS1,11,-1,128443039,ACCEPTOR,6,1,71,ENST00000392668-2;ENST00000525404-2;ENST00000527676-2
ENSG00000134954,ETS1,11,-1,128457381,DONOR,14,0,22,ENST00000527676-1
ENSG00000151702,FLI1,11,1,128563038,DONOR,1,1,6,ENST00000527767-1
ENSG00000151702,FLI1,11,1,128564171,DONOR,69,25,459,ENST00000429175-1;ENST00000527786-1;ENST00000534087-1
ENSG00000151702,FLI1,11,1,128618132,ACCEPTOR,15,0,91,ENST00000534087-2
ENSG00000151702,FLI1,11,1,128618185,DONOR,37,0,71,ENST00000534087-2
ENSG00000151702,FLI1,11,1,128628010,ACCEPTOR,28,0,509,ENST00000608303-2;ENST00000527767-2;ENST00000527786-2;ENST00000429175-2;ENST00000534087-3;ENST00000344954-2;ENST00000525560-2
ENSG00000151702,FLI1,11,1,128628221,DONOR,53,13,606,ENST00000608303-2;ENST00000527767-2;ENST00000527786-2;ENST00000429175-2;ENST00000534087-3;ENST00000344954-2;ENST00000525560-2;ENST00000608055-1
ENSG00000151702,FLI1,11,1,128634546,ACCEPTOR,5,0,10,ENST00000429175-3
ENSG00000151702,FLI1,11,1,128634716,DONOR,9,0,53,ENST00000281428-1;ENST00000429175-3
ENSG00000151702,FLI1,11,1,128638013,ACCEPTOR,18,1,543,ENST00000527767-3;ENST00000527786-3;ENST00000429175-4;ENST00000534087-4;ENST00000344954-3;ENST00000281428-2;ENST00000608055-2
ENSG00000151702,FLI1,11,1,128642677,ACCEPTOR,52,0,445,ENST00000527767-4;ENST00000527786-4;ENST00000429175-5;ENST00000534087-5;ENST00000344954-4;ENST00000281428-3
ENSG00000151702,FLI1,11,1,128642880,DONOR,131,31,699,ENST00000527786-4;ENST00000429175-5;ENST00000534087-5;ENST00000344954-4;ENST00000281428-3
ENSG00000151702,FLI1,11,1,128651853,ACCEPTOR,116,0,840,ENST00000608303-3;ENST00000527786-5;ENST00000429175-6;ENST00000534087-6;ENST00000344954-5;ENST00000525560-3;ENST00000281428-4
ENSG00000151702,FLI1,11,1,128651918,DONOR,136,7,572,ENST00000608303-3;ENST00000527786-5;ENST00000429175-6;ENST00000534087-6;ENST00000344954-5;ENST00000525560-3;ENST00000281428-4
ENSG00000151702,FLI1,11,1,128677134,DONOR,45,1,290,ENST00000608303-5;ENST00000527786-7;ENST00000429175-8;ENST00000534087-8;ENST00000344954-7;ENST00000525560-5;ENST00000281428-6
ENSG00000151702,FLI1,11,1,128679052,ACCEPTOR,15,2,284,ENST00000608303-6;ENST00000527786-8;ENST00000429175-9;ENST00000534087-9;ENST00000528790-2;ENST00000344954-8;ENST00000525560-6;ENST00000281428-7
ENSG00000151702,FLI1,11,1,128679099,DONOR,18,8,228,ENST00000608303-6;ENST00000527786-8;ENST00000429175-9;ENST00000534087-9;ENST00000528790-2;ENST00000344954-8;ENST00000525560-6;ENST00000281428-7
ENSG00000151702,FLI1,11,1,128680354,ACCEPTOR,8,0,215,ENST00000527786-9;ENST00000534087-10;ENST00000344954-9;ENST00000281428-8;ENST00000525560-7;ENST00000608303-7;ENST00000528790-3;ENST00000429175-10
